[  0.012] gtk: display=wayland-1 renderer=default
[  0.012] build: begin
[  0.013] portal: proxy ready, handshake (cached token: yes)
[  0.016] portal: CreateSession ok
[  0.016] portal: SelectSources
[  0.046] portal: Start returned {'streams': [(124, {'source_type': 1, 'size': (3440, 1440), 'position': (0, 0)})], 'source_type': 1, 'restore_token': '<restore-token-redacted>'}
[  0.046] portal: Start returned a restore_token (SAME as the one sent), cached
[  0.048] portal: handshake done in 35ms
[  0.048] portal: fd=9 node=124
[  0.111] mic: id=36 serial=2562 name=proto133mic class=Audio/Sink
[  0.111] deskaudio: following the default sink (no target-object)
[  0.111] pipeline: glvideomixer name=mix background=black ! video/x-raw(memory:GLMemory),width=2560,height=1440,framerate=60/1 ! tee name=t ! queue max-size-buffers=6 ! valve name=vvalve ! queue max-size-buffers=6 ! nvh264enc bitrate=50000 rc-mode=cbr gop-size=120 ! h264parse ! queue ! isofmp4mux name=mux fragment-duration=500000000 header-update-mode=rewrite write-mehd=true ! filesink name=sink location=/tmp/p135-meter.mp4 videotestsrc pattern=ball is-live=true ! video/x-raw,width=1024,height=576,framerate=50/1 ! videoconvert ! glupload ! glcolorconvert ! video/x-raw(memory:GLMemory),format=RGBA ! mix.sink_1  pipewiresrc name=mic target-object=2562 do-timestamp=true ! audio/x-raw,channels=2 ! queue max-size-time=200000000 ! valve name=micvalve ! level name=miclevel post-messages=true interval=100000000 ! audioconvert ! audioresample ! tee name=mict  pipewiresrc name=desk do-timestamp=true stream-properties="props,stream.capture.sink=true" ! audio/x-raw,channels=2 ! queue max-size-time=200000000 ! valve name=deskvalve ! level name=desklevel post-messages=true interval=100000000 ! audioconvert ! audioresample ! tee name=deskt  audiomixer name=amix latency=100000000 start-time-selection=first ! level name=mixlevel post-messages=true interval=100000000 ! valve name=mixvalve ! audioconvert ! audioresample ! avenc_aac name=mixaac bitrate=192000 ! aacparse ! queue ! mux.sink_1  mict. ! queue max-size-time=400000000 max-size-buffers=0 max-size-bytes=0 ! amix.sink_0  deskt. ! queue max-size-time=400000000 max-size-buffers=0 max-size-bytes=0 ! amix.sink_1  mict. ! queue ! avenc_aac name=rawmicaac bitrate=192000 ! aacparse ! queue ! mux.sink_2  deskt. ! queue ! avenc_aac name=rawdeskaac bitrate=192000 ! aacparse ! queue ! mux.sink_3  t. ! queue max-size-buffers=2 leaky=downstream ! videorate drop-only=true max-rate=15 ! glcolorconvert ! glcolorscale ! video/x-raw(memory:GLMemory),format=RGBA,width=440,height=248 ! gtk4paintablesink name=preview sync=false 
[  1.054] LAYOUT 2
[  1.054] excision probe on mixaac
[  1.054] excision probe on rawmicaac
[  1.054] excision probe on rawdeskaac
[  1.055] pinned the pipeline to GstSystemClock
[  1.188] preview: window presented
[  1.191] alert: window created (mode=mapped)
[  1.192] registry watch: pw-mon running
[  1.303] LIVE  camera: first buffer
[  1.305] LIVE  screen: first buffer
[  1.326] LIVE  deskaudio: first buffer
[  1.331] LIVE  mic: first buffer
[  1.355] vvalve out #1: pts=0 dts=18446744073709551615 dur=16666666
[  1.356] preview: first frame, caps=video/x-raw(memory:GLMemory), format=(string)RGBA, width=(int)440, height=(int)248, framerate=(fraction)15/1, interlace-mode=(string)progressive, pixel-aspect-ratio=(fraction)1/1, texture-target=(string)2D
[  1.360] vvalve out #2: pts=16666666 dts=18446744073709551615 dur=16666667
[  1.360] vvalve out #3: pts=33333333 dts=18446744073709551615 dur=16666667
[  1.366] vvalve out #4: pts=50000000 dts=18446744073709551615 dur=16666666
[  1.388] vvalve out #5: pts=66666666 dts=18446744073709551615 dur=16666667
[  2.192] pipeline clock: GstSystemClock (SystemClock)
[  2.192] rt=  0.89s mux_pts=  0.85s frames=52 screen=29 camera=45 mic=21 deskaudio=21 paused=False
[  3.192] rt=  1.89s mux_pts=  1.85s frames=112 screen=59 camera=95 mic=44 deskaudio=44 paused=False
[  4.192] rt=  2.89s mux_pts=  2.85s frames=172 screen=89 camera=145 mic=68 deskaudio=68 paused=False
[  5.192] EVENT grim=out/meter-live.png
[  5.192]   $ grim -o DP-3 out/meter-live.png
[  5.397] rt=  4.10s mux_pts=  4.05s frames=244 screen=120 camera=205 mic=96 deskaudio=96 paused=False
[  6.397] rt=  5.10s mux_pts=  5.07s frames=305 screen=151 camera=255 mic=119 deskaudio=119 paused=False
[  7.397] rt=  6.10s mux_pts=  6.08s frames=366 screen=182 camera=305 mic=143 deskaudio=143 paused=False
[  8.192] EVENT sh=./mickill.sh
[  8.192]   $ ./mickill.sh
[  8.450] rt=  7.15s mux_pts=  7.10s frames=427 screen=206 camera=358 mic=166 deskaudio=167 paused=False
[  8.452] DEAD  mic: pipewire registry removed node 36 (last buffer 82ms ago)
[  8.452] PAUSE at running-time 7.154s
[  8.580] WAIT  mic: no node matching 'proto133mic' yet - nothing to retry
[  9.450] rt=  8.15s mux_pts=  7.12s frames=428 screen=236 camera=408 mic=166 deskaudio=191 paused=True
[ 10.192] EVENT grim=out/meter-dead.png
[ 10.192]   $ grim -o DP-3 out/meter-dead.png
[ 10.450] rt=  9.15s mux_pts=  7.12s frames=428 screen=259 camera=458 mic=166 deskaudio=214 paused=True
[ 11.450] rt= 10.15s mux_pts=  7.12s frames=428 screen=288 camera=508 mic=166 deskaudio=238 paused=True
[ 12.450] rt= 11.15s mux_pts=  7.12s frames=428 screen=316 camera=558 mic=166 deskaudio=261 paused=True
[ 13.192] EVENT sh=./micstart.sh
[ 13.192]   $ ./micstart.sh
[ 13.450] rt= 12.15s mux_pts=  7.12s frames=428 screen=341 camera=608 mic=166 deskaudio=285 paused=True
[ 13.695] RECOVER mic: attempt 1
[ 13.776]   dropped stream-start from the replacement source
[ 13.785]   dropped stream-start from the replacement source
[ 13.785]   dropped stream-start from the replacement source
[ 13.785]   dropped stream-start from the replacement source
[ 13.785]   dropped stream-start from the replacement source
[ 13.785] mic: swapped source in 90.5ms (NULL 1.2ms/success, configure 78.7ms, link ok) {'serial': 2632, 'old_serial': 2562, 'node_id': 46}
[ 13.799]   dropped stream-start from the replacement source
[ 13.799]   dropped stream-start from the replacement source
[ 13.799]   dropped stream-start from the replacement source
[ 13.799]   dropped stream-start from the replacement source
[ 13.799]   dropped stream-start from the replacement source
[ 13.799]   dropped segment from the replacement source
[ 13.799]   dropped stream-start from the replacement source
[ 13.799]   dropped stream-start from the replacement source
[ 13.799]   dropped segment from the replacement source
[ 13.799]   dropped stream-start from the replacement source
[ 13.799]   dropped stream-start from the replacement source
[ 13.799]   dropped segment from the replacement source
[ 13.799]   dropped stream-start from the replacement source
[ 13.799]   dropped stream-start from the replacement source
[ 13.799]   dropped segment from the replacement source
[ 13.835] BACK  mic: data flowing again (5383ms dead, 1 recovery attempt(s))
[ 13.842]   dropped stream-start from the replacement source
[ 13.842]   dropped stream-start from the replacement source
[ 13.842]   dropped segment from the replacement source
[ 13.842]   dropped stream-start from the replacement source
[ 13.842]   dropped stream-start from the replacement source
[ 13.842]   dropped segment from the replacement source
[ 13.842]   dropped stream-start from the replacement source
[ 13.842]   dropped stream-start from the replacement source
[ 13.842]   dropped segment from the replacement source
[ 13.884]   dropped stream-start from the replacement source
[ 13.884]   dropped stream-start from the replacement source
[ 13.884]   dropped segment from the replacement source
[ 13.884]   dropped stream-start from the replacement source
[ 13.884]   dropped stream-start from the replacement source
[ 13.884]   dropped segment from the replacement source
[ 13.885]   dropped stream-start from the replacement source
[ 13.885]   dropped stream-start from the replacement source
[ 13.885]   dropped segment from the replacement source
[ 13.927]   dropped stream-start from the replacement source
[ 13.927]   dropped stream-start from the replacement source
[ 13.927]   dropped segment from the replacement source
[ 13.927]   dropped stream-start from the replacement source
[ 13.927]   dropped stream-start from the replacement source
[ 13.927]   dropped segment from the replacement source
[ 13.927]   dropped stream-start from the replacement source
[ 13.927]   dropped stream-start from the replacement source
[ 13.927]   dropped segment from the replacement source
[ 13.970]   dropped stream-start from the replacement source
[ 13.970]   dropped stream-start from the replacement source
[ 13.970]   dropped segment from the replacement source
[ 13.970]   dropped stream-start from the replacement source
[ 13.970]   dropped stream-start from the replacement source
[ 13.970]   dropped segment from the replacement source
[ 13.970]   dropped stream-start from the replacement source
[ 13.970]   dropped stream-start from the replacement source
[ 13.970]   dropped segment from the replacement source
[ 14.012]   dropped stream-start from the replacement source
[ 14.012]   dropped stream-start from the replacement source
[ 14.012]   dropped segment from the replacement source
[ 14.012]   dropped stream-start from the replacement source
[ 14.012]   dropped stream-start from the replacement source
[ 14.013]   dropped segment from the replacement source
[ 14.013]   dropped stream-start from the replacement source
[ 14.013]   dropped stream-start from the replacement source
[ 14.013]   dropped segment from the replacement source
[ 14.055]   dropped stream-start from the replacement source
[ 14.055]   dropped stream-start from the replacement source
[ 14.055]   dropped segment from the replacement source
[ 14.055]   dropped stream-start from the replacement source
[ 14.055]   dropped stream-start from the replacement source
[ 14.055]   dropped segment from the replacement source
[ 14.055]   dropped stream-start from the replacement source
[ 14.055]   dropped stream-start from the replacement source
[ 14.055]   dropped segment from the replacement source
[ 14.098]   dropped stream-start from the replacement source
[ 14.098]   dropped stream-start from the replacement source
[ 14.098]   dropped segment from the replacement source
[ 14.098]   dropped stream-start from the replacement source
[ 14.098]   dropped stream-start from the replacement source
[ 14.098]   dropped segment from the replacement source
[ 14.098]   dropped stream-start from the replacement source
[ 14.098]   dropped stream-start from the replacement source
[ 14.098]   dropped segment from the replacement source
[ 14.140]   dropped stream-start from the replacement source
[ 14.140]   dropped stream-start from the replacement source
[ 14.140]   dropped segment from the replacement source
[ 14.140]   dropped stream-start from the replacement source
[ 14.140]   dropped stream-start from the replacement source
[ 14.141]   dropped segment from the replacement source
[ 14.141]   dropped stream-start from the replacement source
[ 14.141]   dropped stream-start from the replacement source
[ 14.141]   dropped segment from the replacement source
[ 14.169] RESUME after 5.717s (total excised 5.717s, mode=rewrite)
[ 14.183]   dropped stream-start from the replacement source
[ 14.183]   dropped stream-start from the replacement source
[ 14.183]   dropped segment from the replacement source
[ 14.183]   dropped stream-start from the replacement source
[ 14.183]   dropped stream-start from the replacement source
[ 14.183]   dropped segment from the replacement source
[ 14.183]   dropped stream-start from the replacement source
[ 14.183]   dropped stream-start from the replacement source
[ 14.183]   dropped segment from the replacement source
[ 14.184]   dropped stream-start from the replacement source
[ 14.184]   dropped stream-start from the replacement source
[ 14.184]   dropped segment from the replacement source
[ 14.226]   dropped stream-start from the replacement source
[ 14.226]   dropped stream-start from the replacement source
[ 14.226]   dropped segment from the replacement source
[ 14.226]   dropped stream-start from the replacement source
[ 14.226]   dropped stream-start from the replacement source
[ 14.226]   dropped segment from the replacement source
[ 14.226]   dropped stream-start from the replacement source
[ 14.226]   dropped stream-start from the replacement source
[ 14.226]   dropped segment from the replacement source
[ 14.268]   dropped stream-start from the replacement source
[ 14.268]   dropped stream-start from the replacement source
[ 14.268]   dropped segment from the replacement source
[ 14.268]   dropped stream-start from the replacement source
[ 14.268]   dropped stream-start from the replacement source
[ 14.269]   dropped segment from the replacement source
[ 14.269]   dropped stream-start from the replacement source
[ 14.269]   dropped stream-start from the replacement source
[ 14.269]   dropped segment from the replacement source
[ 14.311]   dropped stream-start from the replacement source
[ 14.311]   dropped stream-start from the replacement source
[ 14.311]   dropped segment from the replacement source
[ 14.311]   dropped stream-start from the replacement source
[ 14.311]   dropped stream-start from the replacement source
[ 14.311]   dropped segment from the replacement source
[ 14.311]   dropped stream-start from the replacement source
[ 14.311]   dropped stream-start from the replacement source
[ 14.311]   dropped segment from the replacement source
[ 14.354]   dropped stream-start from the replacement source
[ 14.354]   dropped stream-start from the replacement source
[ 14.354]   dropped segment from the replacement source
[ 14.354]   dropped stream-start from the replacement source
[ 14.354]   dropped stream-start from the replacement source
[ 14.354]   dropped segment from the replacement source
[ 14.354]   dropped stream-start from the replacement source
[ 14.354]   dropped stream-start from the replacement source
[ 14.354]   dropped segment from the replacement source
[ 14.396]   dropped stream-start from the replacement source
[ 14.396]   dropped stream-start from the replacement source
[ 14.396]   dropped segment from the replacement source
[ 14.396]   dropped stream-start from the replacement source
[ 14.396]   dropped stream-start from the replacement source
[ 14.397]   dropped segment from the replacement source
[ 14.397]   dropped stream-start from the replacement source
[ 14.397]   dropped stream-start from the replacement source
[ 14.397]   dropped segment from the replacement source
[ 14.439]   dropped stream-start from the replacement source
[ 14.439]   dropped stream-start from the replacement source
[ 14.439]   dropped segment from the replacement source
[ 14.439]   dropped stream-start from the replacement source
[ 14.439]   dropped stream-start from the replacement source
[ 14.439]   dropped segment from the replacement source
[ 14.439]   dropped stream-start from the replacement source
[ 14.439]   dropped stream-start from the replacement source
[ 14.439]   dropped segment from the replacement source
[ 14.450] rt= 13.15s mux_pts=  7.38s frames=443 screen=367 camera=658 mic=182 deskaudio=308 paused=False
[ 14.482]   dropped stream-start from the replacement source
[ 14.482]   dropped stream-start from the replacement source
[ 14.482]   dropped segment from the replacement source
[ 14.482]   dropped stream-start from the replacement source
[ 14.482]   dropped stream-start from the replacement source
[ 14.482]   dropped segment from the replacement source
[ 14.482]   dropped stream-start from the replacement source
[ 14.482]   dropped stream-start from the replacement source
[ 14.482]   dropped segment from the replacement source
[ 14.524]   dropped stream-start from the replacement source
[ 14.524]   dropped stream-start from the replacement source
[ 14.524]   dropped segment from the replacement source
[ 14.524]   dropped stream-start from the replacement source
[ 14.525]   dropped stream-start from the replacement source
[ 14.525]   dropped segment from the replacement source
[ 14.525]   dropped stream-start from the replacement source
[ 14.525]   dropped stream-start from the replacement source
[ 14.525]   dropped segment from the replacement source
[ 14.567]   dropped stream-start from the replacement source
[ 14.567]   dropped stream-start from the replacement source
[ 14.567]   dropped segment from the replacement source
[ 14.567]   dropped stream-start from the replacement source
[ 14.567]   dropped stream-start from the replacement source
[ 14.567]   dropped segment from the replacement source
[ 14.567]   dropped stream-start from the replacement source
[ 14.567]   dropped stream-start from the replacement source
[ 14.567]   dropped segment from the replacement source
[ 14.610]   dropped stream-start from the replacement source
[ 14.610]   dropped stream-start from the replacement source
[ 14.610]   dropped segment from the replacement source
[ 14.610]   dropped stream-start from the replacement source
[ 14.610]   dropped stream-start from the replacement source
[ 14.610]   dropped segment from the replacement source
[ 14.610]   dropped stream-start from the replacement source
[ 14.610]   dropped stream-start from the replacement source
[ 14.610]   dropped segment from the replacement source
[ 14.652]   dropped stream-start from the replacement source
[ 14.652]   dropped stream-start from the replacement source
[ 14.652]   dropped segment from the replacement source
[ 14.652]   dropped stream-start from the replacement source
[ 14.653]   dropped stream-start from the replacement source
[ 14.653]   dropped segment from the replacement source
[ 14.653]   dropped stream-start from the replacement source
[ 14.653]   dropped stream-start from the replacement source
[ 14.653]   dropped segment from the replacement source
[ 14.695]   dropped stream-start from the replacement source
[ 14.695]   dropped stream-start from the replacement source
[ 14.695]   dropped segment from the replacement source
[ 14.695]   dropped stream-start from the replacement source
[ 14.695]   dropped stream-start from the replacement source
[ 14.695]   dropped segment from the replacement source
[ 14.695]   dropped stream-start from the replacement source
[ 14.695]   dropped stream-start from the replacement source
[ 14.695]   dropped segment from the replacement source
[ 14.738]   dropped stream-start from the replacement source
[ 14.738]   dropped stream-start from the replacement source
[ 14.738]   dropped segment from the replacement source
[ 14.738]   dropped stream-start from the replacement source
[ 14.738]   dropped stream-start from the replacement source
[ 14.738]   dropped segment from the replacement source
[ 14.738]   dropped stream-start from the replacement source
[ 14.738]   dropped stream-start from the replacement source
[ 14.738]   dropped segment from the replacement source
[ 14.780]   dropped stream-start from the replacement source
[ 14.780]   dropped stream-start from the replacement source
[ 14.780]   dropped segment from the replacement source
[ 14.780]   dropped stream-start from the replacement source
[ 14.781]   dropped stream-start from the replacement source
[ 14.781]   dropped segment from the replacement source
[ 14.781]   dropped stream-start from the replacement source
[ 14.781]   dropped stream-start from the replacement source
[ 14.781]   dropped segment from the replacement source
[ 14.823]   dropped stream-start from the replacement source
[ 14.823]   dropped stream-start from the replacement source
[ 14.823]   dropped segment from the replacement source
[ 14.823]   dropped stream-start from the replacement source
[ 14.823]   dropped stream-start from the replacement source
[ 14.823]   dropped segment from the replacement source
[ 14.823]   dropped stream-start from the replacement source
[ 14.823]   dropped stream-start from the replacement source
[ 14.823]   dropped segment from the replacement source
[ 14.866]   dropped stream-start from the replacement source
[ 14.866]   dropped stream-start from the replacement source
[ 14.866]   dropped segment from the replacement source
[ 14.866]   dropped stream-start from the replacement source
[ 14.866]   dropped stream-start from the replacement source
[ 14.866]   dropped segment from the replacement source
[ 14.866]   dropped stream-start from the replacement source
[ 14.866]   dropped stream-start from the replacement source
[ 14.866]   dropped segment from the replacement source
[ 14.908]   dropped stream-start from the replacement source
[ 14.908]   dropped stream-start from the replacement source
[ 14.908]   dropped segment from the replacement source
[ 14.909]   dropped stream-start from the replacement source
[ 14.909]   dropped stream-start from the replacement source
[ 14.909]   dropped segment from the replacement source
[ 14.909]   dropped stream-start from the replacement source
[ 14.909]   dropped stream-start from the replacement source
[ 14.909]   dropped segment from the replacement source
[ 14.951]   dropped stream-start from the replacement source
[ 14.951]   dropped stream-start from the replacement source
[ 14.951]   dropped segment from the replacement source
[ 14.951]   dropped stream-start from the replacement source
[ 14.951]   dropped stream-start from the replacement source
[ 14.951]   dropped segment from the replacement source
[ 14.951]   dropped stream-start from the replacement source
[ 14.951]   dropped stream-start from the replacement source
[ 14.951]   dropped segment from the replacement source
[ 14.994]   dropped stream-start from the replacement source
[ 14.994]   dropped stream-start from the replacement source
[ 14.994]   dropped segment from the replacement source
[ 14.994]   dropped stream-start from the replacement source
[ 14.994]   dropped stream-start from the replacement source
[ 14.994]   dropped segment from the replacement source
[ 14.994]   dropped stream-start from the replacement source
[ 14.994]   dropped stream-start from the replacement source
[ 14.994]   dropped segment from the replacement source
[ 15.036]   dropped stream-start from the replacement source
[ 15.036]   dropped stream-start from the replacement source
[ 15.036]   dropped segment from the replacement source
[ 15.036]   dropped stream-start from the replacement source
[ 15.036]   dropped stream-start from the replacement source
[ 15.037]   dropped segment from the replacement source
[ 15.037]   dropped stream-start from the replacement source
[ 15.037]   dropped stream-start from the replacement source
[ 15.037]   dropped segment from the replacement source
[ 15.079]   dropped stream-start from the replacement source
[ 15.079]   dropped stream-start from the replacement source
[ 15.079]   dropped segment from the replacement source
[ 15.079]   dropped stream-start from the replacement source
[ 15.079]   dropped stream-start from the replacement source
[ 15.079]   dropped segment from the replacement source
[ 15.079]   dropped stream-start from the replacement source
[ 15.079]   dropped stream-start from the replacement source
[ 15.079]   dropped segment from the replacement source
[ 15.122]   dropped stream-start from the replacement source
[ 15.122]   dropped stream-start from the replacement source
[ 15.122]   dropped segment from the replacement source
[ 15.122]   dropped stream-start from the replacement source
[ 15.122]   dropped stream-start from the replacement source
[ 15.122]   dropped segment from the replacement source
[ 15.122]   dropped stream-start from the replacement source
[ 15.122]   dropped stream-start from the replacement source
[ 15.122]   dropped segment from the replacement source
[ 15.164]   dropped stream-start from the replacement source
[ 15.164]   dropped stream-start from the replacement source
[ 15.164]   dropped segment from the replacement source
[ 15.164]   dropped stream-start from the replacement source
[ 15.164]   dropped stream-start from the replacement source
[ 15.165]   dropped segment from the replacement source
[ 15.165]   dropped stream-start from the replacement source
[ 15.165]   dropped stream-start from the replacement source
[ 15.165]   dropped segment from the replacement source
[ 15.207]   dropped stream-start from the replacement source
[ 15.207]   dropped stream-start from the replacement source
[ 15.207]   dropped segment from the replacement source
[ 15.207]   dropped stream-start from the replacement source
[ 15.207]   dropped stream-start from the replacement source
[ 15.207]   dropped segment from the replacement source
[ 15.207]   dropped stream-start from the replacement source
[ 15.207]   dropped stream-start from the replacement source
[ 15.207]   dropped segment from the replacement source
[ 15.250]   dropped stream-start from the replacement source
[ 15.250]   dropped stream-start from the replacement source
[ 15.250]   dropped segment from the replacement source
[ 15.250]   dropped stream-start from the replacement source
[ 15.250]   dropped stream-start from the replacement source
[ 15.250]   dropped segment from the replacement source
[ 15.250]   dropped stream-start from the replacement source
[ 15.250]   dropped stream-start from the replacement source
[ 15.250]   dropped segment from the replacement source
[ 15.292]   dropped stream-start from the replacement source
[ 15.292]   dropped stream-start from the replacement source
[ 15.292]   dropped segment from the replacement source
[ 15.292]   dropped stream-start from the replacement source
[ 15.293]   dropped stream-start from the replacement source
[ 15.293]   dropped segment from the replacement source
[ 15.293]   dropped stream-start from the replacement source
[ 15.293]   dropped stream-start from the replacement source
[ 15.293]   dropped segment from the replacement source
[ 15.335]   dropped stream-start from the replacement source
[ 15.335]   dropped stream-start from the replacement source
[ 15.335]   dropped segment from the replacement source
[ 15.335]   dropped stream-start from the replacement source
[ 15.335]   dropped stream-start from the replacement source
[ 15.335]   dropped segment from the replacement source
[ 15.335]   dropped stream-start from the replacement source
[ 15.335]   dropped stream-start from the replacement source
[ 15.335]   dropped segment from the replacement source
[ 15.378]   dropped stream-start from the replacement source
[ 15.378]   dropped stream-start from the replacement source
[ 15.378]   dropped segment from the replacement source
[ 15.378]   dropped stream-start from the replacement source
[ 15.378]   dropped stream-start from the replacement source
[ 15.378]   dropped segment from the replacement source
[ 15.378]   dropped stream-start from the replacement source
[ 15.378]   dropped stream-start from the replacement source
[ 15.378]   dropped segment from the replacement source
[ 15.420]   dropped stream-start from the replacement source
[ 15.420]   dropped stream-start from the replacement source
[ 15.420]   dropped segment from the replacement source
[ 15.420]   dropped stream-start from the replacement source
[ 15.420]   dropped stream-start from the replacement source
[ 15.421]   dropped segment from the replacement source
[ 15.421]   dropped stream-start from the replacement source
[ 15.421]   dropped stream-start from the replacement source
[ 15.421]   dropped segment from the replacement source
[ 15.450] rt= 14.15s mux_pts=  8.42s frames=505 screen=398 camera=708 mic=205 deskaudio=332 paused=False
[ 15.463]   dropped stream-start from the replacement source
[ 15.463]   dropped stream-start from the replacement source
[ 15.463]   dropped segment from the replacement source
[ 15.463]   dropped stream-start from the replacement source
[ 15.463]   dropped stream-start from the replacement source
[ 15.463]   dropped segment from the replacement source
[ 15.463]   dropped stream-start from the replacement source
[ 15.463]   dropped stream-start from the replacement source
[ 15.463]   dropped segment from the replacement source
[ 15.506]   dropped stream-start from the replacement source
[ 15.506]   dropped stream-start from the replacement source
[ 15.506]   dropped segment from the replacement source
[ 15.506]   dropped stream-start from the replacement source
[ 15.506]   dropped stream-start from the replacement source
[ 15.506]   dropped segment from the replacement source
[ 15.506]   dropped stream-start from the replacement source
[ 15.506]   dropped stream-start from the replacement source
[ 15.506]   dropped segment from the replacement source
[ 15.548]   dropped stream-start from the replacement source
[ 15.548]   dropped stream-start from the replacement source
[ 15.548]   dropped segment from the replacement source
[ 15.548]   dropped stream-start from the replacement source
[ 15.548]   dropped stream-start from the replacement source
[ 15.549]   dropped segment from the replacement source
[ 15.549]   dropped stream-start from the replacement source
[ 15.549]   dropped stream-start from the replacement source
[ 15.549]   dropped segment from the replacement source
[ 15.591]   dropped stream-start from the replacement source
[ 15.591]   dropped stream-start from the replacement source
[ 15.591]   dropped segment from the replacement source
[ 15.591]   dropped stream-start from the replacement source
[ 15.591]   dropped stream-start from the replacement source
[ 15.591]   dropped segment from the replacement source
[ 15.591]   dropped stream-start from the replacement source
[ 15.591]   dropped stream-start from the replacement source
[ 15.591]   dropped segment from the replacement source
[ 15.634]   dropped stream-start from the replacement source
[ 15.634]   dropped stream-start from the replacement source
[ 15.634]   dropped segment from the replacement source
[ 15.634]   dropped stream-start from the replacement source
[ 15.634]   dropped stream-start from the replacement source
[ 15.634]   dropped segment from the replacement source
[ 15.634]   dropped stream-start from the replacement source
[ 15.634]   dropped stream-start from the replacement source
[ 15.634]   dropped segment from the replacement source
[ 15.676]   dropped stream-start from the replacement source
[ 15.676]   dropped stream-start from the replacement source
[ 15.676]   dropped segment from the replacement source
[ 15.676]   dropped stream-start from the replacement source
[ 15.676]   dropped stream-start from the replacement source
[ 15.677]   dropped segment from the replacement source
[ 15.677]   dropped stream-start from the replacement source
[ 15.677]   dropped stream-start from the replacement source
[ 15.677]   dropped segment from the replacement source
[ 15.719]   dropped stream-start from the replacement source
[ 15.719]   dropped stream-start from the replacement source
[ 15.719]   dropped segment from the replacement source
[ 15.719]   dropped stream-start from the replacement source
[ 15.719]   dropped stream-start from the replacement source
[ 15.719]   dropped segment from the replacement source
[ 15.719]   dropped stream-start from the replacement source
[ 15.719]   dropped stream-start from the replacement source
[ 15.719]   dropped segment from the replacement source
[ 15.762]   dropped stream-start from the replacement source
[ 15.762]   dropped stream-start from the replacement source
[ 15.762]   dropped segment from the replacement source
[ 15.762]   dropped stream-start from the replacement source
[ 15.762]   dropped stream-start from the replacement source
[ 15.762]   dropped segment from the replacement source
[ 15.762]   dropped stream-start from the replacement source
[ 15.762]   dropped stream-start from the replacement source
[ 15.762]   dropped segment from the replacement source
[ 15.804]   dropped stream-start from the replacement source
[ 15.804]   dropped stream-start from the replacement source
[ 15.804]   dropped segment from the replacement source
[ 15.804]   dropped stream-start from the replacement source
[ 15.804]   dropped stream-start from the replacement source
[ 15.805]   dropped segment from the replacement source
[ 15.805]   dropped stream-start from the replacement source
[ 15.805]   dropped stream-start from the replacement source
[ 15.805]   dropped segment from the replacement source
[ 15.847]   dropped stream-start from the replacement source
[ 15.847]   dropped stream-start from the replacement source
[ 15.847]   dropped segment from the replacement source
[ 15.847]   dropped stream-start from the replacement source
[ 15.847]   dropped stream-start from the replacement source
[ 15.847]   dropped segment from the replacement source
[ 15.847]   dropped stream-start from the replacement source
[ 15.847]   dropped stream-start from the replacement source
[ 15.847]   dropped segment from the replacement source
[ 15.890]   dropped stream-start from the replacement source
[ 15.890]   dropped stream-start from the replacement source
[ 15.890]   dropped segment from the replacement source
[ 15.890]   dropped stream-start from the replacement source
[ 15.890]   dropped stream-start from the replacement source
[ 15.890]   dropped segment from the replacement source
[ 15.890]   dropped stream-start from the replacement source
[ 15.890]   dropped stream-start from the replacement source
[ 15.890]   dropped segment from the replacement source
[ 15.932]   dropped stream-start from the replacement source
[ 15.932]   dropped stream-start from the replacement source
[ 15.932]   dropped segment from the replacement source
[ 15.932]   dropped stream-start from the replacement source
[ 15.932]   dropped stream-start from the replacement source
[ 15.933]   dropped segment from the replacement source
[ 15.933]   dropped stream-start from the replacement source
[ 15.933]   dropped stream-start from the replacement source
[ 15.933]   dropped segment from the replacement source
[ 15.975]   dropped stream-start from the replacement source
[ 15.975]   dropped stream-start from the replacement source
[ 15.975]   dropped segment from the replacement source
[ 15.975]   dropped stream-start from the replacement source
[ 15.975]   dropped stream-start from the replacement source
[ 15.975]   dropped segment from the replacement source
[ 15.975]   dropped stream-start from the replacement source
[ 15.975]   dropped stream-start from the replacement source
[ 15.975]   dropped segment from the replacement source
[ 16.018]   dropped stream-start from the replacement source
[ 16.018]   dropped stream-start from the replacement source
[ 16.018]   dropped segment from the replacement source
[ 16.018]   dropped stream-start from the replacement source
[ 16.018]   dropped stream-start from the replacement source
[ 16.018]   dropped segment from the replacement source
[ 16.018]   dropped stream-start from the replacement source
[ 16.018]   dropped stream-start from the replacement source
[ 16.018]   dropped segment from the replacement source
[ 16.060]   dropped stream-start from the replacement source
[ 16.060]   dropped stream-start from the replacement source
[ 16.060]   dropped segment from the replacement source
[ 16.060]   dropped stream-start from the replacement source
[ 16.060]   dropped stream-start from the replacement source
[ 16.061]   dropped segment from the replacement source
[ 16.061]   dropped stream-start from the replacement source
[ 16.061]   dropped stream-start from the replacement source
[ 16.061]   dropped segment from the replacement source
[ 16.103]   dropped stream-start from the replacement source
[ 16.103]   dropped stream-start from the replacement source
[ 16.103]   dropped segment from the replacement source
[ 16.103]   dropped stream-start from the replacement source
[ 16.103]   dropped stream-start from the replacement source
[ 16.103]   dropped segment from the replacement source
[ 16.103]   dropped stream-start from the replacement source
[ 16.103]   dropped stream-start from the replacement source
[ 16.103]   dropped segment from the replacement source
[ 16.146]   dropped stream-start from the replacement source
[ 16.146]   dropped stream-start from the replacement source
[ 16.146]   dropped segment from the replacement source
[ 16.146]   dropped stream-start from the replacement source
[ 16.146]   dropped stream-start from the replacement source
[ 16.146]   dropped segment from the replacement source
[ 16.146]   dropped stream-start from the replacement source
[ 16.146]   dropped stream-start from the replacement source
[ 16.146]   dropped segment from the replacement source
[ 16.188]   dropped stream-start from the replacement source
[ 16.188]   dropped stream-start from the replacement source
[ 16.188]   dropped segment from the replacement source
[ 16.188]   dropped stream-start from the replacement source
[ 16.188]   dropped stream-start from the replacement source
[ 16.188]   dropped segment from the replacement source
[ 16.189]   dropped stream-start from the replacement source
[ 16.189]   dropped stream-start from the replacement source
[ 16.189]   dropped segment from the replacement source
[ 16.231]   dropped stream-start from the replacement source
[ 16.231]   dropped stream-start from the replacement source
[ 16.231]   dropped segment from the replacement source
[ 16.231]   dropped stream-start from the replacement source
[ 16.231]   dropped stream-start from the replacement source
[ 16.231]   dropped segment from the replacement source
[ 16.231]   dropped stream-start from the replacement source
[ 16.231]   dropped stream-start from the replacement source
[ 16.231]   dropped segment from the replacement source
[ 16.274]   dropped stream-start from the replacement source
[ 16.274]   dropped stream-start from the replacement source
[ 16.274]   dropped segment from the replacement source
[ 16.274]   dropped stream-start from the replacement source
[ 16.274]   dropped stream-start from the replacement source
[ 16.274]   dropped segment from the replacement source
[ 16.274]   dropped stream-start from the replacement source
[ 16.274]   dropped stream-start from the replacement source
[ 16.274]   dropped segment from the replacement source
[ 16.316]   dropped stream-start from the replacement source
[ 16.316]   dropped stream-start from the replacement source
[ 16.316]   dropped segment from the replacement source
[ 16.316]   dropped stream-start from the replacement source
[ 16.317]   dropped stream-start from the replacement source
[ 16.317]   dropped segment from the replacement source
[ 16.317]   dropped stream-start from the replacement source
[ 16.317]   dropped stream-start from the replacement source
[ 16.317]   dropped segment from the replacement source
[ 16.359]   dropped stream-start from the replacement source
[ 16.359]   dropped stream-start from the replacement source
[ 16.359]   dropped segment from the replacement source
[ 16.359]   dropped stream-start from the replacement source
[ 16.359]   dropped stream-start from the replacement source
[ 16.359]   dropped segment from the replacement source
[ 16.359]   dropped stream-start from the replacement source
[ 16.359]   dropped stream-start from the replacement source
[ 16.359]   dropped segment from the replacement source
[ 16.402]   dropped stream-start from the replacement source
[ 16.402]   dropped stream-start from the replacement source
[ 16.402]   dropped segment from the replacement source
[ 16.402]   dropped stream-start from the replacement source
[ 16.402]   dropped stream-start from the replacement source
[ 16.402]   dropped segment from the replacement source
[ 16.402]   dropped stream-start from the replacement source
[ 16.402]   dropped stream-start from the replacement source
[ 16.402]   dropped segment from the replacement source
[ 16.444]   dropped stream-start from the replacement source
[ 16.444]   dropped stream-start from the replacement source
[ 16.444]   dropped segment from the replacement source
[ 16.444]   dropped stream-start from the replacement source
[ 16.444]   dropped stream-start from the replacement source
[ 16.445]   dropped segment from the replacement source
[ 16.445]   dropped stream-start from the replacement source
[ 16.445]   dropped stream-start from the replacement source
[ 16.445]   dropped segment from the replacement source
[ 16.450] rt= 15.15s mux_pts=  9.40s frames=564 screen=427 camera=758 mic=229 deskaudio=355 paused=False
[ 16.487]   dropped stream-start from the replacement source
[ 16.487]   dropped stream-start from the replacement source
[ 16.487]   dropped segment from the replacement source
[ 16.487]   dropped stream-start from the replacement source
[ 16.487]   dropped stream-start from the replacement source
[ 16.487]   dropped segment from the replacement source
[ 16.487]   dropped stream-start from the replacement source
[ 16.487]   dropped stream-start from the replacement source
[ 16.487]   dropped segment from the replacement source
[ 16.530]   dropped stream-start from the replacement source
[ 16.530]   dropped stream-start from the replacement source
[ 16.530]   dropped segment from the replacement source
[ 16.530]   dropped stream-start from the replacement source
[ 16.530]   dropped stream-start from the replacement source
[ 16.530]   dropped segment from the replacement source
[ 16.530]   dropped stream-start from the replacement source
[ 16.530]   dropped stream-start from the replacement source
[ 16.530]   dropped segment from the replacement source
[ 16.572]   dropped stream-start from the replacement source
[ 16.572]   dropped stream-start from the replacement source
[ 16.572]   dropped segment from the replacement source
[ 16.572]   dropped stream-start from the replacement source
[ 16.573]   dropped stream-start from the replacement source
[ 16.573]   dropped segment from the replacement source
[ 16.573]   dropped stream-start from the replacement source
[ 16.573]   dropped stream-start from the replacement source
[ 16.573]   dropped segment from the replacement source
[ 16.615]   dropped stream-start from the replacement source
[ 16.615]   dropped stream-start from the replacement source
[ 16.615]   dropped segment from the replacement source
[ 16.615]   dropped stream-start from the replacement source
[ 16.615]   dropped stream-start from the replacement source
[ 16.615]   dropped segment from the replacement source
[ 16.615]   dropped stream-start from the replacement source
[ 16.615]   dropped stream-start from the replacement source
[ 16.615]   dropped segment from the replacement source
[ 16.658]   dropped stream-start from the replacement source
[ 16.658]   dropped stream-start from the replacement source
[ 16.658]   dropped segment from the replacement source
[ 16.658]   dropped stream-start from the replacement source
[ 16.658]   dropped stream-start from the replacement source
[ 16.658]   dropped segment from the replacement source
[ 16.658]   dropped stream-start from the replacement source
[ 16.658]   dropped stream-start from the replacement source
[ 16.658]   dropped segment from the replacement source
[ 16.700]   dropped stream-start from the replacement source
[ 16.700]   dropped stream-start from the replacement source
[ 16.700]   dropped segment from the replacement source
[ 16.700]   dropped stream-start from the replacement source
[ 16.700]   dropped stream-start from the replacement source
[ 16.701]   dropped segment from the replacement source
[ 16.701]   dropped stream-start from the replacement source
[ 16.701]   dropped stream-start from the replacement source
[ 16.701]   dropped segment from the replacement source
[ 16.743]   dropped stream-start from the replacement source
[ 16.743]   dropped stream-start from the replacement source
[ 16.743]   dropped segment from the replacement source
[ 16.743]   dropped stream-start from the replacement source
[ 16.743]   dropped stream-start from the replacement source
[ 16.743]   dropped segment from the replacement source
[ 16.743]   dropped stream-start from the replacement source
[ 16.743]   dropped stream-start from the replacement source
[ 16.743]   dropped segment from the replacement source
[ 16.786]   dropped stream-start from the replacement source
[ 16.786]   dropped stream-start from the replacement source
[ 16.786]   dropped segment from the replacement source
[ 16.786]   dropped stream-start from the replacement source
[ 16.786]   dropped stream-start from the replacement source
[ 16.786]   dropped segment from the replacement source
[ 16.786]   dropped stream-start from the replacement source
[ 16.786]   dropped stream-start from the replacement source
[ 16.786]   dropped segment from the replacement source
[ 16.828]   dropped stream-start from the replacement source
[ 16.828]   dropped stream-start from the replacement source
[ 16.828]   dropped segment from the replacement source
[ 16.828]   dropped stream-start from the replacement source
[ 16.828]   dropped stream-start from the replacement source
[ 16.829]   dropped segment from the replacement source
[ 16.829]   dropped stream-start from the replacement source
[ 16.829]   dropped stream-start from the replacement source
[ 16.829]   dropped segment from the replacement source
[ 16.871]   dropped stream-start from the replacement source
[ 16.871]   dropped stream-start from the replacement source
[ 16.871]   dropped segment from the replacement source
[ 16.871]   dropped stream-start from the replacement source
[ 16.871]   dropped stream-start from the replacement source
[ 16.871]   dropped segment from the replacement source
[ 16.871]   dropped stream-start from the replacement source
[ 16.871]   dropped stream-start from the replacement source
[ 16.871]   dropped segment from the replacement source
[ 16.914]   dropped stream-start from the replacement source
[ 16.914]   dropped stream-start from the replacement source
[ 16.914]   dropped segment from the replacement source
[ 16.914]   dropped stream-start from the replacement source
[ 16.914]   dropped stream-start from the replacement source
[ 16.914]   dropped segment from the replacement source
[ 16.914]   dropped stream-start from the replacement source
[ 16.914]   dropped stream-start from the replacement source
[ 16.914]   dropped segment from the replacement source
[ 16.956]   dropped stream-start from the replacement source
[ 16.956]   dropped stream-start from the replacement source
[ 16.956]   dropped segment from the replacement source
[ 16.956]   dropped stream-start from the replacement source
[ 16.956]   dropped stream-start from the replacement source
[ 16.957]   dropped segment from the replacement source
[ 16.957]   dropped stream-start from the replacement source
[ 16.957]   dropped stream-start from the replacement source
[ 16.957]   dropped segment from the replacement source
[ 16.999]   dropped stream-start from the replacement source
[ 16.999]   dropped stream-start from the replacement source
[ 16.999]   dropped segment from the replacement source
[ 16.999]   dropped stream-start from the replacement source
[ 16.999]   dropped stream-start from the replacement source
[ 16.999]   dropped segment from the replacement source
[ 16.999]   dropped stream-start from the replacement source
[ 16.999]   dropped stream-start from the replacement source
[ 16.999]   dropped segment from the replacement source
[ 17.042]   dropped stream-start from the replacement source
[ 17.042]   dropped stream-start from the replacement source
[ 17.042]   dropped segment from the replacement source
[ 17.042]   dropped stream-start from the replacement source
[ 17.042]   dropped stream-start from the replacement source
[ 17.042]   dropped segment from the replacement source
[ 17.042]   dropped stream-start from the replacement source
[ 17.042]   dropped stream-start from the replacement source
[ 17.042]   dropped segment from the replacement source
[ 17.084]   dropped stream-start from the replacement source
[ 17.084]   dropped stream-start from the replacement source
[ 17.084]   dropped segment from the replacement source
[ 17.084]   dropped stream-start from the replacement source
[ 17.085]   dropped stream-start from the replacement source
[ 17.085]   dropped segment from the replacement source
[ 17.085]   dropped stream-start from the replacement source
[ 17.085]   dropped stream-start from the replacement source
[ 17.085]   dropped segment from the replacement source
[ 17.127]   dropped stream-start from the replacement source
[ 17.127]   dropped stream-start from the replacement source
[ 17.127]   dropped segment from the replacement source
[ 17.127]   dropped stream-start from the replacement source
[ 17.127]   dropped stream-start from the replacement source
[ 17.127]   dropped segment from the replacement source
[ 17.127]   dropped stream-start from the replacement source
[ 17.127]   dropped stream-start from the replacement source
[ 17.127]   dropped segment from the replacement source
[ 17.170]   dropped stream-start from the replacement source
[ 17.170]   dropped stream-start from the replacement source
[ 17.170]   dropped segment from the replacement source
[ 17.170]   dropped stream-start from the replacement source
[ 17.170]   dropped stream-start from the replacement source
[ 17.170]   dropped segment from the replacement source
[ 17.170]   dropped stream-start from the replacement source
[ 17.170]   dropped stream-start from the replacement source
[ 17.170]   dropped segment from the replacement source
[ 17.212]   dropped stream-start from the replacement source
[ 17.212]   dropped stream-start from the replacement source
[ 17.212]   dropped segment from the replacement source
[ 17.212]   dropped stream-start from the replacement source
[ 17.212]   dropped stream-start from the replacement source
[ 17.213]   dropped segment from the replacement source
[ 17.213]   dropped stream-start from the replacement source
[ 17.213]   dropped stream-start from the replacement source
[ 17.213]   dropped segment from the replacement source
[ 17.255]   dropped stream-start from the replacement source
[ 17.255]   dropped stream-start from the replacement source
[ 17.255]   dropped segment from the replacement source
[ 17.255]   dropped stream-start from the replacement source
[ 17.255]   dropped stream-start from the replacement source
[ 17.255]   dropped segment from the replacement source
[ 17.255]   dropped stream-start from the replacement source
[ 17.255]   dropped stream-start from the replacement source
[ 17.255]   dropped segment from the replacement source
[ 17.298]   dropped stream-start from the replacement source
[ 17.298]   dropped stream-start from the replacement source
[ 17.298]   dropped segment from the replacement source
[ 17.298]   dropped stream-start from the replacement source
[ 17.298]   dropped stream-start from the replacement source
[ 17.298]   dropped segment from the replacement source
[ 17.298]   dropped stream-start from the replacement source
[ 17.298]   dropped stream-start from the replacement source
[ 17.298]   dropped segment from the replacement source
[ 17.340]   dropped stream-start from the replacement source
[ 17.340]   dropped stream-start from the replacement source
[ 17.340]   dropped segment from the replacement source
[ 17.341]   dropped stream-start from the replacement source
[ 17.341]   dropped stream-start from the replacement source
[ 17.341]   dropped segment from the replacement source
[ 17.341]   dropped stream-start from the replacement source
[ 17.341]   dropped stream-start from the replacement source
[ 17.341]   dropped segment from the replacement source
[ 17.383]   dropped stream-start from the replacement source
[ 17.383]   dropped stream-start from the replacement source
[ 17.383]   dropped segment from the replacement source
[ 17.383]   dropped stream-start from the replacement source
[ 17.383]   dropped stream-start from the replacement source
[ 17.383]   dropped segment from the replacement source
[ 17.383]   dropped stream-start from the replacement source
[ 17.383]   dropped stream-start from the replacement source
[ 17.383]   dropped segment from the replacement source
[ 17.426]   dropped stream-start from the replacement source
[ 17.426]   dropped stream-start from the replacement source
[ 17.426]   dropped segment from the replacement source
[ 17.426]   dropped stream-start from the replacement source
[ 17.426]   dropped stream-start from the replacement source
[ 17.426]   dropped segment from the replacement source
[ 17.426]   dropped stream-start from the replacement source
[ 17.426]   dropped stream-start from the replacement source
[ 17.426]   dropped segment from the replacement source
[ 17.450] rt= 16.15s mux_pts= 10.40s frames=624 screen=457 camera=808 mic=252 deskaudio=378 paused=False
[ 17.468]   dropped stream-start from the replacement source
[ 17.468]   dropped stream-start from the replacement source
[ 17.468]   dropped segment from the replacement source
[ 17.468]   dropped stream-start from the replacement source
[ 17.468]   dropped stream-start from the replacement source
[ 17.469]   dropped segment from the replacement source
[ 17.469]   dropped stream-start from the replacement source
[ 17.469]   dropped stream-start from the replacement source
[ 17.469]   dropped segment from the replacement source
[ 17.511]   dropped stream-start from the replacement source
[ 17.511]   dropped stream-start from the replacement source
[ 17.511]   dropped segment from the replacement source
[ 17.511]   dropped stream-start from the replacement source
[ 17.511]   dropped stream-start from the replacement source
[ 17.511]   dropped segment from the replacement source
[ 17.511]   dropped stream-start from the replacement source
[ 17.511]   dropped stream-start from the replacement source
[ 17.511]   dropped segment from the replacement source
[ 17.554]   dropped stream-start from the replacement source
[ 17.554]   dropped stream-start from the replacement source
[ 17.554]   dropped segment from the replacement source
[ 17.554]   dropped stream-start from the replacement source
[ 17.554]   dropped stream-start from the replacement source
[ 17.554]   dropped segment from the replacement source
[ 17.554]   dropped stream-start from the replacement source
[ 17.554]   dropped stream-start from the replacement source
[ 17.554]   dropped segment from the replacement source
[ 17.596]   dropped stream-start from the replacement source
[ 17.596]   dropped stream-start from the replacement source
[ 17.596]   dropped segment from the replacement source
[ 17.596]   dropped stream-start from the replacement source
[ 17.596]   dropped stream-start from the replacement source
[ 17.597]   dropped segment from the replacement source
[ 17.597]   dropped stream-start from the replacement source
[ 17.597]   dropped stream-start from the replacement source
[ 17.597]   dropped segment from the replacement source
[ 17.639]   dropped stream-start from the replacement source
[ 17.639]   dropped stream-start from the replacement source
[ 17.639]   dropped segment from the replacement source
[ 17.639]   dropped stream-start from the replacement source
[ 17.639]   dropped stream-start from the replacement source
[ 17.639]   dropped segment from the replacement source
[ 17.639]   dropped stream-start from the replacement source
[ 17.639]   dropped stream-start from the replacement source
[ 17.639]   dropped segment from the replacement source
[ 17.682]   dropped stream-start from the replacement source
[ 17.682]   dropped stream-start from the replacement source
[ 17.682]   dropped segment from the replacement source
[ 17.682]   dropped stream-start from the replacement source
[ 17.682]   dropped stream-start from the replacement source
[ 17.682]   dropped segment from the replacement source
[ 17.682]   dropped stream-start from the replacement source
[ 17.682]   dropped stream-start from the replacement source
[ 17.682]   dropped segment from the replacement source
[ 17.724]   dropped stream-start from the replacement source
[ 17.724]   dropped stream-start from the replacement source
[ 17.724]   dropped segment from the replacement source
[ 17.724]   dropped stream-start from the replacement source
[ 17.724]   dropped stream-start from the replacement source
[ 17.725]   dropped segment from the replacement source
[ 17.725]   dropped stream-start from the replacement source
[ 17.725]   dropped stream-start from the replacement source
[ 17.725]   dropped segment from the replacement source
[ 17.767]   dropped stream-start from the replacement source
[ 17.767]   dropped stream-start from the replacement source
[ 17.767]   dropped segment from the replacement source
[ 17.767]   dropped stream-start from the replacement source
[ 17.767]   dropped stream-start from the replacement source
[ 17.767]   dropped segment from the replacement source
[ 17.767]   dropped stream-start from the replacement source
[ 17.767]   dropped stream-start from the replacement source
[ 17.767]   dropped segment from the replacement source
[ 17.810]   dropped stream-start from the replacement source
[ 17.810]   dropped stream-start from the replacement source
[ 17.810]   dropped segment from the replacement source
[ 17.810]   dropped stream-start from the replacement source
[ 17.810]   dropped stream-start from the replacement source
[ 17.810]   dropped segment from the replacement source
[ 17.810]   dropped stream-start from the replacement source
[ 17.810]   dropped stream-start from the replacement source
[ 17.810]   dropped segment from the replacement source
[ 17.852]   dropped stream-start from the replacement source
[ 17.852]   dropped stream-start from the replacement source
[ 17.852]   dropped segment from the replacement source
[ 17.852]   dropped stream-start from the replacement source
[ 17.852]   dropped stream-start from the replacement source
[ 17.853]   dropped segment from the replacement source
[ 17.853]   dropped stream-start from the replacement source
[ 17.853]   dropped stream-start from the replacement source
[ 17.853]   dropped segment from the replacement source
[ 17.895]   dropped stream-start from the replacement source
[ 17.895]   dropped stream-start from the replacement source
[ 17.895]   dropped segment from the replacement source
[ 17.895]   dropped stream-start from the replacement source
[ 17.895]   dropped stream-start from the replacement source
[ 17.895]   dropped segment from the replacement source
[ 17.895]   dropped stream-start from the replacement source
[ 17.895]   dropped stream-start from the replacement source
[ 17.895]   dropped segment from the replacement source
[ 17.938]   dropped stream-start from the replacement source
[ 17.938]   dropped stream-start from the replacement source
[ 17.938]   dropped segment from the replacement source
[ 17.938]   dropped stream-start from the replacement source
[ 17.938]   dropped stream-start from the replacement source
[ 17.938]   dropped segment from the replacement source
[ 17.938]   dropped stream-start from the replacement source
[ 17.938]   dropped stream-start from the replacement source
[ 17.938]   dropped segment from the replacement source
[ 17.980]   dropped stream-start from the replacement source
[ 17.980]   dropped stream-start from the replacement source
[ 17.980]   dropped segment from the replacement source
[ 17.980]   dropped stream-start from the replacement source
[ 17.980]   dropped stream-start from the replacement source
[ 17.981]   dropped segment from the replacement source
[ 17.981]   dropped stream-start from the replacement source
[ 17.981]   dropped stream-start from the replacement source
[ 17.981]   dropped segment from the replacement source
[ 18.023]   dropped stream-start from the replacement source
[ 18.023]   dropped stream-start from the replacement source
[ 18.023]   dropped segment from the replacement source
[ 18.023]   dropped stream-start from the replacement source
[ 18.023]   dropped stream-start from the replacement source
[ 18.023]   dropped segment from the replacement source
[ 18.023]   dropped stream-start from the replacement source
[ 18.023]   dropped stream-start from the replacement source
[ 18.023]   dropped segment from the replacement source
[ 18.066]   dropped stream-start from the replacement source
[ 18.066]   dropped stream-start from the replacement source
[ 18.066]   dropped segment from the replacement source
[ 18.066]   dropped stream-start from the replacement source
[ 18.066]   dropped stream-start from the replacement source
[ 18.066]   dropped segment from the replacement source
[ 18.066]   dropped stream-start from the replacement source
[ 18.066]   dropped stream-start from the replacement source
[ 18.066]   dropped segment from the replacement source
[ 18.108]   dropped stream-start from the replacement source
[ 18.108]   dropped stream-start from the replacement source
[ 18.108]   dropped segment from the replacement source
[ 18.108]   dropped stream-start from the replacement source
[ 18.109]   dropped stream-start from the replacement source
[ 18.109]   dropped segment from the replacement source
[ 18.109]   dropped stream-start from the replacement source
[ 18.109]   dropped stream-start from the replacement source
[ 18.109]   dropped segment from the replacement source
[ 18.151]   dropped stream-start from the replacement source
[ 18.151]   dropped stream-start from the replacement source
[ 18.151]   dropped segment from the replacement source
[ 18.151]   dropped stream-start from the replacement source
[ 18.151]   dropped stream-start from the replacement source
[ 18.151]   dropped segment from the replacement source
[ 18.151]   dropped stream-start from the replacement source
[ 18.151]   dropped stream-start from the replacement source
[ 18.151]   dropped segment from the replacement source
[ 18.192] EVENT grim=out/meter-back.png
[ 18.192]   $ grim -o DP-3 out/meter-back.png
[ 18.194]   dropped stream-start from the replacement source
[ 18.194]   dropped stream-start from the replacement source
[ 18.194]   dropped segment from the replacement source
[ 18.194]   dropped stream-start from the replacement source
[ 18.194]   dropped stream-start from the replacement source
[ 18.194]   dropped segment from the replacement source
[ 18.194]   dropped stream-start from the replacement source
[ 18.194]   dropped stream-start from the replacement source
[ 18.194]   dropped segment from the replacement source
[ 18.236]   dropped stream-start from the replacement source
[ 18.236]   dropped stream-start from the replacement source
[ 18.236]   dropped segment from the replacement source
[ 18.236]   dropped stream-start from the replacement source
[ 18.236]   dropped stream-start from the replacement source
[ 18.237]   dropped segment from the replacement source
[ 18.237]   dropped stream-start from the replacement source
[ 18.237]   dropped stream-start from the replacement source
[ 18.237]   dropped segment from the replacement source
[ 18.279]   dropped stream-start from the replacement source
[ 18.279]   dropped stream-start from the replacement source
[ 18.279]   dropped segment from the replacement source
[ 18.279]   dropped stream-start from the replacement source
[ 18.279]   dropped stream-start from the replacement source
[ 18.279]   dropped segment from the replacement source
[ 18.279]   dropped stream-start from the replacement source
[ 18.279]   dropped stream-start from the replacement source
[ 18.279]   dropped segment from the replacement source
[ 18.322]   dropped stream-start from the replacement source
[ 18.322]   dropped stream-start from the replacement source
[ 18.322]   dropped segment from the replacement source
[ 18.322]   dropped stream-start from the replacement source
[ 18.322]   dropped stream-start from the replacement source
[ 18.322]   dropped segment from the replacement source
[ 18.322]   dropped stream-start from the replacement source
[ 18.322]   dropped stream-start from the replacement source
[ 18.322]   dropped segment from the replacement source
[ 18.364]   dropped stream-start from the replacement source
[ 18.364]   dropped stream-start from the replacement source
[ 18.364]   dropped segment from the replacement source
[ 18.364]   dropped stream-start from the replacement source
[ 18.364]   dropped stream-start from the replacement source
[ 18.364]   dropped segment from the replacement source
[ 18.365]   dropped stream-start from the replacement source
[ 18.365]   dropped stream-start from the replacement source
[ 18.365]   dropped segment from the replacement source
[ 18.407]   dropped stream-start from the replacement source
[ 18.407]   dropped stream-start from the replacement source
[ 18.407]   dropped segment from the replacement source
[ 18.407]   dropped stream-start from the replacement source
[ 18.407]   dropped stream-start from the replacement source
[ 18.407]   dropped segment from the replacement source
[ 18.407]   dropped stream-start from the replacement source
[ 18.407]   dropped stream-start from the replacement source
[ 18.407]   dropped segment from the replacement source
[ 18.450]   dropped stream-start from the replacement source
[ 18.450]   dropped stream-start from the replacement source
[ 18.450] rt= 17.15s mux_pts= 11.40s frames=684 screen=482 camera=858 mic=275 deskaudio=402 paused=False
[ 18.450]   dropped segment from the replacement source
[ 18.450]   dropped stream-start from the replacement source
[ 18.450]   dropped stream-start from the replacement source
[ 18.450]   dropped segment from the replacement source
[ 18.450]   dropped stream-start from the replacement source
[ 18.450]   dropped stream-start from the replacement source
[ 18.450]   dropped segment from the replacement source
[ 18.492]   dropped stream-start from the replacement source
[ 18.492]   dropped stream-start from the replacement source
[ 18.492]   dropped segment from the replacement source
[ 18.492]   dropped stream-start from the replacement source
[ 18.492]   dropped stream-start from the replacement source
[ 18.492]   dropped segment from the replacement source
[ 18.493]   dropped stream-start from the replacement source
[ 18.493]   dropped stream-start from the replacement source
[ 18.493]   dropped segment from the replacement source
[ 18.535]   dropped stream-start from the replacement source
[ 18.535]   dropped stream-start from the replacement source
[ 18.535]   dropped segment from the replacement source
[ 18.535]   dropped stream-start from the replacement source
[ 18.535]   dropped stream-start from the replacement source
[ 18.535]   dropped segment from the replacement source
[ 18.535]   dropped stream-start from the replacement source
[ 18.535]   dropped stream-start from the replacement source
[ 18.535]   dropped segment from the replacement source
[ 18.578]   dropped stream-start from the replacement source
[ 18.578]   dropped stream-start from the replacement source
[ 18.578]   dropped segment from the replacement source
[ 18.578]   dropped stream-start from the replacement source
[ 18.578]   dropped stream-start from the replacement source
[ 18.578]   dropped segment from the replacement source
[ 18.578]   dropped stream-start from the replacement source
[ 18.578]   dropped stream-start from the replacement source
[ 18.578]   dropped segment from the replacement source
[ 18.620]   dropped stream-start from the replacement source
[ 18.620]   dropped stream-start from the replacement source
[ 18.620]   dropped segment from the replacement source
[ 18.620]   dropped stream-start from the replacement source
[ 18.621]   dropped stream-start from the replacement source
[ 18.621]   dropped segment from the replacement source
[ 18.621]   dropped stream-start from the replacement source
[ 18.621]   dropped stream-start from the replacement source
[ 18.621]   dropped segment from the replacement source
[ 18.663]   dropped stream-start from the replacement source
[ 18.663]   dropped stream-start from the replacement source
[ 18.663]   dropped segment from the replacement source
[ 18.663]   dropped stream-start from the replacement source
[ 18.663]   dropped stream-start from the replacement source
[ 18.663]   dropped segment from the replacement source
[ 18.663]   dropped stream-start from the replacement source
[ 18.663]   dropped stream-start from the replacement source
[ 18.663]   dropped segment from the replacement source
[ 18.706]   dropped stream-start from the replacement source
[ 18.706]   dropped stream-start from the replacement source
[ 18.706]   dropped segment from the replacement source
[ 18.706]   dropped stream-start from the replacement source
[ 18.706]   dropped stream-start from the replacement source
[ 18.706]   dropped segment from the replacement source
[ 18.706]   dropped stream-start from the replacement source
[ 18.706]   dropped stream-start from the replacement source
[ 18.706]   dropped segment from the replacement source
[ 18.748]   dropped stream-start from the replacement source
[ 18.748]   dropped stream-start from the replacement source
[ 18.748]   dropped segment from the replacement source
[ 18.748]   dropped stream-start from the replacement source
[ 18.748]   dropped stream-start from the replacement source
[ 18.749]   dropped segment from the replacement source
[ 18.749]   dropped stream-start from the replacement source
[ 18.749]   dropped stream-start from the replacement source
[ 18.749]   dropped segment from the replacement source
[ 18.791]   dropped stream-start from the replacement source
[ 18.791]   dropped stream-start from the replacement source
[ 18.791]   dropped segment from the replacement source
[ 18.791]   dropped stream-start from the replacement source
[ 18.791]   dropped stream-start from the replacement source
[ 18.791]   dropped segment from the replacement source
[ 18.791]   dropped stream-start from the replacement source
[ 18.791]   dropped stream-start from the replacement source
[ 18.791]   dropped segment from the replacement source
[ 18.834]   dropped stream-start from the replacement source
[ 18.834]   dropped stream-start from the replacement source
[ 18.834]   dropped segment from the replacement source
[ 18.834]   dropped stream-start from the replacement source
[ 18.834]   dropped stream-start from the replacement source
[ 18.834]   dropped segment from the replacement source
[ 18.834]   dropped stream-start from the replacement source
[ 18.834]   dropped stream-start from the replacement source
[ 18.834]   dropped segment from the replacement source
[ 18.876]   dropped stream-start from the replacement source
[ 18.876]   dropped stream-start from the replacement source
[ 18.876]   dropped segment from the replacement source
[ 18.876]   dropped stream-start from the replacement source
[ 18.876]   dropped stream-start from the replacement source
[ 18.877]   dropped segment from the replacement source
[ 18.877]   dropped stream-start from the replacement source
[ 18.877]   dropped stream-start from the replacement source
[ 18.877]   dropped segment from the replacement source
[ 18.919]   dropped stream-start from the replacement source
[ 18.919]   dropped stream-start from the replacement source
[ 18.919]   dropped segment from the replacement source
[ 18.919]   dropped stream-start from the replacement source
[ 18.919]   dropped stream-start from the replacement source
[ 18.919]   dropped segment from the replacement source
[ 18.919]   dropped stream-start from the replacement source
[ 18.919]   dropped stream-start from the replacement source
[ 18.919]   dropped segment from the replacement source
[ 18.962]   dropped stream-start from the replacement source
[ 18.962]   dropped stream-start from the replacement source
[ 18.962]   dropped segment from the replacement source
[ 18.962]   dropped stream-start from the replacement source
[ 18.962]   dropped stream-start from the replacement source
[ 18.962]   dropped segment from the replacement source
[ 18.962]   dropped stream-start from the replacement source
[ 18.962]   dropped stream-start from the replacement source
[ 18.962]   dropped segment from the replacement source
[ 19.004]   dropped stream-start from the replacement source
[ 19.004]   dropped stream-start from the replacement source
[ 19.004]   dropped segment from the replacement source
[ 19.004]   dropped stream-start from the replacement source
[ 19.004]   dropped stream-start from the replacement source
[ 19.005]   dropped segment from the replacement source
[ 19.005]   dropped stream-start from the replacement source
[ 19.005]   dropped stream-start from the replacement source
[ 19.005]   dropped segment from the replacement source
[ 19.047]   dropped stream-start from the replacement source
[ 19.047]   dropped stream-start from the replacement source
[ 19.047]   dropped segment from the replacement source
[ 19.047]   dropped stream-start from the replacement source
[ 19.047]   dropped stream-start from the replacement source
[ 19.047]   dropped segment from the replacement source
[ 19.047]   dropped stream-start from the replacement source
[ 19.047]   dropped stream-start from the replacement source
[ 19.047]   dropped segment from the replacement source
[ 19.090]   dropped stream-start from the replacement source
[ 19.090]   dropped stream-start from the replacement source
[ 19.090]   dropped segment from the replacement source
[ 19.090]   dropped stream-start from the replacement source
[ 19.090]   dropped stream-start from the replacement source
[ 19.090]   dropped segment from the replacement source
[ 19.090]   dropped stream-start from the replacement source
[ 19.090]   dropped stream-start from the replacement source
[ 19.090]   dropped segment from the replacement source
[ 19.132]   dropped stream-start from the replacement source
[ 19.132]   dropped stream-start from the replacement source
[ 19.132]   dropped segment from the replacement source
[ 19.132]   dropped stream-start from the replacement source
[ 19.132]   dropped stream-start from the replacement source
[ 19.132]   dropped segment from the replacement source
[ 19.132]   dropped stream-start from the replacement source
[ 19.133]   dropped stream-start from the replacement source
[ 19.133]   dropped segment from the replacement source
[ 19.175]   dropped stream-start from the replacement source
[ 19.175]   dropped stream-start from the replacement source
[ 19.175]   dropped segment from the replacement source
[ 19.175]   dropped stream-start from the replacement source
[ 19.175]   dropped stream-start from the replacement source
[ 19.175]   dropped segment from the replacement source
[ 19.175]   dropped stream-start from the replacement source
[ 19.175]   dropped stream-start from the replacement source
[ 19.175]   dropped segment from the replacement source
[ 19.218]   dropped stream-start from the replacement source
[ 19.218]   dropped stream-start from the replacement source
[ 19.218]   dropped segment from the replacement source
[ 19.218]   dropped stream-start from the replacement source
[ 19.218]   dropped stream-start from the replacement source
[ 19.218]   dropped segment from the replacement source
[ 19.218]   dropped stream-start from the replacement source
[ 19.218]   dropped stream-start from the replacement source
[ 19.218]   dropped segment from the replacement source
[ 19.260]   dropped stream-start from the replacement source
[ 19.260]   dropped stream-start from the replacement source
[ 19.260]   dropped segment from the replacement source
[ 19.260]   dropped stream-start from the replacement source
[ 19.261]   dropped stream-start from the replacement source
[ 19.261]   dropped segment from the replacement source
[ 19.261]   dropped stream-start from the replacement source
[ 19.261]   dropped stream-start from the replacement source
[ 19.261]   dropped segment from the replacement source
[ 19.303]   dropped stream-start from the replacement source
[ 19.303]   dropped stream-start from the replacement source
[ 19.303]   dropped segment from the replacement source
[ 19.303]   dropped stream-start from the replacement source
[ 19.303]   dropped stream-start from the replacement source
[ 19.303]   dropped segment from the replacement source
[ 19.303]   dropped stream-start from the replacement source
[ 19.303]   dropped stream-start from the replacement source
[ 19.303]   dropped segment from the replacement source
[ 19.346]   dropped stream-start from the replacement source
[ 19.346]   dropped stream-start from the replacement source
[ 19.346]   dropped segment from the replacement source
[ 19.346]   dropped stream-start from the replacement source
[ 19.346]   dropped stream-start from the replacement source
[ 19.346]   dropped segment from the replacement source
[ 19.346]   dropped stream-start from the replacement source
[ 19.346]   dropped stream-start from the replacement source
[ 19.346]   dropped segment from the replacement source
[ 19.388]   dropped stream-start from the replacement source
[ 19.388]   dropped stream-start from the replacement source
[ 19.388]   dropped segment from the replacement source
[ 19.388]   dropped stream-start from the replacement source
[ 19.388]   dropped stream-start from the replacement source
[ 19.389]   dropped segment from the replacement source
[ 19.389]   dropped stream-start from the replacement source
[ 19.389]   dropped stream-start from the replacement source
[ 19.389]   dropped segment from the replacement source
[ 19.431]   dropped stream-start from the replacement source
[ 19.431]   dropped stream-start from the replacement source
[ 19.431]   dropped segment from the replacement source
[ 19.431]   dropped stream-start from the replacement source
[ 19.431]   dropped stream-start from the replacement source
[ 19.431]   dropped segment from the replacement source
[ 19.431]   dropped stream-start from the replacement source
[ 19.431]   dropped stream-start from the replacement source
[ 19.431]   dropped segment from the replacement source
[ 19.450] rt= 18.15s mux_pts= 12.38s frames=743 screen=512 camera=908 mic=299 deskaudio=425 paused=False
[ 19.474]   dropped stream-start from the replacement source
[ 19.474]   dropped stream-start from the replacement source
[ 19.474]   dropped segment from the replacement source
[ 19.474]   dropped stream-start from the replacement source
[ 19.474]   dropped stream-start from the replacement source
[ 19.474]   dropped segment from the replacement source
[ 19.474]   dropped stream-start from the replacement source
[ 19.474]   dropped stream-start from the replacement source
[ 19.474]   dropped segment from the replacement source
[ 19.516]   dropped stream-start from the replacement source
[ 19.516]   dropped stream-start from the replacement source
[ 19.516]   dropped segment from the replacement source
[ 19.516]   dropped stream-start from the replacement source
[ 19.516]   dropped stream-start from the replacement source
[ 19.517]   dropped segment from the replacement source
[ 19.517]   dropped stream-start from the replacement source
[ 19.517]   dropped stream-start from the replacement source
[ 19.517]   dropped segment from the replacement source
[ 19.559]   dropped stream-start from the replacement source
[ 19.559]   dropped stream-start from the replacement source
[ 19.559]   dropped segment from the replacement source
[ 19.559]   dropped stream-start from the replacement source
[ 19.559]   dropped stream-start from the replacement source
[ 19.559]   dropped segment from the replacement source
[ 19.559]   dropped stream-start from the replacement source
[ 19.559]   dropped stream-start from the replacement source
[ 19.559]   dropped segment from the replacement source
[ 19.602]   dropped stream-start from the replacement source
[ 19.602]   dropped stream-start from the replacement source
[ 19.602]   dropped segment from the replacement source
[ 19.602]   dropped stream-start from the replacement source
[ 19.602]   dropped stream-start from the replacement source
[ 19.602]   dropped segment from the replacement source
[ 19.602]   dropped stream-start from the replacement source
[ 19.602]   dropped stream-start from the replacement source
[ 19.602]   dropped segment from the replacement source
[ 19.644]   dropped stream-start from the replacement source
[ 19.644]   dropped stream-start from the replacement source
[ 19.644]   dropped segment from the replacement source
[ 19.644]   dropped stream-start from the replacement source
[ 19.644]   dropped stream-start from the replacement source
[ 19.645]   dropped segment from the replacement source
[ 19.645]   dropped stream-start from the replacement source
[ 19.645]   dropped stream-start from the replacement source
[ 19.645]   dropped segment from the replacement source
[ 19.687]   dropped stream-start from the replacement source
[ 19.687]   dropped stream-start from the replacement source
[ 19.687]   dropped segment from the replacement source
[ 19.687]   dropped stream-start from the replacement source
[ 19.687]   dropped stream-start from the replacement source
[ 19.687]   dropped segment from the replacement source
[ 19.687]   dropped stream-start from the replacement source
[ 19.687]   dropped stream-start from the replacement source
[ 19.687]   dropped segment from the replacement source
[ 19.730]   dropped stream-start from the replacement source
[ 19.730]   dropped stream-start from the replacement source
[ 19.730]   dropped segment from the replacement source
[ 19.730]   dropped stream-start from the replacement source
[ 19.730]   dropped stream-start from the replacement source
[ 19.730]   dropped segment from the replacement source
[ 19.730]   dropped stream-start from the replacement source
[ 19.730]   dropped stream-start from the replacement source
[ 19.730]   dropped segment from the replacement source
[ 19.772]   dropped stream-start from the replacement source
[ 19.772]   dropped stream-start from the replacement source
[ 19.772]   dropped segment from the replacement source
[ 19.772]   dropped stream-start from the replacement source
[ 19.772]   dropped stream-start from the replacement source
[ 19.773]   dropped segment from the replacement source
[ 19.773]   dropped stream-start from the replacement source
[ 19.773]   dropped stream-start from the replacement source
[ 19.773]   dropped segment from the replacement source
[ 19.815]   dropped stream-start from the replacement source
[ 19.815]   dropped stream-start from the replacement source
[ 19.815]   dropped segment from the replacement source
[ 19.815]   dropped stream-start from the replacement source
[ 19.815]   dropped stream-start from the replacement source
[ 19.815]   dropped segment from the replacement source
[ 19.815]   dropped stream-start from the replacement source
[ 19.815]   dropped stream-start from the replacement source
[ 19.815]   dropped segment from the replacement source
[ 19.858]   dropped stream-start from the replacement source
[ 19.858]   dropped stream-start from the replacement source
[ 19.858]   dropped segment from the replacement source
[ 19.858]   dropped stream-start from the replacement source
[ 19.858]   dropped stream-start from the replacement source
[ 19.858]   dropped segment from the replacement source
[ 19.858]   dropped stream-start from the replacement source
[ 19.858]   dropped stream-start from the replacement source
[ 19.858]   dropped segment from the replacement source
[ 19.900]   dropped stream-start from the replacement source
[ 19.900]   dropped stream-start from the replacement source
[ 19.900]   dropped segment from the replacement source
[ 19.900]   dropped stream-start from the replacement source
[ 19.901]   dropped stream-start from the replacement source
[ 19.901]   dropped segment from the replacement source
[ 19.901]   dropped stream-start from the replacement source
[ 19.901]   dropped stream-start from the replacement source
[ 19.901]   dropped segment from the replacement source
[ 19.943]   dropped stream-start from the replacement source
[ 19.943]   dropped stream-start from the replacement source
[ 19.943]   dropped segment from the replacement source
[ 19.943]   dropped stream-start from the replacement source
[ 19.943]   dropped stream-start from the replacement source
[ 19.943]   dropped segment from the replacement source
[ 19.943]   dropped stream-start from the replacement source
[ 19.943]   dropped stream-start from the replacement source
[ 19.943]   dropped segment from the replacement source
[ 19.986]   dropped stream-start from the replacement source
[ 19.986]   dropped stream-start from the replacement source
[ 19.986]   dropped segment from the replacement source
[ 19.986]   dropped stream-start from the replacement source
[ 19.986]   dropped stream-start from the replacement source
[ 19.986]   dropped segment from the replacement source
[ 19.986]   dropped stream-start from the replacement source
[ 19.986]   dropped stream-start from the replacement source
[ 19.986]   dropped segment from the replacement source
[ 20.028]   dropped stream-start from the replacement source
[ 20.028]   dropped stream-start from the replacement source
[ 20.028]   dropped segment from the replacement source
[ 20.028]   dropped stream-start from the replacement source
[ 20.028]   dropped stream-start from the replacement source
[ 20.029]   dropped segment from the replacement source
[ 20.029]   dropped stream-start from the replacement source
[ 20.029]   dropped stream-start from the replacement source
[ 20.029]   dropped segment from the replacement source
[ 20.071]   dropped stream-start from the replacement source
[ 20.071]   dropped stream-start from the replacement source
[ 20.071]   dropped segment from the replacement source
[ 20.071]   dropped stream-start from the replacement source
[ 20.071]   dropped stream-start from the replacement source
[ 20.071]   dropped segment from the replacement source
[ 20.071]   dropped stream-start from the replacement source
[ 20.071]   dropped stream-start from the replacement source
[ 20.071]   dropped segment from the replacement source
[ 20.114]   dropped stream-start from the replacement source
[ 20.114]   dropped stream-start from the replacement source
[ 20.114]   dropped segment from the replacement source
[ 20.114]   dropped stream-start from the replacement source
[ 20.114]   dropped stream-start from the replacement source
[ 20.114]   dropped segment from the replacement source
[ 20.114]   dropped stream-start from the replacement source
[ 20.114]   dropped stream-start from the replacement source
[ 20.114]   dropped segment from the replacement source
[ 20.156]   dropped stream-start from the replacement source
[ 20.156]   dropped stream-start from the replacement source
[ 20.156]   dropped segment from the replacement source
[ 20.156]   dropped stream-start from the replacement source
[ 20.156]   dropped stream-start from the replacement source
[ 20.157]   dropped segment from the replacement source
[ 20.157]   dropped stream-start from the replacement source
[ 20.157]   dropped stream-start from the replacement source
[ 20.157]   dropped segment from the replacement source
[ 20.199]   dropped stream-start from the replacement source
[ 20.199]   dropped stream-start from the replacement source
[ 20.199]   dropped segment from the replacement source
[ 20.199]   dropped stream-start from the replacement source
[ 20.199]   dropped stream-start from the replacement source
[ 20.199]   dropped segment from the replacement source
[ 20.199]   dropped stream-start from the replacement source
[ 20.199]   dropped stream-start from the replacement source
[ 20.199]   dropped segment from the replacement source
[ 20.242]   dropped stream-start from the replacement source
[ 20.242]   dropped stream-start from the replacement source
[ 20.242]   dropped segment from the replacement source
[ 20.242]   dropped stream-start from the replacement source
[ 20.242]   dropped stream-start from the replacement source
[ 20.242]   dropped segment from the replacement source
[ 20.242]   dropped stream-start from the replacement source
[ 20.242]   dropped stream-start from the replacement source
[ 20.242]   dropped segment from the replacement source
[ 20.284]   dropped stream-start from the replacement source
[ 20.284]   dropped stream-start from the replacement source
[ 20.284]   dropped segment from the replacement source
[ 20.284]   dropped stream-start from the replacement source
[ 20.284]   dropped stream-start from the replacement source
[ 20.285]   dropped segment from the replacement source
[ 20.285]   dropped stream-start from the replacement source
[ 20.285]   dropped stream-start from the replacement source
[ 20.285]   dropped segment from the replacement source
[ 20.327]   dropped stream-start from the replacement source
[ 20.327]   dropped stream-start from the replacement source
[ 20.327]   dropped segment from the replacement source
[ 20.327]   dropped stream-start from the replacement source
[ 20.327]   dropped stream-start from the replacement source
[ 20.327]   dropped segment from the replacement source
[ 20.327]   dropped stream-start from the replacement source
[ 20.327]   dropped stream-start from the replacement source
[ 20.327]   dropped segment from the replacement source
[ 20.370]   dropped stream-start from the replacement source
[ 20.370]   dropped stream-start from the replacement source
[ 20.370]   dropped segment from the replacement source
[ 20.370]   dropped stream-start from the replacement source
[ 20.370]   dropped stream-start from the replacement source
[ 20.370]   dropped segment from the replacement source
[ 20.370]   dropped stream-start from the replacement source
[ 20.370]   dropped stream-start from the replacement source
[ 20.370]   dropped segment from the replacement source
[ 20.412]   dropped stream-start from the replacement source
[ 20.412]   dropped stream-start from the replacement source
[ 20.412]   dropped segment from the replacement source
[ 20.412]   dropped stream-start from the replacement source
[ 20.412]   dropped stream-start from the replacement source
[ 20.413]   dropped segment from the replacement source
[ 20.413]   dropped stream-start from the replacement source
[ 20.413]   dropped stream-start from the replacement source
[ 20.413]   dropped segment from the replacement source
[ 20.450] rt= 19.15s mux_pts= 13.38s frames=803 screen=543 camera=958 mic=322 deskaudio=449 paused=False
[ 20.455]   dropped stream-start from the replacement source
[ 20.455]   dropped stream-start from the replacement source
[ 20.455]   dropped segment from the replacement source
[ 20.455]   dropped stream-start from the replacement source
[ 20.455]   dropped stream-start from the replacement source
[ 20.455]   dropped segment from the replacement source
[ 20.455]   dropped stream-start from the replacement source
[ 20.455]   dropped stream-start from the replacement source
[ 20.455]   dropped segment from the replacement source
[ 20.498]   dropped stream-start from the replacement source
[ 20.498]   dropped stream-start from the replacement source
[ 20.498]   dropped segment from the replacement source
[ 20.498]   dropped stream-start from the replacement source
[ 20.498]   dropped stream-start from the replacement source
[ 20.498]   dropped segment from the replacement source
[ 20.498]   dropped stream-start from the replacement source
[ 20.498]   dropped stream-start from the replacement source
[ 20.498]   dropped segment from the replacement source
[ 20.540]   dropped stream-start from the replacement source
[ 20.540]   dropped stream-start from the replacement source
[ 20.540]   dropped segment from the replacement source
[ 20.540]   dropped stream-start from the replacement source
[ 20.540]   dropped stream-start from the replacement source
[ 20.541]   dropped segment from the replacement source
[ 20.541]   dropped stream-start from the replacement source
[ 20.541]   dropped stream-start from the replacement source
[ 20.541]   dropped segment from the replacement source
[ 20.583]   dropped stream-start from the replacement source
[ 20.583]   dropped stream-start from the replacement source
[ 20.583]   dropped segment from the replacement source
[ 20.583]   dropped stream-start from the replacement source
[ 20.583]   dropped stream-start from the replacement source
[ 20.583]   dropped segment from the replacement source
[ 20.583]   dropped stream-start from the replacement source
[ 20.583]   dropped stream-start from the replacement source
[ 20.583]   dropped segment from the replacement source
[ 20.626]   dropped stream-start from the replacement source
[ 20.626]   dropped stream-start from the replacement source
[ 20.626]   dropped segment from the replacement source
[ 20.626]   dropped stream-start from the replacement source
[ 20.626]   dropped stream-start from the replacement source
[ 20.626]   dropped segment from the replacement source
[ 20.626]   dropped stream-start from the replacement source
[ 20.626]   dropped stream-start from the replacement source
[ 20.626]   dropped segment from the replacement source
[ 20.668]   dropped stream-start from the replacement source
[ 20.668]   dropped stream-start from the replacement source
[ 20.668]   dropped segment from the replacement source
[ 20.668]   dropped stream-start from the replacement source
[ 20.668]   dropped stream-start from the replacement source
[ 20.669]   dropped segment from the replacement source
[ 20.669]   dropped stream-start from the replacement source
[ 20.669]   dropped stream-start from the replacement source
[ 20.669]   dropped segment from the replacement source
[ 20.711]   dropped stream-start from the replacement source
[ 20.711]   dropped stream-start from the replacement source
[ 20.711]   dropped segment from the replacement source
[ 20.711]   dropped stream-start from the replacement source
[ 20.711]   dropped stream-start from the replacement source
[ 20.711]   dropped segment from the replacement source
[ 20.711]   dropped stream-start from the replacement source
[ 20.711]   dropped stream-start from the replacement source
[ 20.711]   dropped segment from the replacement source
[ 20.754]   dropped stream-start from the replacement source
[ 20.754]   dropped stream-start from the replacement source
[ 20.754]   dropped segment from the replacement source
[ 20.754]   dropped stream-start from the replacement source
[ 20.754]   dropped stream-start from the replacement source
[ 20.754]   dropped segment from the replacement source
[ 20.754]   dropped stream-start from the replacement source
[ 20.754]   dropped stream-start from the replacement source
[ 20.754]   dropped segment from the replacement source
[ 20.796]   dropped stream-start from the replacement source
[ 20.796]   dropped stream-start from the replacement source
[ 20.796]   dropped segment from the replacement source
[ 20.796]   dropped stream-start from the replacement source
[ 20.796]   dropped stream-start from the replacement source
[ 20.797]   dropped segment from the replacement source
[ 20.797]   dropped stream-start from the replacement source
[ 20.797]   dropped stream-start from the replacement source
[ 20.797]   dropped segment from the replacement source
[ 20.839]   dropped stream-start from the replacement source
[ 20.839]   dropped stream-start from the replacement source
[ 20.839]   dropped segment from the replacement source
[ 20.839]   dropped stream-start from the replacement source
[ 20.839]   dropped stream-start from the replacement source
[ 20.839]   dropped segment from the replacement source
[ 20.839]   dropped stream-start from the replacement source
[ 20.839]   dropped stream-start from the replacement source
[ 20.839]   dropped segment from the replacement source
[ 20.882]   dropped stream-start from the replacement source
[ 20.882]   dropped stream-start from the replacement source
[ 20.882]   dropped segment from the replacement source
[ 20.882]   dropped stream-start from the replacement source
[ 20.882]   dropped stream-start from the replacement source
[ 20.882]   dropped segment from the replacement source
[ 20.882]   dropped stream-start from the replacement source
[ 20.882]   dropped stream-start from the replacement source
[ 20.882]   dropped segment from the replacement source
[ 20.924]   dropped stream-start from the replacement source
[ 20.924]   dropped stream-start from the replacement source
[ 20.924]   dropped segment from the replacement source
[ 20.924]   dropped stream-start from the replacement source
[ 20.925]   dropped stream-start from the replacement source
[ 20.925]   dropped segment from the replacement source
[ 20.925]   dropped stream-start from the replacement source
[ 20.925]   dropped stream-start from the replacement source
[ 20.925]   dropped segment from the replacement source
[ 20.967]   dropped stream-start from the replacement source
[ 20.967]   dropped stream-start from the replacement source
[ 20.967]   dropped segment from the replacement source
[ 20.967]   dropped stream-start from the replacement source
[ 20.967]   dropped stream-start from the replacement source
[ 20.967]   dropped segment from the replacement source
[ 20.967]   dropped stream-start from the replacement source
[ 20.967]   dropped stream-start from the replacement source
[ 20.967]   dropped segment from the replacement source
[ 21.010]   dropped stream-start from the replacement source
[ 21.010]   dropped stream-start from the replacement source
[ 21.010]   dropped segment from the replacement source
[ 21.010]   dropped stream-start from the replacement source
[ 21.010]   dropped stream-start from the replacement source
[ 21.010]   dropped segment from the replacement source
[ 21.010]   dropped stream-start from the replacement source
[ 21.010]   dropped stream-start from the replacement source
[ 21.010]   dropped segment from the replacement source
[ 21.052]   dropped stream-start from the replacement source
[ 21.052]   dropped stream-start from the replacement source
[ 21.052]   dropped segment from the replacement source
[ 21.052]   dropped stream-start from the replacement source
[ 21.052]   dropped stream-start from the replacement source
[ 21.053]   dropped segment from the replacement source
[ 21.053]   dropped stream-start from the replacement source
[ 21.053]   dropped stream-start from the replacement source
[ 21.053]   dropped segment from the replacement source
[ 21.095]   dropped stream-start from the replacement source
[ 21.095]   dropped stream-start from the replacement source
[ 21.095]   dropped segment from the replacement source
[ 21.095]   dropped stream-start from the replacement source
[ 21.095]   dropped stream-start from the replacement source
[ 21.095]   dropped segment from the replacement source
[ 21.095]   dropped stream-start from the replacement source
[ 21.095]   dropped stream-start from the replacement source
[ 21.095]   dropped segment from the replacement source
[ 21.138]   dropped stream-start from the replacement source
[ 21.138]   dropped stream-start from the replacement source
[ 21.138]   dropped segment from the replacement source
[ 21.138]   dropped stream-start from the replacement source
[ 21.138]   dropped stream-start from the replacement source
[ 21.138]   dropped segment from the replacement source
[ 21.138]   dropped stream-start from the replacement source
[ 21.138]   dropped stream-start from the replacement source
[ 21.138]   dropped segment from the replacement source
[ 21.180]   dropped stream-start from the replacement source
[ 21.180]   dropped stream-start from the replacement source
[ 21.180]   dropped segment from the replacement source
[ 21.180]   dropped stream-start from the replacement source
[ 21.180]   dropped stream-start from the replacement source
[ 21.181]   dropped segment from the replacement source
[ 21.181]   dropped stream-start from the replacement source
[ 21.181]   dropped stream-start from the replacement source
[ 21.181]   dropped segment from the replacement source
[ 21.223]   dropped stream-start from the replacement source
[ 21.223]   dropped stream-start from the replacement source
[ 21.223]   dropped segment from the replacement source
[ 21.223]   dropped stream-start from the replacement source
[ 21.223]   dropped stream-start from the replacement source
[ 21.223]   dropped segment from the replacement source
[ 21.223]   dropped stream-start from the replacement source
[ 21.223]   dropped stream-start from the replacement source
[ 21.223]   dropped segment from the replacement source
[ 21.266]   dropped stream-start from the replacement source
[ 21.266]   dropped stream-start from the replacement source
[ 21.266]   dropped segment from the replacement source
[ 21.266]   dropped stream-start from the replacement source
[ 21.266]   dropped stream-start from the replacement source
[ 21.266]   dropped segment from the replacement source
[ 21.266]   dropped stream-start from the replacement source
[ 21.266]   dropped stream-start from the replacement source
[ 21.266]   dropped segment from the replacement source
[ 21.308]   dropped stream-start from the replacement source
[ 21.308]   dropped stream-start from the replacement source
[ 21.308]   dropped segment from the replacement source
[ 21.308]   dropped stream-start from the replacement source
[ 21.309]   dropped stream-start from the replacement source
[ 21.309]   dropped segment from the replacement source
[ 21.309]   dropped stream-start from the replacement source
[ 21.309]   dropped stream-start from the replacement source
[ 21.309]   dropped segment from the replacement source
[ 21.351]   dropped stream-start from the replacement source
[ 21.351]   dropped stream-start from the replacement source
[ 21.351]   dropped segment from the replacement source
[ 21.351]   dropped stream-start from the replacement source
[ 21.351]   dropped stream-start from the replacement source
[ 21.351]   dropped segment from the replacement source
[ 21.351]   dropped stream-start from the replacement source
[ 21.351]   dropped stream-start from the replacement source
[ 21.351]   dropped segment from the replacement source
[ 21.394]   dropped stream-start from the replacement source
[ 21.394]   dropped stream-start from the replacement source
[ 21.394]   dropped segment from the replacement source
[ 21.394]   dropped stream-start from the replacement source
[ 21.394]   dropped stream-start from the replacement source
[ 21.394]   dropped segment from the replacement source
[ 21.394]   dropped stream-start from the replacement source
[ 21.394]   dropped stream-start from the replacement source
[ 21.394]   dropped segment from the replacement source
[ 21.436]   dropped stream-start from the replacement source
[ 21.436]   dropped stream-start from the replacement source
[ 21.436]   dropped segment from the replacement source
[ 21.436]   dropped stream-start from the replacement source
[ 21.437]   dropped stream-start from the replacement source
[ 21.437]   dropped segment from the replacement source
[ 21.437]   dropped stream-start from the replacement source
[ 21.437]   dropped stream-start from the replacement source
[ 21.437]   dropped segment from the replacement source
[ 21.450] rt= 20.15s mux_pts= 14.42s frames=865 screen=574 camera=1008 mic=346 deskaudio=472 paused=False
[ 21.479]   dropped stream-start from the replacement source
[ 21.479]   dropped stream-start from the replacement source
[ 21.479]   dropped segment from the replacement source
[ 21.479]   dropped stream-start from the replacement source
[ 21.479]   dropped stream-start from the replacement source
[ 21.479]   dropped segment from the replacement source
[ 21.479]   dropped stream-start from the replacement source
[ 21.479]   dropped stream-start from the replacement source
[ 21.479]   dropped segment from the replacement source
[ 21.522]   dropped stream-start from the replacement source
[ 21.522]   dropped stream-start from the replacement source
[ 21.522]   dropped segment from the replacement source
[ 21.522]   dropped stream-start from the replacement source
[ 21.522]   dropped stream-start from the replacement source
[ 21.522]   dropped segment from the replacement source
[ 21.522]   dropped stream-start from the replacement source
[ 21.522]   dropped stream-start from the replacement source
[ 21.522]   dropped segment from the replacement source
[ 21.564]   dropped stream-start from the replacement source
[ 21.564]   dropped stream-start from the replacement source
[ 21.564]   dropped segment from the replacement source
[ 21.564]   dropped stream-start from the replacement source
[ 21.565]   dropped stream-start from the replacement source
[ 21.565]   dropped segment from the replacement source
[ 21.565]   dropped stream-start from the replacement source
[ 21.565]   dropped stream-start from the replacement source
[ 21.565]   dropped segment from the replacement source
[ 21.607]   dropped stream-start from the replacement source
[ 21.607]   dropped stream-start from the replacement source
[ 21.607]   dropped segment from the replacement source
[ 21.607]   dropped stream-start from the replacement source
[ 21.607]   dropped stream-start from the replacement source
[ 21.607]   dropped segment from the replacement source
[ 21.607]   dropped stream-start from the replacement source
[ 21.607]   dropped stream-start from the replacement source
[ 21.607]   dropped segment from the replacement source
[ 21.650]   dropped stream-start from the replacement source
[ 21.650]   dropped stream-start from the replacement source
[ 21.650]   dropped segment from the replacement source
[ 21.650]   dropped stream-start from the replacement source
[ 21.650]   dropped stream-start from the replacement source
[ 21.650]   dropped segment from the replacement source
[ 21.650]   dropped stream-start from the replacement source
[ 21.650]   dropped stream-start from the replacement source
[ 21.650]   dropped segment from the replacement source
[ 21.692]   dropped stream-start from the replacement source
[ 21.692]   dropped stream-start from the replacement source
[ 21.692]   dropped segment from the replacement source
[ 21.692]   dropped stream-start from the replacement source
[ 21.692]   dropped stream-start from the replacement source
[ 21.693]   dropped segment from the replacement source
[ 21.693]   dropped stream-start from the replacement source
[ 21.693]   dropped stream-start from the replacement source
[ 21.693]   dropped segment from the replacement source
[ 21.735]   dropped stream-start from the replacement source
[ 21.735]   dropped stream-start from the replacement source
[ 21.735]   dropped segment from the replacement source
[ 21.735]   dropped stream-start from the replacement source
[ 21.735]   dropped stream-start from the replacement source
[ 21.735]   dropped segment from the replacement source
[ 21.735]   dropped stream-start from the replacement source
[ 21.735]   dropped stream-start from the replacement source
[ 21.735]   dropped segment from the replacement source
[ 21.778]   dropped stream-start from the replacement source
[ 21.778]   dropped stream-start from the replacement source
[ 21.778]   dropped segment from the replacement source
[ 21.778]   dropped stream-start from the replacement source
[ 21.778]   dropped stream-start from the replacement source
[ 21.778]   dropped segment from the replacement source
[ 21.778]   dropped stream-start from the replacement source
[ 21.778]   dropped stream-start from the replacement source
[ 21.778]   dropped segment from the replacement source
[ 21.820]   dropped stream-start from the replacement source
[ 21.820]   dropped stream-start from the replacement source
[ 21.820]   dropped segment from the replacement source
[ 21.820]   dropped stream-start from the replacement source
[ 21.820]   dropped stream-start from the replacement source
[ 21.821]   dropped segment from the replacement source
[ 21.821]   dropped stream-start from the replacement source
[ 21.821]   dropped stream-start from the replacement source
[ 21.821]   dropped segment from the replacement source
[ 21.863]   dropped stream-start from the replacement source
[ 21.863]   dropped stream-start from the replacement source
[ 21.863]   dropped segment from the replacement source
[ 21.863]   dropped stream-start from the replacement source
[ 21.863]   dropped stream-start from the replacement source
[ 21.863]   dropped segment from the replacement source
[ 21.863]   dropped stream-start from the replacement source
[ 21.863]   dropped stream-start from the replacement source
[ 21.863]   dropped segment from the replacement source
[ 21.906]   dropped stream-start from the replacement source
[ 21.906]   dropped stream-start from the replacement source
[ 21.906]   dropped segment from the replacement source
[ 21.906]   dropped stream-start from the replacement source
[ 21.906]   dropped stream-start from the replacement source
[ 21.906]   dropped segment from the replacement source
[ 21.906]   dropped stream-start from the replacement source
[ 21.906]   dropped stream-start from the replacement source
[ 21.906]   dropped segment from the replacement source
[ 21.948]   dropped stream-start from the replacement source
[ 21.948]   dropped stream-start from the replacement source
[ 21.948]   dropped segment from the replacement source
[ 21.948]   dropped stream-start from the replacement source
[ 21.948]   dropped stream-start from the replacement source
[ 21.949]   dropped segment from the replacement source
[ 21.949]   dropped stream-start from the replacement source
[ 21.949]   dropped stream-start from the replacement source
[ 21.949]   dropped segment from the replacement source
[ 21.991]   dropped stream-start from the replacement source
[ 21.991]   dropped stream-start from the replacement source
[ 21.991]   dropped segment from the replacement source
[ 21.991]   dropped stream-start from the replacement source
[ 21.991]   dropped stream-start from the replacement source
[ 21.991]   dropped segment from the replacement source
[ 21.991]   dropped stream-start from the replacement source
[ 21.991]   dropped stream-start from the replacement source
[ 21.991]   dropped segment from the replacement source
[ 22.034]   dropped stream-start from the replacement source
[ 22.034]   dropped stream-start from the replacement source
[ 22.034]   dropped segment from the replacement source
[ 22.034]   dropped stream-start from the replacement source
[ 22.034]   dropped stream-start from the replacement source
[ 22.034]   dropped segment from the replacement source
[ 22.034]   dropped stream-start from the replacement source
[ 22.034]   dropped stream-start from the replacement source
[ 22.034]   dropped segment from the replacement source
[ 22.076]   dropped stream-start from the replacement source
[ 22.076]   dropped stream-start from the replacement source
[ 22.076]   dropped segment from the replacement source
[ 22.076]   dropped stream-start from the replacement source
[ 22.076]   dropped stream-start from the replacement source
[ 22.077]   dropped segment from the replacement source
[ 22.077]   dropped stream-start from the replacement source
[ 22.077]   dropped stream-start from the replacement source
[ 22.077]   dropped segment from the replacement source
[ 22.119]   dropped stream-start from the replacement source
[ 22.119]   dropped stream-start from the replacement source
[ 22.119]   dropped segment from the replacement source
[ 22.119]   dropped stream-start from the replacement source
[ 22.119]   dropped stream-start from the replacement source
[ 22.119]   dropped segment from the replacement source
[ 22.119]   dropped stream-start from the replacement source
[ 22.119]   dropped stream-start from the replacement source
[ 22.119]   dropped segment from the replacement source
[ 22.162]   dropped stream-start from the replacement source
[ 22.162]   dropped stream-start from the replacement source
[ 22.162]   dropped segment from the replacement source
[ 22.162]   dropped stream-start from the replacement source
[ 22.162]   dropped stream-start from the replacement source
[ 22.162]   dropped segment from the replacement source
[ 22.162]   dropped stream-start from the replacement source
[ 22.162]   dropped stream-start from the replacement source
[ 22.162]   dropped segment from the replacement source
[ 22.204]   dropped stream-start from the replacement source
[ 22.204]   dropped stream-start from the replacement source
[ 22.204]   dropped segment from the replacement source
[ 22.204]   dropped stream-start from the replacement source
[ 22.205]   dropped stream-start from the replacement source
[ 22.205]   dropped segment from the replacement source
[ 22.205]   dropped stream-start from the replacement source
[ 22.205]   dropped stream-start from the replacement source
[ 22.205]   dropped segment from the replacement source
[ 22.247]   dropped stream-start from the replacement source
[ 22.247]   dropped stream-start from the replacement source
[ 22.247]   dropped segment from the replacement source
[ 22.247]   dropped stream-start from the replacement source
[ 22.247]   dropped stream-start from the replacement source
[ 22.247]   dropped segment from the replacement source
[ 22.247]   dropped stream-start from the replacement source
[ 22.247]   dropped stream-start from the replacement source
[ 22.247]   dropped segment from the replacement source
[ 22.290]   dropped stream-start from the replacement source
[ 22.290]   dropped stream-start from the replacement source
[ 22.290]   dropped segment from the replacement source
[ 22.290]   dropped stream-start from the replacement source
[ 22.290]   dropped stream-start from the replacement source
[ 22.290]   dropped segment from the replacement source
[ 22.290]   dropped stream-start from the replacement source
[ 22.290]   dropped stream-start from the replacement source
[ 22.290]   dropped segment from the replacement source
[ 22.332]   dropped stream-start from the replacement source
[ 22.332]   dropped stream-start from the replacement source
[ 22.332]   dropped segment from the replacement source
[ 22.332]   dropped stream-start from the replacement source
[ 22.332]   dropped stream-start from the replacement source
[ 22.333]   dropped segment from the replacement source
[ 22.333]   dropped stream-start from the replacement source
[ 22.333]   dropped stream-start from the replacement source
[ 22.333]   dropped segment from the replacement source
[ 22.375]   dropped stream-start from the replacement source
[ 22.375]   dropped stream-start from the replacement source
[ 22.375]   dropped segment from the replacement source
[ 22.375]   dropped stream-start from the replacement source
[ 22.375]   dropped stream-start from the replacement source
[ 22.375]   dropped segment from the replacement source
[ 22.375]   dropped stream-start from the replacement source
[ 22.375]   dropped stream-start from the replacement source
[ 22.375]   dropped segment from the replacement source
[ 22.418]   dropped stream-start from the replacement source
[ 22.418]   dropped stream-start from the replacement source
[ 22.418]   dropped segment from the replacement source
[ 22.418]   dropped stream-start from the replacement source
[ 22.418]   dropped stream-start from the replacement source
[ 22.418]   dropped segment from the replacement source
[ 22.418]   dropped stream-start from the replacement source
[ 22.418]   dropped stream-start from the replacement source
[ 22.418]   dropped segment from the replacement source
[ 22.450] rt= 21.15s mux_pts= 15.40s frames=924 screen=603 camera=1058 mic=369 deskaudio=496 paused=False
[ 22.460]   dropped stream-start from the replacement source
[ 22.460]   dropped stream-start from the replacement source
[ 22.460]   dropped segment from the replacement source
[ 22.460]   dropped stream-start from the replacement source
[ 22.460]   dropped stream-start from the replacement source
[ 22.461]   dropped segment from the replacement source
[ 22.461]   dropped stream-start from the replacement source
[ 22.461]   dropped stream-start from the replacement source
[ 22.461]   dropped segment from the replacement source
[ 22.503]   dropped stream-start from the replacement source
[ 22.503]   dropped stream-start from the replacement source
[ 22.503]   dropped segment from the replacement source
[ 22.503]   dropped stream-start from the replacement source
[ 22.503]   dropped stream-start from the replacement source
[ 22.503]   dropped segment from the replacement source
[ 22.503]   dropped stream-start from the replacement source
[ 22.503]   dropped stream-start from the replacement source
[ 22.503]   dropped segment from the replacement source
[ 22.546]   dropped stream-start from the replacement source
[ 22.546]   dropped stream-start from the replacement source
[ 22.546]   dropped segment from the replacement source
[ 22.546]   dropped stream-start from the replacement source
[ 22.546]   dropped stream-start from the replacement source
[ 22.546]   dropped segment from the replacement source
[ 22.546]   dropped stream-start from the replacement source
[ 22.546]   dropped stream-start from the replacement source
[ 22.546]   dropped segment from the replacement source
[ 22.588]   dropped stream-start from the replacement source
[ 22.588]   dropped stream-start from the replacement source
[ 22.588]   dropped segment from the replacement source
[ 22.588]   dropped stream-start from the replacement source
[ 22.588]   dropped stream-start from the replacement source
[ 22.589]   dropped segment from the replacement source
[ 22.589]   dropped stream-start from the replacement source
[ 22.589]   dropped stream-start from the replacement source
[ 22.589]   dropped segment from the replacement source
[ 22.631]   dropped stream-start from the replacement source
[ 22.631]   dropped stream-start from the replacement source
[ 22.631]   dropped segment from the replacement source
[ 22.631]   dropped stream-start from the replacement source
[ 22.631]   dropped stream-start from the replacement source
[ 22.631]   dropped segment from the replacement source
[ 22.631]   dropped stream-start from the replacement source
[ 22.631]   dropped stream-start from the replacement source
[ 22.631]   dropped segment from the replacement source
[ 22.674]   dropped stream-start from the replacement source
[ 22.674]   dropped stream-start from the replacement source
[ 22.674]   dropped segment from the replacement source
[ 22.674]   dropped stream-start from the replacement source
[ 22.674]   dropped stream-start from the replacement source
[ 22.674]   dropped segment from the replacement source
[ 22.674]   dropped stream-start from the replacement source
[ 22.674]   dropped stream-start from the replacement source
[ 22.674]   dropped segment from the replacement source
[ 22.716]   dropped stream-start from the replacement source
[ 22.716]   dropped stream-start from the replacement source
[ 22.716]   dropped segment from the replacement source
[ 22.716]   dropped stream-start from the replacement source
[ 22.716]   dropped stream-start from the replacement source
[ 22.717]   dropped segment from the replacement source
[ 22.717]   dropped stream-start from the replacement source
[ 22.717]   dropped stream-start from the replacement source
[ 22.717]   dropped segment from the replacement source
[ 22.759]   dropped stream-start from the replacement source
[ 22.759]   dropped stream-start from the replacement source
[ 22.759]   dropped segment from the replacement source
[ 22.759]   dropped stream-start from the replacement source
[ 22.759]   dropped stream-start from the replacement source
[ 22.759]   dropped segment from the replacement source
[ 22.759]   dropped stream-start from the replacement source
[ 22.759]   dropped stream-start from the replacement source
[ 22.759]   dropped segment from the replacement source
[ 22.802]   dropped stream-start from the replacement source
[ 22.802]   dropped stream-start from the replacement source
[ 22.802]   dropped segment from the replacement source
[ 22.802]   dropped stream-start from the replacement source
[ 22.802]   dropped stream-start from the replacement source
[ 22.802]   dropped segment from the replacement source
[ 22.802]   dropped stream-start from the replacement source
[ 22.802]   dropped stream-start from the replacement source
[ 22.802]   dropped segment from the replacement source
[ 22.844]   dropped stream-start from the replacement source
[ 22.844]   dropped stream-start from the replacement source
[ 22.844]   dropped segment from the replacement source
[ 22.844]   dropped stream-start from the replacement source
[ 22.844]   dropped stream-start from the replacement source
[ 22.845]   dropped segment from the replacement source
[ 22.845]   dropped stream-start from the replacement source
[ 22.845]   dropped stream-start from the replacement source
[ 22.845]   dropped segment from the replacement source
[ 22.887]   dropped stream-start from the replacement source
[ 22.887]   dropped stream-start from the replacement source
[ 22.887]   dropped segment from the replacement source
[ 22.887]   dropped stream-start from the replacement source
[ 22.887]   dropped stream-start from the replacement source
[ 22.887]   dropped segment from the replacement source
[ 22.887]   dropped stream-start from the replacement source
[ 22.887]   dropped stream-start from the replacement source
[ 22.887]   dropped segment from the replacement source
[ 22.930]   dropped stream-start from the replacement source
[ 22.930]   dropped stream-start from the replacement source
[ 22.930]   dropped segment from the replacement source
[ 22.930]   dropped stream-start from the replacement source
[ 22.930]   dropped stream-start from the replacement source
[ 22.930]   dropped segment from the replacement source
[ 22.930]   dropped stream-start from the replacement source
[ 22.930]   dropped stream-start from the replacement source
[ 22.930]   dropped segment from the replacement source
[ 22.972]   dropped stream-start from the replacement source
[ 22.972]   dropped stream-start from the replacement source
[ 22.972]   dropped segment from the replacement source
[ 22.972]   dropped stream-start from the replacement source
[ 22.972]   dropped stream-start from the replacement source
[ 22.973]   dropped segment from the replacement source
[ 22.973]   dropped stream-start from the replacement source
[ 22.973]   dropped stream-start from the replacement source
[ 22.973]   dropped segment from the replacement source
[ 23.015]   dropped stream-start from the replacement source
[ 23.015]   dropped stream-start from the replacement source
[ 23.015]   dropped segment from the replacement source
[ 23.015]   dropped stream-start from the replacement source
[ 23.015]   dropped stream-start from the replacement source
[ 23.015]   dropped segment from the replacement source
[ 23.015]   dropped stream-start from the replacement source
[ 23.015]   dropped stream-start from the replacement source
[ 23.015]   dropped segment from the replacement source
[ 23.058]   dropped stream-start from the replacement source
[ 23.058]   dropped stream-start from the replacement source
[ 23.058]   dropped segment from the replacement source
[ 23.058]   dropped stream-start from the replacement source
[ 23.058]   dropped stream-start from the replacement source
[ 23.058]   dropped segment from the replacement source
[ 23.058]   dropped stream-start from the replacement source
[ 23.058]   dropped stream-start from the replacement source
[ 23.058]   dropped segment from the replacement source
[ 23.100]   dropped stream-start from the replacement source
[ 23.100]   dropped stream-start from the replacement source
[ 23.100]   dropped segment from the replacement source
[ 23.100]   dropped stream-start from the replacement source
[ 23.100]   dropped stream-start from the replacement source
[ 23.101]   dropped segment from the replacement source
[ 23.101]   dropped stream-start from the replacement source
[ 23.101]   dropped stream-start from the replacement source
[ 23.101]   dropped segment from the replacement source
[ 23.143]   dropped stream-start from the replacement source
[ 23.143]   dropped stream-start from the replacement source
[ 23.143]   dropped segment from the replacement source
[ 23.143]   dropped stream-start from the replacement source
[ 23.143]   dropped stream-start from the replacement source
[ 23.143]   dropped segment from the replacement source
[ 23.143]   dropped stream-start from the replacement source
[ 23.143]   dropped stream-start from the replacement source
[ 23.143]   dropped segment from the replacement source
[ 23.186]   dropped stream-start from the replacement source
[ 23.186]   dropped stream-start from the replacement source
[ 23.186]   dropped segment from the replacement source
[ 23.186]   dropped stream-start from the replacement source
[ 23.186]   dropped stream-start from the replacement source
[ 23.186]   dropped segment from the replacement source
[ 23.186]   dropped stream-start from the replacement source
[ 23.186]   dropped stream-start from the replacement source
[ 23.186]   dropped segment from the replacement source
[ 23.228]   dropped stream-start from the replacement source
[ 23.228]   dropped stream-start from the replacement source
[ 23.228]   dropped segment from the replacement source
[ 23.228]   dropped stream-start from the replacement source
[ 23.228]   dropped stream-start from the replacement source
[ 23.229]   dropped segment from the replacement source
[ 23.229]   dropped stream-start from the replacement source
[ 23.229]   dropped stream-start from the replacement source
[ 23.229]   dropped segment from the replacement source
[ 23.271]   dropped stream-start from the replacement source
[ 23.271]   dropped stream-start from the replacement source
[ 23.271]   dropped segment from the replacement source
[ 23.271]   dropped stream-start from the replacement source
[ 23.271]   dropped stream-start from the replacement source
[ 23.271]   dropped segment from the replacement source
[ 23.271]   dropped stream-start from the replacement source
[ 23.271]   dropped stream-start from the replacement source
[ 23.271]   dropped segment from the replacement source
[ 23.314]   dropped stream-start from the replacement source
[ 23.314]   dropped stream-start from the replacement source
[ 23.314]   dropped segment from the replacement source
[ 23.314]   dropped stream-start from the replacement source
[ 23.314]   dropped stream-start from the replacement source
[ 23.314]   dropped segment from the replacement source
[ 23.314]   dropped stream-start from the replacement source
[ 23.314]   dropped stream-start from the replacement source
[ 23.314]   dropped segment from the replacement source
[ 23.356]   dropped stream-start from the replacement source
[ 23.356]   dropped stream-start from the replacement source
[ 23.356]   dropped segment from the replacement source
[ 23.356]   dropped stream-start from the replacement source
[ 23.356]   dropped stream-start from the replacement source
[ 23.357]   dropped segment from the replacement source
[ 23.357]   dropped stream-start from the replacement source
[ 23.357]   dropped stream-start from the replacement source
[ 23.357]   dropped segment from the replacement source
[ 23.399]   dropped stream-start from the replacement source
[ 23.399]   dropped stream-start from the replacement source
[ 23.399]   dropped segment from the replacement source
[ 23.399]   dropped stream-start from the replacement source
[ 23.399]   dropped stream-start from the replacement source
[ 23.399]   dropped segment from the replacement source
[ 23.399]   dropped stream-start from the replacement source
[ 23.399]   dropped stream-start from the replacement source
[ 23.399]   dropped segment from the replacement source
[ 23.442]   dropped stream-start from the replacement source
[ 23.442]   dropped stream-start from the replacement source
[ 23.442]   dropped segment from the replacement source
[ 23.442]   dropped stream-start from the replacement source
[ 23.442]   dropped stream-start from the replacement source
[ 23.442]   dropped segment from the replacement source
[ 23.442]   dropped stream-start from the replacement source
[ 23.442]   dropped stream-start from the replacement source
[ 23.442]   dropped segment from the replacement source
[ 23.450] rt= 22.15s mux_pts= 16.40s frames=984 screen=633 camera=1108 mic=393 deskaudio=519 paused=False
[ 23.484]   dropped stream-start from the replacement source
[ 23.484]   dropped stream-start from the replacement source
[ 23.484]   dropped segment from the replacement source
[ 23.484]   dropped stream-start from the replacement source
[ 23.484]   dropped stream-start from the replacement source
[ 23.485]   dropped segment from the replacement source
[ 23.485]   dropped stream-start from the replacement source
[ 23.485]   dropped stream-start from the replacement source
[ 23.485]   dropped segment from the replacement source
[ 23.527]   dropped stream-start from the replacement source
[ 23.527]   dropped stream-start from the replacement source
[ 23.527]   dropped segment from the replacement source
[ 23.527]   dropped stream-start from the replacement source
[ 23.527]   dropped stream-start from the replacement source
[ 23.527]   dropped segment from the replacement source
[ 23.527]   dropped stream-start from the replacement source
[ 23.527]   dropped stream-start from the replacement source
[ 23.527]   dropped segment from the replacement source
[ 23.570]   dropped stream-start from the replacement source
[ 23.570]   dropped stream-start from the replacement source
[ 23.570]   dropped segment from the replacement source
[ 23.570]   dropped stream-start from the replacement source
[ 23.570]   dropped stream-start from the replacement source
[ 23.570]   dropped segment from the replacement source
[ 23.570]   dropped stream-start from the replacement source
[ 23.570]   dropped stream-start from the replacement source
[ 23.570]   dropped segment from the replacement source
[ 23.612]   dropped stream-start from the replacement source
[ 23.612]   dropped stream-start from the replacement source
[ 23.612]   dropped segment from the replacement source
[ 23.612]   dropped stream-start from the replacement source
[ 23.612]   dropped stream-start from the replacement source
[ 23.613]   dropped segment from the replacement source
[ 23.613]   dropped stream-start from the replacement source
[ 23.613]   dropped stream-start from the replacement source
[ 23.613]   dropped segment from the replacement source
[ 23.655]   dropped stream-start from the replacement source
[ 23.655]   dropped stream-start from the replacement source
[ 23.655]   dropped segment from the replacement source
[ 23.655]   dropped stream-start from the replacement source
[ 23.655]   dropped stream-start from the replacement source
[ 23.655]   dropped segment from the replacement source
[ 23.655]   dropped stream-start from the replacement source
[ 23.655]   dropped stream-start from the replacement source
[ 23.655]   dropped segment from the replacement source
[ 23.698]   dropped stream-start from the replacement source
[ 23.698]   dropped stream-start from the replacement source
[ 23.698]   dropped segment from the replacement source
[ 23.698]   dropped stream-start from the replacement source
[ 23.698]   dropped stream-start from the replacement source
[ 23.698]   dropped segment from the replacement source
[ 23.698]   dropped stream-start from the replacement source
[ 23.698]   dropped stream-start from the replacement source
[ 23.698]   dropped segment from the replacement source
[ 23.740]   dropped stream-start from the replacement source
[ 23.740]   dropped stream-start from the replacement source
[ 23.740]   dropped segment from the replacement source
[ 23.740]   dropped stream-start from the replacement source
[ 23.740]   dropped stream-start from the replacement source
[ 23.741]   dropped segment from the replacement source
[ 23.741]   dropped stream-start from the replacement source
[ 23.741]   dropped stream-start from the replacement source
[ 23.741]   dropped segment from the replacement source
[ 23.783]   dropped stream-start from the replacement source
[ 23.783]   dropped stream-start from the replacement source
[ 23.783]   dropped segment from the replacement source
[ 23.783]   dropped stream-start from the replacement source
[ 23.783]   dropped stream-start from the replacement source
[ 23.783]   dropped segment from the replacement source
[ 23.783]   dropped stream-start from the replacement source
[ 23.783]   dropped stream-start from the replacement source
[ 23.783]   dropped segment from the replacement source
[ 23.826]   dropped stream-start from the replacement source
[ 23.826]   dropped stream-start from the replacement source
[ 23.826]   dropped segment from the replacement source
[ 23.826]   dropped stream-start from the replacement source
[ 23.826]   dropped stream-start from the replacement source
[ 23.826]   dropped segment from the replacement source
[ 23.826]   dropped stream-start from the replacement source
[ 23.826]   dropped stream-start from the replacement source
[ 23.826]   dropped segment from the replacement source
[ 23.868]   dropped stream-start from the replacement source
[ 23.868]   dropped stream-start from the replacement source
[ 23.868]   dropped segment from the replacement source
[ 23.868]   dropped stream-start from the replacement source
[ 23.868]   dropped stream-start from the replacement source
[ 23.869]   dropped segment from the replacement source
[ 23.869]   dropped stream-start from the replacement source
[ 23.869]   dropped stream-start from the replacement source
[ 23.869]   dropped segment from the replacement source
[ 23.911]   dropped stream-start from the replacement source
[ 23.911]   dropped stream-start from the replacement source
[ 23.911]   dropped segment from the replacement source
[ 23.911]   dropped stream-start from the replacement source
[ 23.911]   dropped stream-start from the replacement source
[ 23.911]   dropped segment from the replacement source
[ 23.911]   dropped stream-start from the replacement source
[ 23.911]   dropped stream-start from the replacement source
[ 23.911]   dropped segment from the replacement source
[ 23.954]   dropped stream-start from the replacement source
[ 23.954]   dropped stream-start from the replacement source
[ 23.954]   dropped segment from the replacement source
[ 23.954]   dropped stream-start from the replacement source
[ 23.954]   dropped stream-start from the replacement source
[ 23.954]   dropped segment from the replacement source
[ 23.954]   dropped stream-start from the replacement source
[ 23.954]   dropped stream-start from the replacement source
[ 23.954]   dropped segment from the replacement source
[ 23.996]   dropped stream-start from the replacement source
[ 23.996]   dropped stream-start from the replacement source
[ 23.996]   dropped segment from the replacement source
[ 23.996]   dropped stream-start from the replacement source
[ 23.996]   dropped stream-start from the replacement source
[ 23.997]   dropped segment from the replacement source
[ 23.997]   dropped stream-start from the replacement source
[ 23.997]   dropped stream-start from the replacement source
[ 23.997]   dropped segment from the replacement source
[ 24.039]   dropped stream-start from the replacement source
[ 24.039]   dropped stream-start from the replacement source
[ 24.039]   dropped segment from the replacement source
[ 24.039]   dropped stream-start from the replacement source
[ 24.039]   dropped stream-start from the replacement source
[ 24.039]   dropped segment from the replacement source
[ 24.039]   dropped stream-start from the replacement source
[ 24.039]   dropped stream-start from the replacement source
[ 24.039]   dropped segment from the replacement source
[ 24.082]   dropped stream-start from the replacement source
[ 24.082]   dropped stream-start from the replacement source
[ 24.082]   dropped segment from the replacement source
[ 24.082]   dropped stream-start from the replacement source
[ 24.082]   dropped stream-start from the replacement source
[ 24.082]   dropped segment from the replacement source
[ 24.082]   dropped stream-start from the replacement source
[ 24.082]   dropped stream-start from the replacement source
[ 24.082]   dropped segment from the replacement source
[ 24.124]   dropped stream-start from the replacement source
[ 24.124]   dropped stream-start from the replacement source
[ 24.124]   dropped segment from the replacement source
[ 24.124]   dropped stream-start from the replacement source
[ 24.124]   dropped stream-start from the replacement source
[ 24.125]   dropped segment from the replacement source
[ 24.125]   dropped stream-start from the replacement source
[ 24.125]   dropped stream-start from the replacement source
[ 24.125]   dropped segment from the replacement source
[ 24.167]   dropped stream-start from the replacement source
[ 24.167]   dropped stream-start from the replacement source
[ 24.167]   dropped segment from the replacement source
[ 24.167]   dropped stream-start from the replacement source
[ 24.167]   dropped stream-start from the replacement source
[ 24.167]   dropped segment from the replacement source
[ 24.167]   dropped stream-start from the replacement source
[ 24.167]   dropped stream-start from the replacement source
[ 24.167]   dropped segment from the replacement source
[ 24.210]   dropped stream-start from the replacement source
[ 24.210]   dropped stream-start from the replacement source
[ 24.210]   dropped segment from the replacement source
[ 24.210]   dropped stream-start from the replacement source
[ 24.210]   dropped stream-start from the replacement source
[ 24.210]   dropped segment from the replacement source
[ 24.210]   dropped stream-start from the replacement source
[ 24.210]   dropped stream-start from the replacement source
[ 24.210]   dropped segment from the replacement source
[ 24.252]   dropped stream-start from the replacement source
[ 24.252]   dropped stream-start from the replacement source
[ 24.252]   dropped segment from the replacement source
[ 24.252]   dropped stream-start from the replacement source
[ 24.253]   dropped stream-start from the replacement source
[ 24.253]   dropped segment from the replacement source
[ 24.253]   dropped stream-start from the replacement source
[ 24.253]   dropped stream-start from the replacement source
[ 24.253]   dropped segment from the replacement source
[ 24.295]   dropped stream-start from the replacement source
[ 24.295]   dropped stream-start from the replacement source
[ 24.295]   dropped segment from the replacement source
[ 24.295]   dropped stream-start from the replacement source
[ 24.295]   dropped stream-start from the replacement source
[ 24.295]   dropped segment from the replacement source
[ 24.295]   dropped stream-start from the replacement source
[ 24.295]   dropped stream-start from the replacement source
[ 24.295]   dropped segment from the replacement source
[ 24.338]   dropped stream-start from the replacement source
[ 24.338]   dropped stream-start from the replacement source
[ 24.338]   dropped segment from the replacement source
[ 24.338]   dropped stream-start from the replacement source
[ 24.338]   dropped stream-start from the replacement source
[ 24.338]   dropped segment from the replacement source
[ 24.338]   dropped stream-start from the replacement source
[ 24.338]   dropped stream-start from the replacement source
[ 24.338]   dropped segment from the replacement source
[ 24.380]   dropped stream-start from the replacement source
[ 24.380]   dropped stream-start from the replacement source
[ 24.380]   dropped segment from the replacement source
[ 24.380]   dropped stream-start from the replacement source
[ 24.381]   dropped stream-start from the replacement source
[ 24.381]   dropped segment from the replacement source
[ 24.381]   dropped stream-start from the replacement source
[ 24.381]   dropped stream-start from the replacement source
[ 24.381]   dropped segment from the replacement source
[ 24.423]   dropped stream-start from the replacement source
[ 24.423]   dropped stream-start from the replacement source
[ 24.423]   dropped segment from the replacement source
[ 24.423]   dropped stream-start from the replacement source
[ 24.423]   dropped stream-start from the replacement source
[ 24.423]   dropped segment from the replacement source
[ 24.423]   dropped stream-start from the replacement source
[ 24.423]   dropped stream-start from the replacement source
[ 24.423]   dropped segment from the replacement source
[ 24.450] rt= 23.15s mux_pts= 17.40s frames=1044 screen=663 camera=1158 mic=416 deskaudio=542 paused=False
[ 24.466]   dropped stream-start from the replacement source
[ 24.466]   dropped stream-start from the replacement source
[ 24.466]   dropped segment from the replacement source
[ 24.466]   dropped stream-start from the replacement source
[ 24.466]   dropped stream-start from the replacement source
[ 24.466]   dropped segment from the replacement source
[ 24.466]   dropped stream-start from the replacement source
[ 24.466]   dropped stream-start from the replacement source
[ 24.466]   dropped segment from the replacement source
[ 24.508]   dropped stream-start from the replacement source
[ 24.508]   dropped stream-start from the replacement source
[ 24.508]   dropped segment from the replacement source
[ 24.508]   dropped stream-start from the replacement source
[ 24.508]   dropped stream-start from the replacement source
[ 24.509]   dropped segment from the replacement source
[ 24.509]   dropped stream-start from the replacement source
[ 24.509]   dropped stream-start from the replacement source
[ 24.509]   dropped segment from the replacement source
[ 24.551]   dropped stream-start from the replacement source
[ 24.551]   dropped stream-start from the replacement source
[ 24.551]   dropped segment from the replacement source
[ 24.551]   dropped stream-start from the replacement source
[ 24.551]   dropped stream-start from the replacement source
[ 24.551]   dropped segment from the replacement source
[ 24.551]   dropped stream-start from the replacement source
[ 24.551]   dropped stream-start from the replacement source
[ 24.551]   dropped segment from the replacement source
[ 24.594]   dropped stream-start from the replacement source
[ 24.594]   dropped stream-start from the replacement source
[ 24.594]   dropped segment from the replacement source
[ 24.594]   dropped stream-start from the replacement source
[ 24.594]   dropped stream-start from the replacement source
[ 24.594]   dropped segment from the replacement source
[ 24.594]   dropped stream-start from the replacement source
[ 24.594]   dropped stream-start from the replacement source
[ 24.594]   dropped segment from the replacement source
[ 24.636]   dropped stream-start from the replacement source
[ 24.636]   dropped stream-start from the replacement source
[ 24.636]   dropped segment from the replacement source
[ 24.636]   dropped stream-start from the replacement source
[ 24.636]   dropped stream-start from the replacement source
[ 24.637]   dropped segment from the replacement source
[ 24.637]   dropped stream-start from the replacement source
[ 24.637]   dropped stream-start from the replacement source
[ 24.637]   dropped segment from the replacement source
[ 24.679]   dropped stream-start from the replacement source
[ 24.679]   dropped stream-start from the replacement source
[ 24.679]   dropped segment from the replacement source
[ 24.679]   dropped stream-start from the replacement source
[ 24.679]   dropped stream-start from the replacement source
[ 24.679]   dropped segment from the replacement source
[ 24.679]   dropped stream-start from the replacement source
[ 24.679]   dropped stream-start from the replacement source
[ 24.679]   dropped segment from the replacement source
[ 24.722]   dropped stream-start from the replacement source
[ 24.722]   dropped stream-start from the replacement source
[ 24.722]   dropped segment from the replacement source
[ 24.722]   dropped stream-start from the replacement source
[ 24.722]   dropped stream-start from the replacement source
[ 24.722]   dropped segment from the replacement source
[ 24.722]   dropped stream-start from the replacement source
[ 24.722]   dropped stream-start from the replacement source
[ 24.722]   dropped segment from the replacement source
[ 24.764]   dropped stream-start from the replacement source
[ 24.764]   dropped stream-start from the replacement source
[ 24.764]   dropped segment from the replacement source
[ 24.764]   dropped stream-start from the replacement source
[ 24.764]   dropped stream-start from the replacement source
[ 24.764]   dropped segment from the replacement source
[ 24.765]   dropped stream-start from the replacement source
[ 24.765]   dropped stream-start from the replacement source
[ 24.765]   dropped segment from the replacement source
[ 24.807]   dropped stream-start from the replacement source
[ 24.807]   dropped stream-start from the replacement source
[ 24.807]   dropped segment from the replacement source
[ 24.807]   dropped stream-start from the replacement source
[ 24.807]   dropped stream-start from the replacement source
[ 24.807]   dropped segment from the replacement source
[ 24.807]   dropped stream-start from the replacement source
[ 24.807]   dropped stream-start from the replacement source
[ 24.807]   dropped segment from the replacement source
[ 24.850]   dropped stream-start from the replacement source
[ 24.850]   dropped stream-start from the replacement source
[ 24.850]   dropped segment from the replacement source
[ 24.850]   dropped stream-start from the replacement source
[ 24.850]   dropped stream-start from the replacement source
[ 24.850]   dropped segment from the replacement source
[ 24.850]   dropped stream-start from the replacement source
[ 24.850]   dropped stream-start from the replacement source
[ 24.850]   dropped segment from the replacement source
[ 24.892]   dropped stream-start from the replacement source
[ 24.892]   dropped stream-start from the replacement source
[ 24.892]   dropped segment from the replacement source
[ 24.892]   dropped stream-start from the replacement source
[ 24.892]   dropped stream-start from the replacement source
[ 24.893]   dropped segment from the replacement source
[ 24.893]   dropped stream-start from the replacement source
[ 24.893]   dropped stream-start from the replacement source
[ 24.893]   dropped segment from the replacement source
[ 24.935]   dropped stream-start from the replacement source
[ 24.935]   dropped stream-start from the replacement source
[ 24.935]   dropped segment from the replacement source
[ 24.935]   dropped stream-start from the replacement source
[ 24.935]   dropped stream-start from the replacement source
[ 24.935]   dropped segment from the replacement source
[ 24.935]   dropped stream-start from the replacement source
[ 24.935]   dropped stream-start from the replacement source
[ 24.935]   dropped segment from the replacement source
[ 24.978]   dropped stream-start from the replacement source
[ 24.978]   dropped stream-start from the replacement source
[ 24.978]   dropped segment from the replacement source
[ 24.978]   dropped stream-start from the replacement source
[ 24.978]   dropped stream-start from the replacement source
[ 24.978]   dropped segment from the replacement source
[ 24.978]   dropped stream-start from the replacement source
[ 24.978]   dropped stream-start from the replacement source
[ 24.978]   dropped segment from the replacement source
[ 25.020]   dropped stream-start from the replacement source
[ 25.020]   dropped stream-start from the replacement source
[ 25.020]   dropped segment from the replacement source
[ 25.020]   dropped stream-start from the replacement source
[ 25.021]   dropped stream-start from the replacement source
[ 25.021]   dropped segment from the replacement source
[ 25.021]   dropped stream-start from the replacement source
[ 25.021]   dropped stream-start from the replacement source
[ 25.021]   dropped segment from the replacement source
[ 25.063]   dropped stream-start from the replacement source
[ 25.063]   dropped stream-start from the replacement source
[ 25.063]   dropped segment from the replacement source
[ 25.063]   dropped stream-start from the replacement source
[ 25.063]   dropped stream-start from the replacement source
[ 25.063]   dropped segment from the replacement source
[ 25.063]   dropped stream-start from the replacement source
[ 25.063]   dropped stream-start from the replacement source
[ 25.063]   dropped segment from the replacement source
[ 25.106]   dropped stream-start from the replacement source
[ 25.106]   dropped stream-start from the replacement source
[ 25.106]   dropped segment from the replacement source
[ 25.106]   dropped stream-start from the replacement source
[ 25.106]   dropped stream-start from the replacement source
[ 25.106]   dropped segment from the replacement source
[ 25.106]   dropped stream-start from the replacement source
[ 25.106]   dropped stream-start from the replacement source
[ 25.106]   dropped segment from the replacement source
[ 25.148]   dropped stream-start from the replacement source
[ 25.148]   dropped stream-start from the replacement source
[ 25.148]   dropped segment from the replacement source
[ 25.148]   dropped stream-start from the replacement source
[ 25.148]   dropped stream-start from the replacement source
[ 25.149]   dropped segment from the replacement source
[ 25.149]   dropped stream-start from the replacement source
[ 25.149]   dropped stream-start from the replacement source
[ 25.149]   dropped segment from the replacement source
[ 25.191]   dropped stream-start from the replacement source
[ 25.191]   dropped stream-start from the replacement source
[ 25.191]   dropped segment from the replacement source
[ 25.191]   dropped stream-start from the replacement source
[ 25.191]   dropped stream-start from the replacement source
[ 25.191]   dropped segment from the replacement source
[ 25.191]   dropped stream-start from the replacement source
[ 25.191]   dropped stream-start from the replacement source
[ 25.191]   dropped segment from the replacement source
[ 25.192] EVENT stop
[ 25.192] EOS + finalise
[ 25.192]   dropped stream-start from the replacement source
[ 25.192]   dropped stream-start from the replacement source
[ 25.192]   dropped segment from the replacement source
[ 25.192]   dropped stream-start from the replacement source
[ 25.193]   dropped stream-start from the replacement source
[ 25.193]   dropped segment from the replacement source
[ 25.193]   dropped stream-start from the replacement source
[ 25.193]   dropped stream-start from the replacement source
[ 25.193]   dropped segment from the replacement source
[ 25.316] bus EOS
[ 25.323] REPORT {"record": "/tmp/p135-meter.mp4", "muxer": "isofmp4", "frag_ms": 500, "offset_mode": "rewrite", "counts": {"screen": 685, "camera": 1195, "mic": 434, "deskaudio": 560}, "max_gap_s": {"screen": 0.268, "camera": 0.049, "mic": 5.429, "deskaudio": 0.046}, "total_excised_ns": 5716925947, "mux_buffers": 1091, "rebuilds": {"mic": 1, "screen": 0, "deskaudio": 0}, "recasts": 0, "mic_node": {"id": 46, "serial": 2632, "name": "proto133mic", "desc": "proto133mic", "class": "Audio/Sink"}, "desk_node": null, "delays_ms": {}, "screen_delay_ms": 0, "delay_mode": "probe", "levels": {"desklevel": {"t": 25.192, "rms": [-29.0, -29.0], "peak": [-26.0, -26.0]}, "miclevel": {"t": 25.193, "rms": [-37.0, -37.0], "peak": [-34.0, -34.0]}, "mixlevel": {"t": 25.193, "rms": [-700.0, -700.0], "peak": [-350.0, -350.0]}}, "level_counts": {"desklevel": 182, "miclevel": 181, "mixlevel": 238}, "level_max_db": {"desklevel": -26.6, "miclevel": -34.4, "mixlevel": -28.4}, "last_mux_pts_ns": 18183074053, "preview": "gl", "preview_rate": 15, "preview_frames": 359, "dropped_repeat_pts": 0, "preview_geometry": {"logical": [352, 249], "surface_scale": 1.25, "physical": [440, 311]}, "alert_mode": "mapped", "alert_lead_ms": 34, "alert_paints_ms": [["show", 17.9], ["hide", 14.9]], "layout": 2, "events": [{"kind": "layout", "n": 2, "t": 1.0539725560010993}, {"kind": "live", "feed": "camera", "t": 1.3028407800011337}, {"kind": "live", "feed": "screen", "t": 1.3048013000006904}, {"kind": "live", "feed": "deskaudio", "t": 1.3256226029989193}, {"kind": "live", "feed": "mic", "t": 1.3307576900006097}, {"kind": "preview-caps", "t": 1.3557635220022348, "caps": "video/x-raw(memory:GLMemory), format=(string)RGBA, width=(int)440, height=(int)248, framerate=(fraction)15/1, interlace-mode=(string)progressive, pixel-aspect-ratio=(fraction)1/1, texture-target=(string)2D"}, {"kind": "event", "what": "grim=out/meter-live.png", "t": 5.192046311000013}, {"kind": "event", "what": "sh=./mickill.sh", "t": 8.192026315999101}, {"kind": "dead", "feed": "mic", "why": "pipewire registry removed node 36", "t": 8.452356636000331}, {"kind": "pause", "t": 8.45241333300146, "rt": 7153706426}, {"kind": "event", "what": "grim=out/meter-dead.png", "t": 10.19204515200181}, {"kind": "event", "what": "sh=./micstart.sh", "t": 13.192025142001512}, {"kind": "swap", "feed": "mic", "t": 13.785140928001056, "unlink_ms": 0.1, "to_null_ms": 1.2, "null_ret": "success", "remove_ms": 0.0, "configure_ms": 78.7, "relink_ms": 10.4, "total_ms": 90.5, "link": "ok", "serial": 2632, "old_serial": 2562, "node_id": 46}, {"kind": "back", "feed": "mic", "t": 13.835214525999618, "dead_ms": 5382.9, "attempts": 1}, {"kind": "alert-hide", "t": 14.13525272500192}, {"kind": "resume", "t": 14.169360800002323, "gap_ns": 5716925947, "total_offset_ns": 5716925947}, {"kind": "event", "what": "grim=out/meter-back.png", "t": 18.19200984100098}, {"kind": "event", "what": "stop", "t": 25.1920178750006}]}
