[  0.011] gtk: display=wayland-1 renderer=default
[  0.011] build: begin
[  0.012] portal: proxy ready, handshake (cached token: yes)
[  0.015] portal: CreateSession ok
[  0.015] portal: SelectSources
[  0.043] portal: Start returned {'streams': [(124, {'source_type': 1, 'size': (3440, 1440), 'position': (0, 0)})], 'source_type': 1, 'restore_token': '<restore-token-redacted>'}
[  0.043] portal: Start returned a restore_token (SAME as the one sent), cached
[  0.045] portal: handshake done in 33ms
[  0.045] portal: fd=6 node=124
[  0.108] mic: id=46 serial=2632 name=proto133mic class=Audio/Sink
[  0.108] deskaudio: following the default sink (no target-object)
[  0.108] pipeline: glvideomixer name=mix background=black ! video/x-raw(memory:GLMemory),width=2560,height=1440,framerate=60/1 ! tee name=t ! queue max-size-buffers=6 ! valve name=vvalve ! queue max-size-buffers=6 ! nvh264enc bitrate=50000 rc-mode=cbr gop-size=120 ! h264parse ! queue ! isofmp4mux name=mux fragment-duration=500000000 header-update-mode=rewrite write-mehd=true ! filesink name=sink location=/tmp/p135-meter2.mp4 videotestsrc pattern=ball is-live=true ! video/x-raw,width=1024,height=576,framerate=50/1 ! videoconvert ! glupload ! glcolorconvert ! video/x-raw(memory:GLMemory),format=RGBA ! mix.sink_1  pipewiresrc name=mic target-object=2632 do-timestamp=true ! audio/x-raw,channels=2 ! queue max-size-time=200000000 ! level name=miclevel post-messages=true interval=100000000 ! valve name=micvalve ! audioconvert ! audioresample ! tee name=mict  pipewiresrc name=desk do-timestamp=true stream-properties="props,stream.capture.sink=true" ! audio/x-raw,channels=2 ! queue max-size-time=200000000 ! level name=desklevel post-messages=true interval=100000000 ! valve name=deskvalve ! audioconvert ! audioresample ! tee name=deskt  audiomixer name=amix latency=100000000 start-time-selection=first ! level name=mixlevel post-messages=true interval=100000000 ! valve name=mixvalve ! audioconvert ! audioresample ! avenc_aac name=mixaac bitrate=192000 ! aacparse ! queue ! mux.sink_1  mict. ! queue max-size-time=400000000 max-size-buffers=0 max-size-bytes=0 ! amix.sink_0  deskt. ! queue max-size-time=400000000 max-size-buffers=0 max-size-bytes=0 ! amix.sink_1  mict. ! queue ! avenc_aac name=rawmicaac bitrate=192000 ! aacparse ! queue ! mux.sink_2  deskt. ! queue ! avenc_aac name=rawdeskaac bitrate=192000 ! aacparse ! queue ! mux.sink_3  t. ! queue max-size-buffers=2 leaky=downstream ! videorate drop-only=true max-rate=15 ! glcolorconvert ! glcolorscale ! video/x-raw(memory:GLMemory),format=RGBA,width=440,height=248 ! gtk4paintablesink name=preview sync=false 
[  1.056] LAYOUT 2
[  1.057] excision probe on mixaac
[  1.057] excision probe on rawmicaac
[  1.057] excision probe on rawdeskaac
[  1.057] pinned the pipeline to GstSystemClock
[  1.192] preview: window presented
[  1.195] alert: window created (mode=mapped)
[  1.196] registry watch: pw-mon running
[  1.307] LIVE  mic: first buffer
[  1.307] LIVE  camera: first buffer
[  1.310] LIVE  screen: first buffer
[  1.335] LIVE  deskaudio: first buffer
[  1.365] vvalve out #1: pts=0 dts=18446744073709551615 dur=16666666
[  1.366] preview: first frame, caps=video/x-raw(memory:GLMemory), format=(string)RGBA, width=(int)440, height=(int)248, framerate=(fraction)15/1, interlace-mode=(string)progressive, pixel-aspect-ratio=(fraction)1/1, texture-target=(string)2D
[  1.374] vvalve out #2: pts=16666666 dts=18446744073709551615 dur=16666667
[  1.374] vvalve out #3: pts=33333333 dts=18446744073709551615 dur=16666667
[  1.378] vvalve out #4: pts=50000000 dts=18446744073709551615 dur=16666666
[  1.400] vvalve out #5: pts=66666666 dts=18446744073709551615 dur=16666667
[  2.196] pipeline clock: GstSystemClock (SystemClock)
[  2.196] rt=  0.89s mux_pts=  0.85s frames=52 screen=30 camera=45 mic=21 deskaudio=21 paused=False
[  3.196] rt=  1.89s mux_pts=  1.85s frames=112 screen=60 camera=95 mic=45 deskaudio=44 paused=False
[  4.196] rt=  2.89s mux_pts=  2.85s frames=172 screen=90 camera=145 mic=68 deskaudio=68 paused=False
[  5.196] EVENT grim=out/m2-live.png
[  5.196]   $ grim -o DP-3 out/m2-live.png
[  5.401] rt=  4.10s mux_pts=  4.05s frames=244 screen=120 camera=205 mic=96 deskaudio=96 paused=False
[  6.401] rt=  5.10s mux_pts=  5.08s frames=306 screen=151 camera=255 mic=120 deskaudio=119 paused=False
[  7.401] rt=  6.10s mux_pts=  6.08s frames=366 screen=182 camera=305 mic=143 deskaudio=143 paused=False
[  8.196] EVENT sh=./mickill.sh
[  8.196]   $ ./mickill.sh
[  8.446] rt=  7.14s mux_pts=  7.10s frames=427 screen=206 camera=357 mic=167 deskaudio=167 paused=False
[  8.449] DEAD  mic: pipewire registry removed node 46 (last buffer 59ms ago)
[  8.449] PAUSE at running-time 7.146s
[  8.577] WAIT  mic: no node matching 'proto133mic' yet - nothing to retry
[  9.446] rt=  8.14s mux_pts=  7.10s frames=427 screen=236 camera=407 mic=167 deskaudio=191 paused=True
[ 10.196] EVENT grim=out/m2-dead.png
[ 10.196]   $ grim -o DP-3 out/m2-dead.png
[ 10.446] rt=  9.14s mux_pts=  7.10s frames=427 screen=260 camera=457 mic=167 deskaudio=214 paused=True
[ 11.446] rt= 10.14s mux_pts=  7.10s frames=427 screen=289 camera=507 mic=167 deskaudio=237 paused=True
[ 12.446] rt= 11.14s mux_pts=  7.10s frames=427 screen=317 camera=557 mic=167 deskaudio=261 paused=True
[ 13.196] EVENT sh=./micstart.sh
[ 13.196]   $ ./micstart.sh
[ 13.446] rt= 12.14s mux_pts=  7.10s frames=427 screen=341 camera=607 mic=167 deskaudio=284 paused=True
[ 13.691] RECOVER mic: attempt 1
[ 13.770]   dropped stream-start from the replacement source
[ 13.779]   dropped stream-start from the replacement source
[ 13.779]   dropped stream-start from the replacement source
[ 13.779]   dropped stream-start from the replacement source
[ 13.779]   dropped stream-start from the replacement source[ 13.779] mic: swapped source in 87.9ms (NULL 1.2ms/success, configure 76.0ms, link ok) {'serial': 2690, 'old_serial': 2632, 'node_id': 148}

[ 13.803]   dropped stream-start from the replacement source
[ 13.803]   dropped stream-start from the replacement source
[ 13.804]   dropped stream-start from the replacement source
[ 13.804]   dropped stream-start from the replacement source
[ 13.804]   dropped stream-start from the replacement source
[ 13.804]   dropped segment from the replacement source
[ 13.804]   dropped stream-start from the replacement source
[ 13.804]   dropped stream-start from the replacement source
[ 13.804]   dropped segment from the replacement source
[ 13.804]   dropped stream-start from the replacement source
[ 13.804]   dropped stream-start from the replacement source
[ 13.804]   dropped segment from the replacement source
[ 13.804]   dropped stream-start from the replacement source
[ 13.804]   dropped stream-start from the replacement source
[ 13.804]   dropped segment from the replacement source
[ 13.829] BACK  mic: data flowing again (5380ms dead, 1 recovery attempt(s))
[ 13.846]   dropped stream-start from the replacement source
[ 13.846]   dropped stream-start from the replacement source
[ 13.846]   dropped segment from the replacement source
[ 13.847]   dropped stream-start from the replacement source
[ 13.847]   dropped stream-start from the replacement source
[ 13.847]   dropped segment from the replacement source
[ 13.847]   dropped stream-start from the replacement source
[ 13.847]   dropped stream-start from the replacement source
[ 13.847]   dropped segment from the replacement source
[ 13.889]   dropped stream-start from the replacement source
[ 13.889]   dropped stream-start from the replacement source
[ 13.889]   dropped segment from the replacement source
[ 13.889]   dropped stream-start from the replacement source
[ 13.889]   dropped stream-start from the replacement source
[ 13.889]   dropped segment from the replacement source
[ 13.889]   dropped stream-start from the replacement source
[ 13.889]   dropped stream-start from the replacement source
[ 13.889]   dropped segment from the replacement source
[ 13.932]   dropped stream-start from the replacement source
[ 13.932]   dropped stream-start from the replacement source
[ 13.932]   dropped segment from the replacement source
[ 13.932]   dropped stream-start from the replacement source
[ 13.932]   dropped stream-start from the replacement source
[ 13.932]   dropped segment from the replacement source
[ 13.932]   dropped stream-start from the replacement source
[ 13.932]   dropped stream-start from the replacement source
[ 13.932]   dropped segment from the replacement source
[ 13.974]   dropped stream-start from the replacement source
[ 13.974]   dropped stream-start from the replacement source
[ 13.974]   dropped segment from the replacement source
[ 13.975]   dropped stream-start from the replacement source
[ 13.975]   dropped stream-start from the replacement source
[ 13.975]   dropped segment from the replacement source
[ 13.975]   dropped stream-start from the replacement source
[ 13.975]   dropped stream-start from the replacement source
[ 13.975]   dropped segment from the replacement source
[ 14.017]   dropped stream-start from the replacement source
[ 14.017]   dropped stream-start from the replacement source
[ 14.017]   dropped segment from the replacement source
[ 14.017]   dropped stream-start from the replacement source
[ 14.017]   dropped stream-start from the replacement source
[ 14.017]   dropped segment from the replacement source
[ 14.017]   dropped stream-start from the replacement source
[ 14.017]   dropped stream-start from the replacement source
[ 14.017]   dropped segment from the replacement source
[ 14.060]   dropped stream-start from the replacement source
[ 14.060]   dropped stream-start from the replacement source
[ 14.060]   dropped segment from the replacement source
[ 14.060]   dropped stream-start from the replacement source
[ 14.060]   dropped stream-start from the replacement source
[ 14.060]   dropped segment from the replacement source
[ 14.060]   dropped stream-start from the replacement source
[ 14.060]   dropped stream-start from the replacement source
[ 14.060]   dropped segment from the replacement source
[ 14.102]   dropped stream-start from the replacement source
[ 14.102]   dropped stream-start from the replacement source
[ 14.102]   dropped segment from the replacement source
[ 14.103]   dropped stream-start from the replacement source
[ 14.103]   dropped stream-start from the replacement source
[ 14.103]   dropped segment from the replacement source
[ 14.103]   dropped stream-start from the replacement source
[ 14.103]   dropped stream-start from the replacement source
[ 14.103]   dropped segment from the replacement source
[ 14.145]   dropped stream-start from the replacement source
[ 14.145]   dropped stream-start from the replacement source
[ 14.145]   dropped segment from the replacement source
[ 14.145]   dropped stream-start from the replacement source
[ 14.145]   dropped stream-start from the replacement source
[ 14.145]   dropped segment from the replacement source
[ 14.145]   dropped stream-start from the replacement source
[ 14.145]   dropped stream-start from the replacement source
[ 14.146]   dropped segment from the replacement source
[ 14.163] RESUME after 5.714s (total excised 5.714s, mode=rewrite)
[ 14.188]   dropped stream-start from the replacement source
[ 14.188]   dropped stream-start from the replacement source
[ 14.188]   dropped segment from the replacement source
[ 14.188]   dropped stream-start from the replacement source
[ 14.188]   dropped stream-start from the replacement source
[ 14.188]   dropped segment from the replacement source
[ 14.188]   dropped stream-start from the replacement source
[ 14.188]   dropped stream-start from the replacement source
[ 14.188]   dropped segment from the replacement source
[ 14.189]   dropped stream-start from the replacement source
[ 14.189]   dropped stream-start from the replacement source
[ 14.189]   dropped segment from the replacement source
[ 14.230]   dropped stream-start from the replacement source
[ 14.230]   dropped stream-start from the replacement source
[ 14.230]   dropped segment from the replacement source
[ 14.231]   dropped stream-start from the replacement source
[ 14.231]   dropped stream-start from the replacement source
[ 14.231]   dropped segment from the replacement source
[ 14.231]   dropped stream-start from the replacement source
[ 14.231]   dropped stream-start from the replacement source
[ 14.231]   dropped segment from the replacement source
[ 14.273]   dropped stream-start from the replacement source
[ 14.273]   dropped stream-start from the replacement source
[ 14.273]   dropped segment from the replacement source
[ 14.273]   dropped stream-start from the replacement source
[ 14.273]   dropped stream-start from the replacement source
[ 14.273]   dropped segment from the replacement source
[ 14.273]   dropped stream-start from the replacement source
[ 14.273]   dropped stream-start from the replacement source
[ 14.273]   dropped segment from the replacement source
[ 14.316]   dropped stream-start from the replacement source
[ 14.316]   dropped stream-start from the replacement source
[ 14.316]   dropped segment from the replacement source
[ 14.316]   dropped stream-start from the replacement source
[ 14.316]   dropped stream-start from the replacement source
[ 14.316]   dropped segment from the replacement source
[ 14.316]   dropped stream-start from the replacement source
[ 14.316]   dropped stream-start from the replacement source
[ 14.316]   dropped segment from the replacement source
[ 14.358]   dropped stream-start from the replacement source
[ 14.358]   dropped stream-start from the replacement source
[ 14.358]   dropped segment from the replacement source
[ 14.359]   dropped stream-start from the replacement source
[ 14.359]   dropped stream-start from the replacement source
[ 14.359]   dropped segment from the replacement source
[ 14.359]   dropped stream-start from the replacement source
[ 14.359]   dropped stream-start from the replacement source
[ 14.359]   dropped segment from the replacement source
[ 14.401]   dropped stream-start from the replacement source
[ 14.401]   dropped stream-start from the replacement source
[ 14.401]   dropped segment from the replacement source
[ 14.401]   dropped stream-start from the replacement source
[ 14.401]   dropped stream-start from the replacement source
[ 14.401]   dropped segment from the replacement source
[ 14.401]   dropped stream-start from the replacement source
[ 14.401]   dropped stream-start from the replacement source
[ 14.401]   dropped segment from the replacement source
[ 14.444]   dropped stream-start from the replacement source
[ 14.444]   dropped stream-start from the replacement source
[ 14.444]   dropped segment from the replacement source
[ 14.444]   dropped stream-start from the replacement source
[ 14.444]   dropped stream-start from the replacement source
[ 14.444]   dropped segment from the replacement source
[ 14.444]   dropped stream-start from the replacement source
[ 14.444]   dropped stream-start from the replacement source
[ 14.444]   dropped segment from the replacement source
[ 14.446] rt= 13.14s mux_pts=  7.39s frames=443 screen=368 camera=657 mic=183 deskaudio=308 paused=False
[ 14.486]   dropped stream-start from the replacement source
[ 14.486]   dropped stream-start from the replacement source
[ 14.486]   dropped segment from the replacement source
[ 14.487]   dropped stream-start from the replacement source
[ 14.487]   dropped stream-start from the replacement source
[ 14.487]   dropped segment from the replacement source
[ 14.487]   dropped stream-start from the replacement source
[ 14.487]   dropped stream-start from the replacement source
[ 14.487]   dropped segment from the replacement source
[ 14.529]   dropped stream-start from the replacement source
[ 14.529]   dropped stream-start from the replacement source
[ 14.529]   dropped segment from the replacement source
[ 14.529]   dropped stream-start from the replacement source
[ 14.529]   dropped stream-start from the replacement source
[ 14.529]   dropped segment from the replacement source
[ 14.529]   dropped stream-start from the replacement source
[ 14.529]   dropped stream-start from the replacement source
[ 14.529]   dropped segment from the replacement source
[ 14.572]   dropped stream-start from the replacement source
[ 14.572]   dropped stream-start from the replacement source
[ 14.572]   dropped segment from the replacement source
[ 14.572]   dropped stream-start from the replacement source
[ 14.572]   dropped stream-start from the replacement source
[ 14.572]   dropped segment from the replacement source
[ 14.572]   dropped stream-start from the replacement source
[ 14.572]   dropped stream-start from the replacement source
[ 14.572]   dropped segment from the replacement source
[ 14.614]   dropped stream-start from the replacement source
[ 14.614]   dropped stream-start from the replacement source
[ 14.614]   dropped segment from the replacement source
[ 14.615]   dropped stream-start from the replacement source
[ 14.615]   dropped stream-start from the replacement source
[ 14.615]   dropped segment from the replacement source
[ 14.615]   dropped stream-start from the replacement source
[ 14.615]   dropped stream-start from the replacement source
[ 14.615]   dropped segment from the replacement source
[ 14.657]   dropped stream-start from the replacement source
[ 14.657]   dropped stream-start from the replacement source
[ 14.657]   dropped segment from the replacement source
[ 14.657]   dropped stream-start from the replacement source
[ 14.657]   dropped stream-start from the replacement source
[ 14.657]   dropped segment from the replacement source
[ 14.657]   dropped stream-start from the replacement source
[ 14.657]   dropped stream-start from the replacement source
[ 14.657]   dropped segment from the replacement source
[ 14.700]   dropped stream-start from the replacement source
[ 14.700]   dropped stream-start from the replacement source
[ 14.700]   dropped segment from the replacement source
[ 14.700]   dropped stream-start from the replacement source
[ 14.700]   dropped stream-start from the replacement source
[ 14.700]   dropped segment from the replacement source
[ 14.700]   dropped stream-start from the replacement source
[ 14.700]   dropped stream-start from the replacement source
[ 14.700]   dropped segment from the replacement source
[ 14.742]   dropped stream-start from the replacement source
[ 14.742]   dropped stream-start from the replacement source
[ 14.742]   dropped segment from the replacement source
[ 14.743]   dropped stream-start from the replacement source
[ 14.743]   dropped stream-start from the replacement source
[ 14.743]   dropped segment from the replacement source
[ 14.743]   dropped stream-start from the replacement source
[ 14.743]   dropped stream-start from the replacement source
[ 14.743]   dropped segment from the replacement source
[ 14.785]   dropped stream-start from the replacement source
[ 14.785]   dropped stream-start from the replacement source
[ 14.785]   dropped segment from the replacement source
[ 14.785]   dropped stream-start from the replacement source
[ 14.785]   dropped stream-start from the replacement source
[ 14.785]   dropped segment from the replacement source
[ 14.785]   dropped stream-start from the replacement source
[ 14.785]   dropped stream-start from the replacement source
[ 14.786]   dropped segment from the replacement source
[ 14.828]   dropped stream-start from the replacement source
[ 14.828]   dropped stream-start from the replacement source
[ 14.828]   dropped segment from the replacement source
[ 14.828]   dropped stream-start from the replacement source
[ 14.828]   dropped stream-start from the replacement source
[ 14.828]   dropped segment from the replacement source
[ 14.828]   dropped stream-start from the replacement source
[ 14.828]   dropped stream-start from the replacement source
[ 14.828]   dropped segment from the replacement source
[ 14.870]   dropped stream-start from the replacement source
[ 14.870]   dropped stream-start from the replacement source
[ 14.870]   dropped segment from the replacement source
[ 14.871]   dropped stream-start from the replacement source
[ 14.871]   dropped stream-start from the replacement source
[ 14.871]   dropped segment from the replacement source
[ 14.871]   dropped stream-start from the replacement source
[ 14.871]   dropped stream-start from the replacement source
[ 14.871]   dropped segment from the replacement source
[ 14.913]   dropped stream-start from the replacement source
[ 14.913]   dropped stream-start from the replacement source
[ 14.913]   dropped segment from the replacement source
[ 14.913]   dropped stream-start from the replacement source
[ 14.913]   dropped stream-start from the replacement source
[ 14.913]   dropped segment from the replacement source
[ 14.913]   dropped stream-start from the replacement source
[ 14.913]   dropped stream-start from the replacement source
[ 14.913]   dropped segment from the replacement source
[ 14.956]   dropped stream-start from the replacement source
[ 14.956]   dropped stream-start from the replacement source
[ 14.956]   dropped segment from the replacement source
[ 14.956]   dropped stream-start from the replacement source
[ 14.956]   dropped stream-start from the replacement source
[ 14.956]   dropped segment from the replacement source
[ 14.956]   dropped stream-start from the replacement source
[ 14.956]   dropped stream-start from the replacement source
[ 14.956]   dropped segment from the replacement source
[ 14.998]   dropped stream-start from the replacement source
[ 14.998]   dropped stream-start from the replacement source
[ 14.999]   dropped segment from the replacement source
[ 14.999]   dropped stream-start from the replacement source
[ 14.999]   dropped stream-start from the replacement source
[ 14.999]   dropped segment from the replacement source
[ 14.999]   dropped stream-start from the replacement source
[ 14.999]   dropped stream-start from the replacement source
[ 14.999]   dropped segment from the replacement source
[ 15.041]   dropped stream-start from the replacement source
[ 15.041]   dropped stream-start from the replacement source
[ 15.041]   dropped segment from the replacement source
[ 15.041]   dropped stream-start from the replacement source
[ 15.041]   dropped stream-start from the replacement source
[ 15.041]   dropped segment from the replacement source
[ 15.041]   dropped stream-start from the replacement source
[ 15.041]   dropped stream-start from the replacement source
[ 15.042]   dropped segment from the replacement source
[ 15.084]   dropped stream-start from the replacement source
[ 15.084]   dropped stream-start from the replacement source
[ 15.084]   dropped segment from the replacement source
[ 15.084]   dropped stream-start from the replacement source
[ 15.084]   dropped stream-start from the replacement source
[ 15.084]   dropped segment from the replacement source
[ 15.084]   dropped stream-start from the replacement source
[ 15.084]   dropped stream-start from the replacement source
[ 15.084]   dropped segment from the replacement source
[ 15.126]   dropped stream-start from the replacement source
[ 15.126]   dropped stream-start from the replacement source
[ 15.126]   dropped segment from the replacement source
[ 15.127]   dropped stream-start from the replacement source
[ 15.127]   dropped stream-start from the replacement source
[ 15.127]   dropped segment from the replacement source
[ 15.127]   dropped stream-start from the replacement source
[ 15.127]   dropped stream-start from the replacement source
[ 15.127]   dropped segment from the replacement source
[ 15.169]   dropped stream-start from the replacement source
[ 15.169]   dropped stream-start from the replacement source
[ 15.169]   dropped segment from the replacement source
[ 15.169]   dropped stream-start from the replacement source
[ 15.169]   dropped stream-start from the replacement source
[ 15.169]   dropped segment from the replacement source
[ 15.169]   dropped stream-start from the replacement source
[ 15.169]   dropped stream-start from the replacement source
[ 15.169]   dropped segment from the replacement source
[ 15.212]   dropped stream-start from the replacement source
[ 15.212]   dropped stream-start from the replacement source
[ 15.212]   dropped segment from the replacement source
[ 15.212]   dropped stream-start from the replacement source
[ 15.212]   dropped stream-start from the replacement source
[ 15.212]   dropped segment from the replacement source
[ 15.212]   dropped stream-start from the replacement source
[ 15.212]   dropped stream-start from the replacement source
[ 15.212]   dropped segment from the replacement source
[ 15.254]   dropped stream-start from the replacement source
[ 15.254]   dropped stream-start from the replacement source
[ 15.254]   dropped segment from the replacement source
[ 15.255]   dropped stream-start from the replacement source
[ 15.255]   dropped stream-start from the replacement source
[ 15.255]   dropped segment from the replacement source
[ 15.255]   dropped stream-start from the replacement source
[ 15.255]   dropped stream-start from the replacement source
[ 15.255]   dropped segment from the replacement source
[ 15.297]   dropped stream-start from the replacement source
[ 15.297]   dropped stream-start from the replacement source
[ 15.297]   dropped segment from the replacement source
[ 15.297]   dropped stream-start from the replacement source
[ 15.297]   dropped stream-start from the replacement source
[ 15.297]   dropped segment from the replacement source
[ 15.297]   dropped stream-start from the replacement source
[ 15.297]   dropped stream-start from the replacement source
[ 15.297]   dropped segment from the replacement source
[ 15.340]   dropped stream-start from the replacement source
[ 15.340]   dropped stream-start from the replacement source
[ 15.340]   dropped segment from the replacement source
[ 15.340]   dropped stream-start from the replacement source
[ 15.340]   dropped stream-start from the replacement source
[ 15.340]   dropped segment from the replacement source
[ 15.340]   dropped stream-start from the replacement source
[ 15.340]   dropped stream-start from the replacement source
[ 15.340]   dropped segment from the replacement source
[ 15.382]   dropped stream-start from the replacement source
[ 15.382]   dropped stream-start from the replacement source
[ 15.382]   dropped segment from the replacement source
[ 15.383]   dropped stream-start from the replacement source
[ 15.383]   dropped stream-start from the replacement source
[ 15.383]   dropped segment from the replacement source
[ 15.383]   dropped stream-start from the replacement source
[ 15.383]   dropped stream-start from the replacement source
[ 15.383]   dropped segment from the replacement source
[ 15.425]   dropped stream-start from the replacement source
[ 15.425]   dropped stream-start from the replacement source
[ 15.425]   dropped segment from the replacement source
[ 15.425]   dropped stream-start from the replacement source
[ 15.425]   dropped stream-start from the replacement source
[ 15.425]   dropped segment from the replacement source
[ 15.425]   dropped stream-start from the replacement source
[ 15.425]   dropped stream-start from the replacement source
[ 15.425]   dropped segment from the replacement source
[ 15.446] rt= 14.14s mux_pts=  8.40s frames=504 screen=398 camera=707 mic=206 deskaudio=331 paused=False
[ 15.468]   dropped stream-start from the replacement source
[ 15.468]   dropped stream-start from the replacement source
[ 15.468]   dropped segment from the replacement source
[ 15.468]   dropped stream-start from the replacement source
[ 15.468]   dropped stream-start from the replacement source
[ 15.468]   dropped segment from the replacement source
[ 15.468]   dropped stream-start from the replacement source
[ 15.468]   dropped stream-start from the replacement source
[ 15.468]   dropped segment from the replacement source
[ 15.510]   dropped stream-start from the replacement source
[ 15.510]   dropped stream-start from the replacement source
[ 15.510]   dropped segment from the replacement source
[ 15.511]   dropped stream-start from the replacement source
[ 15.511]   dropped stream-start from the replacement source
[ 15.511]   dropped segment from the replacement source
[ 15.511]   dropped stream-start from the replacement source
[ 15.511]   dropped stream-start from the replacement source
[ 15.511]   dropped segment from the replacement source
[ 15.553]   dropped stream-start from the replacement source
[ 15.553]   dropped stream-start from the replacement source
[ 15.553]   dropped segment from the replacement source
[ 15.553]   dropped stream-start from the replacement source
[ 15.553]   dropped stream-start from the replacement source
[ 15.553]   dropped segment from the replacement source
[ 15.553]   dropped stream-start from the replacement source
[ 15.553]   dropped stream-start from the replacement source
[ 15.553]   dropped segment from the replacement source
[ 15.596]   dropped stream-start from the replacement source
[ 15.596]   dropped stream-start from the replacement source
[ 15.596]   dropped segment from the replacement source
[ 15.596]   dropped stream-start from the replacement source
[ 15.596]   dropped stream-start from the replacement source
[ 15.596]   dropped segment from the replacement source
[ 15.596]   dropped stream-start from the replacement source
[ 15.596]   dropped stream-start from the replacement source
[ 15.596]   dropped segment from the replacement source
[ 15.638]   dropped stream-start from the replacement source
[ 15.638]   dropped stream-start from the replacement source
[ 15.638]   dropped segment from the replacement source
[ 15.639]   dropped stream-start from the replacement source
[ 15.639]   dropped stream-start from the replacement source
[ 15.639]   dropped segment from the replacement source
[ 15.639]   dropped stream-start from the replacement source
[ 15.639]   dropped stream-start from the replacement source
[ 15.639]   dropped segment from the replacement source
[ 15.681]   dropped stream-start from the replacement source
[ 15.681]   dropped stream-start from the replacement source
[ 15.681]   dropped segment from the replacement source
[ 15.681]   dropped stream-start from the replacement source
[ 15.681]   dropped stream-start from the replacement source
[ 15.681]   dropped segment from the replacement source
[ 15.681]   dropped stream-start from the replacement source
[ 15.681]   dropped stream-start from the replacement source
[ 15.681]   dropped segment from the replacement source
[ 15.724]   dropped stream-start from the replacement source
[ 15.724]   dropped stream-start from the replacement source
[ 15.724]   dropped segment from the replacement source
[ 15.724]   dropped stream-start from the replacement source
[ 15.724]   dropped stream-start from the replacement source
[ 15.724]   dropped segment from the replacement source
[ 15.724]   dropped stream-start from the replacement source
[ 15.724]   dropped stream-start from the replacement source
[ 15.724]   dropped segment from the replacement source
[ 15.766]   dropped stream-start from the replacement source
[ 15.766]   dropped stream-start from the replacement source
[ 15.766]   dropped segment from the replacement source
[ 15.767]   dropped stream-start from the replacement source
[ 15.767]   dropped stream-start from the replacement source
[ 15.767]   dropped segment from the replacement source
[ 15.767]   dropped stream-start from the replacement source
[ 15.767]   dropped stream-start from the replacement source
[ 15.767]   dropped segment from the replacement source
[ 15.809]   dropped stream-start from the replacement source
[ 15.809]   dropped stream-start from the replacement source
[ 15.809]   dropped segment from the replacement source
[ 15.809]   dropped stream-start from the replacement source
[ 15.809]   dropped stream-start from the replacement source
[ 15.809]   dropped segment from the replacement source
[ 15.809]   dropped stream-start from the replacement source
[ 15.809]   dropped stream-start from the replacement source
[ 15.809]   dropped segment from the replacement source
[ 15.852]   dropped stream-start from the replacement source
[ 15.852]   dropped stream-start from the replacement source
[ 15.852]   dropped segment from the replacement source
[ 15.852]   dropped stream-start from the replacement source
[ 15.852]   dropped stream-start from the replacement source
[ 15.852]   dropped segment from the replacement source
[ 15.852]   dropped stream-start from the replacement source
[ 15.852]   dropped stream-start from the replacement source
[ 15.852]   dropped segment from the replacement source
[ 15.894]   dropped stream-start from the replacement source
[ 15.894]   dropped stream-start from the replacement source
[ 15.895]   dropped segment from the replacement source
[ 15.895]   dropped stream-start from the replacement source
[ 15.895]   dropped stream-start from the replacement source
[ 15.895]   dropped segment from the replacement source
[ 15.895]   dropped stream-start from the replacement source
[ 15.895]   dropped stream-start from the replacement source
[ 15.895]   dropped segment from the replacement source
[ 15.937]   dropped stream-start from the replacement source
[ 15.937]   dropped stream-start from the replacement source
[ 15.937]   dropped segment from the replacement source
[ 15.937]   dropped stream-start from the replacement source
[ 15.937]   dropped stream-start from the replacement source
[ 15.937]   dropped segment from the replacement source
[ 15.937]   dropped stream-start from the replacement source
[ 15.937]   dropped stream-start from the replacement source
[ 15.937]   dropped segment from the replacement source
[ 15.980]   dropped stream-start from the replacement source
[ 15.980]   dropped stream-start from the replacement source
[ 15.980]   dropped segment from the replacement source
[ 15.980]   dropped stream-start from the replacement source
[ 15.980]   dropped stream-start from the replacement source
[ 15.980]   dropped segment from the replacement source
[ 15.980]   dropped stream-start from the replacement source
[ 15.980]   dropped stream-start from the replacement source
[ 15.980]   dropped segment from the replacement source
[ 16.022]   dropped stream-start from the replacement source
[ 16.022]   dropped stream-start from the replacement source
[ 16.022]   dropped segment from the replacement source
[ 16.023]   dropped stream-start from the replacement source
[ 16.023]   dropped stream-start from the replacement source
[ 16.023]   dropped segment from the replacement source
[ 16.023]   dropped stream-start from the replacement source
[ 16.023]   dropped stream-start from the replacement source
[ 16.023]   dropped segment from the replacement source
[ 16.065]   dropped stream-start from the replacement source
[ 16.065]   dropped stream-start from the replacement source
[ 16.065]   dropped segment from the replacement source
[ 16.065]   dropped stream-start from the replacement source
[ 16.065]   dropped stream-start from the replacement source
[ 16.065]   dropped segment from the replacement source
[ 16.065]   dropped stream-start from the replacement source
[ 16.065]   dropped stream-start from the replacement source
[ 16.065]   dropped segment from the replacement source
[ 16.108]   dropped stream-start from the replacement source
[ 16.108]   dropped stream-start from the replacement source
[ 16.108]   dropped segment from the replacement source
[ 16.108]   dropped stream-start from the replacement source
[ 16.108]   dropped stream-start from the replacement source
[ 16.108]   dropped segment from the replacement source
[ 16.108]   dropped stream-start from the replacement source
[ 16.108]   dropped stream-start from the replacement source
[ 16.108]   dropped segment from the replacement source
[ 16.150]   dropped stream-start from the replacement source
[ 16.150]   dropped stream-start from the replacement source
[ 16.150]   dropped segment from the replacement source
[ 16.151]   dropped stream-start from the replacement source
[ 16.151]   dropped stream-start from the replacement source
[ 16.151]   dropped segment from the replacement source
[ 16.151]   dropped stream-start from the replacement source
[ 16.151]   dropped stream-start from the replacement source
[ 16.151]   dropped segment from the replacement source
[ 16.193]   dropped stream-start from the replacement source
[ 16.193]   dropped stream-start from the replacement source
[ 16.193]   dropped segment from the replacement source
[ 16.193]   dropped stream-start from the replacement source
[ 16.193]   dropped stream-start from the replacement source
[ 16.193]   dropped segment from the replacement source
[ 16.193]   dropped stream-start from the replacement source
[ 16.193]   dropped stream-start from the replacement source
[ 16.193]   dropped segment from the replacement source
[ 16.236]   dropped stream-start from the replacement source
[ 16.236]   dropped stream-start from the replacement source
[ 16.236]   dropped segment from the replacement source
[ 16.236]   dropped stream-start from the replacement source
[ 16.236]   dropped stream-start from the replacement source
[ 16.236]   dropped segment from the replacement source
[ 16.236]   dropped stream-start from the replacement source
[ 16.236]   dropped stream-start from the replacement source
[ 16.236]   dropped segment from the replacement source
[ 16.278]   dropped stream-start from the replacement source
[ 16.278]   dropped stream-start from the replacement source
[ 16.278]   dropped segment from the replacement source
[ 16.279]   dropped stream-start from the replacement source
[ 16.279]   dropped stream-start from the replacement source
[ 16.279]   dropped segment from the replacement source
[ 16.279]   dropped stream-start from the replacement source
[ 16.279]   dropped stream-start from the replacement source
[ 16.279]   dropped segment from the replacement source
[ 16.321]   dropped stream-start from the replacement source
[ 16.321]   dropped stream-start from the replacement source
[ 16.321]   dropped segment from the replacement source
[ 16.321]   dropped stream-start from the replacement source
[ 16.321]   dropped stream-start from the replacement source
[ 16.321]   dropped segment from the replacement source
[ 16.321]   dropped stream-start from the replacement source
[ 16.321]   dropped stream-start from the replacement source
[ 16.321]   dropped segment from the replacement source
[ 16.364]   dropped stream-start from the replacement source
[ 16.364]   dropped stream-start from the replacement source
[ 16.364]   dropped segment from the replacement source
[ 16.364]   dropped stream-start from the replacement source
[ 16.364]   dropped stream-start from the replacement source
[ 16.364]   dropped segment from the replacement source
[ 16.364]   dropped stream-start from the replacement source
[ 16.364]   dropped stream-start from the replacement source
[ 16.364]   dropped segment from the replacement source
[ 16.406]   dropped stream-start from the replacement source
[ 16.406]   dropped stream-start from the replacement source
[ 16.407]   dropped segment from the replacement source
[ 16.407]   dropped stream-start from the replacement source
[ 16.407]   dropped stream-start from the replacement source
[ 16.407]   dropped segment from the replacement source
[ 16.407]   dropped stream-start from the replacement source
[ 16.407]   dropped stream-start from the replacement source
[ 16.407]   dropped segment from the replacement source
[ 16.446] rt= 15.14s mux_pts=  9.40s frames=564 screen=428 camera=757 mic=229 deskaudio=355 paused=False
[ 16.449]   dropped stream-start from the replacement source
[ 16.449]   dropped stream-start from the replacement source
[ 16.449]   dropped segment from the replacement source
[ 16.449]   dropped stream-start from the replacement source
[ 16.449]   dropped stream-start from the replacement source
[ 16.449]   dropped segment from the replacement source
[ 16.449]   dropped stream-start from the replacement source
[ 16.449]   dropped stream-start from the replacement source
[ 16.449]   dropped segment from the replacement source
[ 16.492]   dropped stream-start from the replacement source
[ 16.492]   dropped stream-start from the replacement source
[ 16.492]   dropped segment from the replacement source
[ 16.492]   dropped stream-start from the replacement source
[ 16.492]   dropped stream-start from the replacement source
[ 16.492]   dropped segment from the replacement source
[ 16.492]   dropped stream-start from the replacement source
[ 16.492]   dropped stream-start from the replacement source
[ 16.492]   dropped segment from the replacement source
[ 16.534]   dropped stream-start from the replacement source
[ 16.534]   dropped stream-start from the replacement source
[ 16.534]   dropped segment from the replacement source
[ 16.535]   dropped stream-start from the replacement source
[ 16.535]   dropped stream-start from the replacement source
[ 16.535]   dropped segment from the replacement source
[ 16.535]   dropped stream-start from the replacement source
[ 16.535]   dropped stream-start from the replacement source
[ 16.535]   dropped segment from the replacement source
[ 16.577]   dropped stream-start from the replacement source
[ 16.577]   dropped stream-start from the replacement source
[ 16.577]   dropped segment from the replacement source
[ 16.577]   dropped stream-start from the replacement source
[ 16.577]   dropped stream-start from the replacement source
[ 16.577]   dropped segment from the replacement source
[ 16.577]   dropped stream-start from the replacement source
[ 16.577]   dropped stream-start from the replacement source
[ 16.577]   dropped segment from the replacement source
[ 16.620]   dropped stream-start from the replacement source
[ 16.620]   dropped stream-start from the replacement source
[ 16.620]   dropped segment from the replacement source
[ 16.620]   dropped stream-start from the replacement source
[ 16.620]   dropped stream-start from the replacement source
[ 16.620]   dropped segment from the replacement source
[ 16.620]   dropped stream-start from the replacement source
[ 16.620]   dropped stream-start from the replacement source
[ 16.620]   dropped segment from the replacement source
[ 16.662]   dropped stream-start from the replacement source
[ 16.662]   dropped stream-start from the replacement source
[ 16.663]   dropped segment from the replacement source
[ 16.663]   dropped stream-start from the replacement source
[ 16.663]   dropped stream-start from the replacement source
[ 16.663]   dropped segment from the replacement source
[ 16.663]   dropped stream-start from the replacement source
[ 16.663]   dropped stream-start from the replacement source
[ 16.663]   dropped segment from the replacement source
[ 16.705]   dropped stream-start from the replacement source
[ 16.705]   dropped stream-start from the replacement source
[ 16.705]   dropped segment from the replacement source
[ 16.705]   dropped stream-start from the replacement source
[ 16.705]   dropped stream-start from the replacement source
[ 16.705]   dropped segment from the replacement source
[ 16.705]   dropped stream-start from the replacement source
[ 16.705]   dropped stream-start from the replacement source
[ 16.705]   dropped segment from the replacement source
[ 16.748]   dropped stream-start from the replacement source
[ 16.748]   dropped stream-start from the replacement source
[ 16.748]   dropped segment from the replacement source
[ 16.748]   dropped stream-start from the replacement source
[ 16.748]   dropped stream-start from the replacement source
[ 16.748]   dropped segment from the replacement source
[ 16.748]   dropped stream-start from the replacement source
[ 16.748]   dropped stream-start from the replacement source
[ 16.748]   dropped segment from the replacement source
[ 16.790]   dropped stream-start from the replacement source
[ 16.790]   dropped stream-start from the replacement source
[ 16.790]   dropped segment from the replacement source
[ 16.791]   dropped stream-start from the replacement source
[ 16.791]   dropped stream-start from the replacement source
[ 16.791]   dropped segment from the replacement source
[ 16.791]   dropped stream-start from the replacement source
[ 16.791]   dropped stream-start from the replacement source
[ 16.791]   dropped segment from the replacement source
[ 16.833]   dropped stream-start from the replacement source
[ 16.833]   dropped stream-start from the replacement source
[ 16.833]   dropped segment from the replacement source
[ 16.833]   dropped stream-start from the replacement source
[ 16.833]   dropped stream-start from the replacement source
[ 16.833]   dropped segment from the replacement source
[ 16.833]   dropped stream-start from the replacement source
[ 16.833]   dropped stream-start from the replacement source
[ 16.833]   dropped segment from the replacement source
[ 16.876]   dropped stream-start from the replacement source
[ 16.876]   dropped stream-start from the replacement source
[ 16.876]   dropped segment from the replacement source
[ 16.876]   dropped stream-start from the replacement source
[ 16.876]   dropped stream-start from the replacement source
[ 16.876]   dropped segment from the replacement source
[ 16.876]   dropped stream-start from the replacement source
[ 16.876]   dropped stream-start from the replacement source
[ 16.876]   dropped segment from the replacement source
[ 16.918]   dropped stream-start from the replacement source
[ 16.918]   dropped stream-start from the replacement source
[ 16.918]   dropped segment from the replacement source
[ 16.919]   dropped stream-start from the replacement source
[ 16.919]   dropped stream-start from the replacement source
[ 16.919]   dropped segment from the replacement source
[ 16.919]   dropped stream-start from the replacement source
[ 16.919]   dropped stream-start from the replacement source
[ 16.919]   dropped segment from the replacement source
[ 16.961]   dropped stream-start from the replacement source
[ 16.961]   dropped stream-start from the replacement source
[ 16.961]   dropped segment from the replacement source
[ 16.961]   dropped stream-start from the replacement source
[ 16.961]   dropped stream-start from the replacement source
[ 16.961]   dropped segment from the replacement source
[ 16.961]   dropped stream-start from the replacement source
[ 16.961]   dropped stream-start from the replacement source
[ 16.961]   dropped segment from the replacement source
[ 17.004]   dropped stream-start from the replacement source
[ 17.004]   dropped stream-start from the replacement source
[ 17.004]   dropped segment from the replacement source
[ 17.004]   dropped stream-start from the replacement source
[ 17.004]   dropped stream-start from the replacement source
[ 17.004]   dropped segment from the replacement source
[ 17.004]   dropped stream-start from the replacement source
[ 17.004]   dropped stream-start from the replacement source
[ 17.004]   dropped segment from the replacement source
[ 17.046]   dropped stream-start from the replacement source
[ 17.046]   dropped stream-start from the replacement source
[ 17.047]   dropped segment from the replacement source
[ 17.047]   dropped stream-start from the replacement source
[ 17.047]   dropped stream-start from the replacement source
[ 17.047]   dropped segment from the replacement source
[ 17.047]   dropped stream-start from the replacement source
[ 17.047]   dropped stream-start from the replacement source
[ 17.047]   dropped segment from the replacement source
[ 17.089]   dropped stream-start from the replacement source
[ 17.089]   dropped stream-start from the replacement source
[ 17.089]   dropped segment from the replacement source
[ 17.089]   dropped stream-start from the replacement source
[ 17.089]   dropped stream-start from the replacement source
[ 17.089]   dropped segment from the replacement source
[ 17.089]   dropped stream-start from the replacement source
[ 17.089]   dropped stream-start from the replacement source
[ 17.089]   dropped segment from the replacement source
[ 17.132]   dropped stream-start from the replacement source
[ 17.132]   dropped stream-start from the replacement source
[ 17.132]   dropped segment from the replacement source
[ 17.132]   dropped stream-start from the replacement source
[ 17.132]   dropped stream-start from the replacement source
[ 17.132]   dropped segment from the replacement source
[ 17.132]   dropped stream-start from the replacement source
[ 17.132]   dropped stream-start from the replacement source
[ 17.132]   dropped segment from the replacement source
[ 17.174]   dropped stream-start from the replacement source
[ 17.174]   dropped stream-start from the replacement source
[ 17.174]   dropped segment from the replacement source
[ 17.175]   dropped stream-start from the replacement source
[ 17.175]   dropped stream-start from the replacement source
[ 17.175]   dropped segment from the replacement source
[ 17.175]   dropped stream-start from the replacement source
[ 17.175]   dropped stream-start from the replacement source
[ 17.175]   dropped segment from the replacement source
[ 17.217]   dropped stream-start from the replacement source
[ 17.217]   dropped stream-start from the replacement source
[ 17.217]   dropped segment from the replacement source
[ 17.217]   dropped stream-start from the replacement source
[ 17.217]   dropped stream-start from the replacement source
[ 17.217]   dropped segment from the replacement source
[ 17.217]   dropped stream-start from the replacement source
[ 17.217]   dropped stream-start from the replacement source
[ 17.217]   dropped segment from the replacement source
[ 17.260]   dropped stream-start from the replacement source
[ 17.260]   dropped stream-start from the replacement source
[ 17.260]   dropped segment from the replacement source
[ 17.260]   dropped stream-start from the replacement source
[ 17.260]   dropped stream-start from the replacement source
[ 17.260]   dropped segment from the replacement source
[ 17.260]   dropped stream-start from the replacement source
[ 17.260]   dropped stream-start from the replacement source
[ 17.260]   dropped segment from the replacement source
[ 17.302]   dropped stream-start from the replacement source
[ 17.302]   dropped stream-start from the replacement source
[ 17.302]   dropped segment from the replacement source
[ 17.303]   dropped stream-start from the replacement source
[ 17.303]   dropped stream-start from the replacement source
[ 17.303]   dropped segment from the replacement source
[ 17.303]   dropped stream-start from the replacement source
[ 17.303]   dropped stream-start from the replacement source
[ 17.303]   dropped segment from the replacement source
[ 17.345]   dropped stream-start from the replacement source
[ 17.345]   dropped stream-start from the replacement source
[ 17.345]   dropped segment from the replacement source
[ 17.345]   dropped stream-start from the replacement source
[ 17.345]   dropped stream-start from the replacement source
[ 17.345]   dropped segment from the replacement source
[ 17.345]   dropped stream-start from the replacement source
[ 17.345]   dropped stream-start from the replacement source
[ 17.345]   dropped segment from the replacement source
[ 17.388]   dropped stream-start from the replacement source
[ 17.388]   dropped stream-start from the replacement source
[ 17.388]   dropped segment from the replacement source
[ 17.388]   dropped stream-start from the replacement source
[ 17.388]   dropped stream-start from the replacement source
[ 17.388]   dropped segment from the replacement source
[ 17.388]   dropped stream-start from the replacement source
[ 17.388]   dropped stream-start from the replacement source
[ 17.388]   dropped segment from the replacement source
[ 17.430]   dropped stream-start from the replacement source
[ 17.430]   dropped stream-start from the replacement source
[ 17.430]   dropped segment from the replacement source
[ 17.431]   dropped stream-start from the replacement source
[ 17.431]   dropped stream-start from the replacement source
[ 17.431]   dropped segment from the replacement source
[ 17.431]   dropped stream-start from the replacement source
[ 17.431]   dropped stream-start from the replacement source
[ 17.431]   dropped segment from the replacement source
[ 17.446] rt= 16.14s mux_pts= 10.40s frames=624 screen=458 camera=807 mic=253 deskaudio=378 paused=False
[ 17.473]   dropped stream-start from the replacement source
[ 17.473]   dropped stream-start from the replacement source
[ 17.473]   dropped segment from the replacement source
[ 17.473]   dropped stream-start from the replacement source
[ 17.473]   dropped stream-start from the replacement source
[ 17.473]   dropped segment from the replacement source
[ 17.473]   dropped stream-start from the replacement source
[ 17.474]   dropped stream-start from the replacement source
[ 17.474]   dropped segment from the replacement source
[ 17.516]   dropped stream-start from the replacement source
[ 17.516]   dropped stream-start from the replacement source
[ 17.516]   dropped segment from the replacement source
[ 17.516]   dropped stream-start from the replacement source
[ 17.516]   dropped stream-start from the replacement source
[ 17.516]   dropped segment from the replacement source
[ 17.516]   dropped stream-start from the replacement source
[ 17.516]   dropped stream-start from the replacement source
[ 17.516]   dropped segment from the replacement source
[ 17.558]   dropped stream-start from the replacement source
[ 17.558]   dropped stream-start from the replacement source
[ 17.558]   dropped segment from the replacement source
[ 17.559]   dropped stream-start from the replacement source
[ 17.559]   dropped stream-start from the replacement source
[ 17.559]   dropped segment from the replacement source
[ 17.559]   dropped stream-start from the replacement source
[ 17.559]   dropped stream-start from the replacement source
[ 17.559]   dropped segment from the replacement source
[ 17.601]   dropped stream-start from the replacement source
[ 17.601]   dropped stream-start from the replacement source
[ 17.601]   dropped segment from the replacement source
[ 17.601]   dropped stream-start from the replacement source
[ 17.601]   dropped stream-start from the replacement source
[ 17.601]   dropped segment from the replacement source
[ 17.601]   dropped stream-start from the replacement source
[ 17.601]   dropped stream-start from the replacement source
[ 17.601]   dropped segment from the replacement source
[ 17.644]   dropped stream-start from the replacement source
[ 17.644]   dropped stream-start from the replacement source
[ 17.644]   dropped segment from the replacement source
[ 17.644]   dropped stream-start from the replacement source
[ 17.644]   dropped stream-start from the replacement source
[ 17.644]   dropped segment from the replacement source
[ 17.644]   dropped stream-start from the replacement source
[ 17.644]   dropped stream-start from the replacement source
[ 17.644]   dropped segment from the replacement source
[ 17.686]   dropped stream-start from the replacement source
[ 17.686]   dropped stream-start from the replacement source
[ 17.686]   dropped segment from the replacement source
[ 17.687]   dropped stream-start from the replacement source
[ 17.687]   dropped stream-start from the replacement source
[ 17.687]   dropped segment from the replacement source
[ 17.687]   dropped stream-start from the replacement source
[ 17.687]   dropped stream-start from the replacement source
[ 17.687]   dropped segment from the replacement source
[ 17.729]   dropped stream-start from the replacement source
[ 17.729]   dropped stream-start from the replacement source
[ 17.729]   dropped segment from the replacement source
[ 17.729]   dropped stream-start from the replacement source
[ 17.729]   dropped stream-start from the replacement source
[ 17.729]   dropped segment from the replacement source
[ 17.729]   dropped stream-start from the replacement source
[ 17.729]   dropped stream-start from the replacement source
[ 17.729]   dropped segment from the replacement source
[ 17.772]   dropped stream-start from the replacement source
[ 17.772]   dropped stream-start from the replacement source
[ 17.772]   dropped segment from the replacement source
[ 17.772]   dropped stream-start from the replacement source
[ 17.772]   dropped stream-start from the replacement source
[ 17.772]   dropped segment from the replacement source
[ 17.772]   dropped stream-start from the replacement source
[ 17.772]   dropped stream-start from the replacement source
[ 17.772]   dropped segment from the replacement source
[ 17.814]   dropped stream-start from the replacement source
[ 17.814]   dropped stream-start from the replacement source
[ 17.814]   dropped segment from the replacement source
[ 17.815]   dropped stream-start from the replacement source
[ 17.815]   dropped stream-start from the replacement source
[ 17.815]   dropped segment from the replacement source
[ 17.815]   dropped stream-start from the replacement source
[ 17.815]   dropped stream-start from the replacement source
[ 17.815]   dropped segment from the replacement source
[ 17.857]   dropped stream-start from the replacement source
[ 17.857]   dropped stream-start from the replacement source
[ 17.857]   dropped segment from the replacement source
[ 17.857]   dropped stream-start from the replacement source
[ 17.857]   dropped stream-start from the replacement source
[ 17.857]   dropped segment from the replacement source
[ 17.857]   dropped stream-start from the replacement source
[ 17.857]   dropped stream-start from the replacement source
[ 17.857]   dropped segment from the replacement source
[ 17.900]   dropped stream-start from the replacement source
[ 17.900]   dropped stream-start from the replacement source
[ 17.900]   dropped segment from the replacement source
[ 17.900]   dropped stream-start from the replacement source
[ 17.900]   dropped stream-start from the replacement source
[ 17.900]   dropped segment from the replacement source
[ 17.900]   dropped stream-start from the replacement source
[ 17.900]   dropped stream-start from the replacement source
[ 17.900]   dropped segment from the replacement source
[ 17.942]   dropped stream-start from the replacement source
[ 17.942]   dropped stream-start from the replacement source
[ 17.943]   dropped segment from the replacement source
[ 17.943]   dropped stream-start from the replacement source
[ 17.943]   dropped stream-start from the replacement source
[ 17.943]   dropped segment from the replacement source
[ 17.943]   dropped stream-start from the replacement source
[ 17.943]   dropped stream-start from the replacement source
[ 17.943]   dropped segment from the replacement source
[ 17.985]   dropped stream-start from the replacement source
[ 17.985]   dropped stream-start from the replacement source
[ 17.985]   dropped segment from the replacement source
[ 17.985]   dropped stream-start from the replacement source
[ 17.985]   dropped stream-start from the replacement source
[ 17.985]   dropped segment from the replacement source
[ 17.985]   dropped stream-start from the replacement source
[ 17.985]   dropped stream-start from the replacement source
[ 17.985]   dropped segment from the replacement source
[ 18.028]   dropped stream-start from the replacement source
[ 18.028]   dropped stream-start from the replacement source
[ 18.028]   dropped segment from the replacement source
[ 18.028]   dropped stream-start from the replacement source
[ 18.028]   dropped stream-start from the replacement source
[ 18.028]   dropped segment from the replacement source
[ 18.028]   dropped stream-start from the replacement source
[ 18.028]   dropped stream-start from the replacement source
[ 18.028]   dropped segment from the replacement source
[ 18.070]   dropped stream-start from the replacement source
[ 18.070]   dropped stream-start from the replacement source
[ 18.071]   dropped segment from the replacement source
[ 18.071]   dropped stream-start from the replacement source
[ 18.071]   dropped stream-start from the replacement source
[ 18.071]   dropped segment from the replacement source
[ 18.071]   dropped stream-start from the replacement source
[ 18.071]   dropped stream-start from the replacement source
[ 18.071]   dropped segment from the replacement source
[ 18.113]   dropped stream-start from the replacement source
[ 18.113]   dropped stream-start from the replacement source
[ 18.113]   dropped segment from the replacement source
[ 18.113]   dropped stream-start from the replacement source
[ 18.113]   dropped stream-start from the replacement source
[ 18.113]   dropped segment from the replacement source
[ 18.113]   dropped stream-start from the replacement source
[ 18.113]   dropped stream-start from the replacement source
[ 18.113]   dropped segment from the replacement source
[ 18.156]   dropped stream-start from the replacement source
[ 18.156]   dropped stream-start from the replacement source
[ 18.156]   dropped segment from the replacement source
[ 18.156]   dropped stream-start from the replacement source
[ 18.156]   dropped stream-start from the replacement source
[ 18.156]   dropped segment from the replacement source
[ 18.156]   dropped stream-start from the replacement source
[ 18.156]   dropped stream-start from the replacement source
[ 18.156]   dropped segment from the replacement source
[ 18.196] EVENT grim=out/m2-back.png
[ 18.196]   $ grim -o DP-3 out/m2-back.png
[ 18.198]   dropped stream-start from the replacement source
[ 18.198]   dropped stream-start from the replacement source
[ 18.198]   dropped segment from the replacement source
[ 18.199]   dropped stream-start from the replacement source
[ 18.199]   dropped stream-start from the replacement source
[ 18.199]   dropped segment from the replacement source
[ 18.199]   dropped stream-start from the replacement source
[ 18.199]   dropped stream-start from the replacement source
[ 18.199]   dropped segment from the replacement source
[ 18.241]   dropped stream-start from the replacement source
[ 18.241]   dropped stream-start from the replacement source
[ 18.241]   dropped segment from the replacement source
[ 18.241]   dropped stream-start from the replacement source
[ 18.241]   dropped stream-start from the replacement source
[ 18.241]   dropped segment from the replacement source
[ 18.241]   dropped stream-start from the replacement source
[ 18.241]   dropped stream-start from the replacement source
[ 18.241]   dropped segment from the replacement source
[ 18.284]   dropped stream-start from the replacement source
[ 18.284]   dropped stream-start from the replacement source
[ 18.284]   dropped segment from the replacement source
[ 18.284]   dropped stream-start from the replacement source
[ 18.284]   dropped stream-start from the replacement source
[ 18.284]   dropped segment from the replacement source
[ 18.284]   dropped stream-start from the replacement source
[ 18.284]   dropped stream-start from the replacement source
[ 18.284]   dropped segment from the replacement source
[ 18.326]   dropped stream-start from the replacement source
[ 18.326]   dropped stream-start from the replacement source
[ 18.326]   dropped segment from the replacement source
[ 18.327]   dropped stream-start from the replacement source
[ 18.327]   dropped stream-start from the replacement source
[ 18.327]   dropped segment from the replacement source
[ 18.327]   dropped stream-start from the replacement source
[ 18.327]   dropped stream-start from the replacement source
[ 18.327]   dropped segment from the replacement source
[ 18.369]   dropped stream-start from the replacement source
[ 18.369]   dropped stream-start from the replacement source
[ 18.369]   dropped segment from the replacement source
[ 18.369]   dropped stream-start from the replacement source
[ 18.369]   dropped stream-start from the replacement source
[ 18.369]   dropped segment from the replacement source
[ 18.369]   dropped stream-start from the replacement source
[ 18.369]   dropped stream-start from the replacement source
[ 18.369]   dropped segment from the replacement source
[ 18.412]   dropped stream-start from the replacement source
[ 18.412]   dropped stream-start from the replacement source
[ 18.412]   dropped segment from the replacement source
[ 18.412]   dropped stream-start from the replacement source
[ 18.412]   dropped stream-start from the replacement source
[ 18.412]   dropped segment from the replacement source
[ 18.412]   dropped stream-start from the replacement source
[ 18.412]   dropped stream-start from the replacement source
[ 18.412]   dropped segment from the replacement source
[ 18.446] rt= 17.14s mux_pts= 11.40s frames=684 screen=483 camera=857 mic=276 deskaudio=402 paused=False
[ 18.454]   dropped stream-start from the replacement source
[ 18.454]   dropped stream-start from the replacement source
[ 18.454]   dropped segment from the replacement source
[ 18.455]   dropped stream-start from the replacement source
[ 18.455]   dropped stream-start from the replacement source
[ 18.455]   dropped segment from the replacement source
[ 18.455]   dropped stream-start from the replacement source
[ 18.455]   dropped stream-start from the replacement source
[ 18.455]   dropped segment from the replacement source
[ 18.497]   dropped stream-start from the replacement source
[ 18.497]   dropped stream-start from the replacement source
[ 18.497]   dropped segment from the replacement source
[ 18.497]   dropped stream-start from the replacement source
[ 18.497]   dropped stream-start from the replacement source
[ 18.497]   dropped segment from the replacement source
[ 18.497]   dropped stream-start from the replacement source
[ 18.497]   dropped stream-start from the replacement source
[ 18.497]   dropped segment from the replacement source
[ 18.540]   dropped stream-start from the replacement source
[ 18.540]   dropped stream-start from the replacement source
[ 18.540]   dropped segment from the replacement source
[ 18.540]   dropped stream-start from the replacement source
[ 18.540]   dropped stream-start from the replacement source
[ 18.540]   dropped segment from the replacement source
[ 18.540]   dropped stream-start from the replacement source
[ 18.540]   dropped stream-start from the replacement source
[ 18.540]   dropped segment from the replacement source
[ 18.582]   dropped stream-start from the replacement source
[ 18.582]   dropped stream-start from the replacement source
[ 18.582]   dropped segment from the replacement source
[ 18.583]   dropped stream-start from the replacement source
[ 18.583]   dropped stream-start from the replacement source
[ 18.583]   dropped segment from the replacement source
[ 18.583]   dropped stream-start from the replacement source
[ 18.583]   dropped stream-start from the replacement source
[ 18.583]   dropped segment from the replacement source
[ 18.625]   dropped stream-start from the replacement source
[ 18.625]   dropped stream-start from the replacement source
[ 18.625]   dropped segment from the replacement source
[ 18.625]   dropped stream-start from the replacement source
[ 18.625]   dropped stream-start from the replacement source
[ 18.625]   dropped segment from the replacement source
[ 18.625]   dropped stream-start from the replacement source
[ 18.625]   dropped stream-start from the replacement source
[ 18.625]   dropped segment from the replacement source
[ 18.668]   dropped stream-start from the replacement source
[ 18.668]   dropped stream-start from the replacement source
[ 18.668]   dropped segment from the replacement source
[ 18.668]   dropped stream-start from the replacement source
[ 18.668]   dropped stream-start from the replacement source
[ 18.668]   dropped segment from the replacement source
[ 18.668]   dropped stream-start from the replacement source
[ 18.668]   dropped stream-start from the replacement source
[ 18.668]   dropped segment from the replacement source
[ 18.710]   dropped stream-start from the replacement source
[ 18.710]   dropped stream-start from the replacement source
[ 18.710]   dropped segment from the replacement source
[ 18.711]   dropped stream-start from the replacement source
[ 18.711]   dropped stream-start from the replacement source
[ 18.711]   dropped segment from the replacement source
[ 18.711]   dropped stream-start from the replacement source
[ 18.711]   dropped stream-start from the replacement source
[ 18.711]   dropped segment from the replacement source
[ 18.753]   dropped stream-start from the replacement source
[ 18.753]   dropped stream-start from the replacement source
[ 18.753]   dropped segment from the replacement source
[ 18.753]   dropped stream-start from the replacement source
[ 18.753]   dropped stream-start from the replacement source
[ 18.753]   dropped segment from the replacement source
[ 18.753]   dropped stream-start from the replacement source
[ 18.753]   dropped stream-start from the replacement source
[ 18.753]   dropped segment from the replacement source
[ 18.796]   dropped stream-start from the replacement source
[ 18.796]   dropped stream-start from the replacement source
[ 18.796]   dropped segment from the replacement source
[ 18.796]   dropped stream-start from the replacement source
[ 18.796]   dropped stream-start from the replacement source
[ 18.796]   dropped segment from the replacement source
[ 18.796]   dropped stream-start from the replacement source
[ 18.796]   dropped stream-start from the replacement source
[ 18.796]   dropped segment from the replacement source
[ 18.838]   dropped stream-start from the replacement source
[ 18.838]   dropped stream-start from the replacement source
[ 18.838]   dropped segment from the replacement source
[ 18.839]   dropped stream-start from the replacement source
[ 18.839]   dropped stream-start from the replacement source
[ 18.839]   dropped segment from the replacement source
[ 18.839]   dropped stream-start from the replacement source
[ 18.839]   dropped stream-start from the replacement source
[ 18.839]   dropped segment from the replacement source
[ 18.881]   dropped stream-start from the replacement source
[ 18.881]   dropped stream-start from the replacement source
[ 18.881]   dropped segment from the replacement source
[ 18.881]   dropped stream-start from the replacement source
[ 18.881]   dropped stream-start from the replacement source
[ 18.881]   dropped segment from the replacement source
[ 18.881]   dropped stream-start from the replacement source
[ 18.881]   dropped stream-start from the replacement source
[ 18.881]   dropped segment from the replacement source
[ 18.924]   dropped stream-start from the replacement source
[ 18.924]   dropped stream-start from the replacement source
[ 18.924]   dropped segment from the replacement source
[ 18.924]   dropped stream-start from the replacement source
[ 18.924]   dropped stream-start from the replacement source
[ 18.924]   dropped segment from the replacement source
[ 18.924]   dropped stream-start from the replacement source
[ 18.924]   dropped stream-start from the replacement source
[ 18.924]   dropped segment from the replacement source
[ 18.966]   dropped stream-start from the replacement source
[ 18.966]   dropped stream-start from the replacement source
[ 18.966]   dropped segment from the replacement source
[ 18.967]   dropped stream-start from the replacement source
[ 18.967]   dropped stream-start from the replacement source
[ 18.967]   dropped segment from the replacement source
[ 18.967]   dropped stream-start from the replacement source
[ 18.967]   dropped stream-start from the replacement source
[ 18.967]   dropped segment from the replacement source
[ 19.009]   dropped stream-start from the replacement source
[ 19.009]   dropped stream-start from the replacement source
[ 19.009]   dropped segment from the replacement source
[ 19.009]   dropped stream-start from the replacement source
[ 19.009]   dropped stream-start from the replacement source
[ 19.009]   dropped segment from the replacement source
[ 19.009]   dropped stream-start from the replacement source
[ 19.009]   dropped stream-start from the replacement source
[ 19.009]   dropped segment from the replacement source
[ 19.052]   dropped stream-start from the replacement source
[ 19.052]   dropped stream-start from the replacement source
[ 19.052]   dropped segment from the replacement source
[ 19.052]   dropped stream-start from the replacement source
[ 19.052]   dropped stream-start from the replacement source
[ 19.052]   dropped segment from the replacement source
[ 19.052]   dropped stream-start from the replacement source
[ 19.052]   dropped stream-start from the replacement source
[ 19.052]   dropped segment from the replacement source
[ 19.094]   dropped stream-start from the replacement source
[ 19.094]   dropped stream-start from the replacement source
[ 19.094]   dropped segment from the replacement source
[ 19.095]   dropped stream-start from the replacement source
[ 19.095]   dropped stream-start from the replacement source
[ 19.095]   dropped segment from the replacement source
[ 19.095]   dropped stream-start from the replacement source
[ 19.095]   dropped stream-start from the replacement source
[ 19.095]   dropped segment from the replacement source
[ 19.137]   dropped stream-start from the replacement source
[ 19.137]   dropped stream-start from the replacement source
[ 19.137]   dropped segment from the replacement source
[ 19.137]   dropped stream-start from the replacement source
[ 19.137]   dropped stream-start from the replacement source
[ 19.137]   dropped segment from the replacement source
[ 19.137]   dropped stream-start from the replacement source
[ 19.137]   dropped stream-start from the replacement source
[ 19.137]   dropped segment from the replacement source
[ 19.180]   dropped stream-start from the replacement source
[ 19.180]   dropped stream-start from the replacement source
[ 19.180]   dropped segment from the replacement source
[ 19.180]   dropped stream-start from the replacement source
[ 19.180]   dropped stream-start from the replacement source
[ 19.180]   dropped segment from the replacement source
[ 19.180]   dropped stream-start from the replacement source
[ 19.180]   dropped stream-start from the replacement source
[ 19.180]   dropped segment from the replacement source
[ 19.222]   dropped stream-start from the replacement source
[ 19.222]   dropped stream-start from the replacement source
[ 19.222]   dropped segment from the replacement source
[ 19.223]   dropped stream-start from the replacement source
[ 19.223]   dropped stream-start from the replacement source
[ 19.223]   dropped segment from the replacement source
[ 19.223]   dropped stream-start from the replacement source
[ 19.223]   dropped stream-start from the replacement source
[ 19.223]   dropped segment from the replacement source
[ 19.265]   dropped stream-start from the replacement source
[ 19.265]   dropped stream-start from the replacement source
[ 19.265]   dropped segment from the replacement source
[ 19.265]   dropped stream-start from the replacement source
[ 19.265]   dropped stream-start from the replacement source
[ 19.265]   dropped segment from the replacement source
[ 19.265]   dropped stream-start from the replacement source
[ 19.265]   dropped stream-start from the replacement source
[ 19.265]   dropped segment from the replacement source
[ 19.308]   dropped stream-start from the replacement source
[ 19.308]   dropped stream-start from the replacement source
[ 19.308]   dropped segment from the replacement source
[ 19.308]   dropped stream-start from the replacement source
[ 19.308]   dropped stream-start from the replacement source
[ 19.308]   dropped segment from the replacement source
[ 19.308]   dropped stream-start from the replacement source
[ 19.308]   dropped stream-start from the replacement source
[ 19.308]   dropped segment from the replacement source
[ 19.350]   dropped stream-start from the replacement source
[ 19.350]   dropped stream-start from the replacement source
[ 19.350]   dropped segment from the replacement source
[ 19.351]   dropped stream-start from the replacement source
[ 19.351]   dropped stream-start from the replacement source
[ 19.351]   dropped segment from the replacement source
[ 19.351]   dropped stream-start from the replacement source
[ 19.351]   dropped stream-start from the replacement source
[ 19.351]   dropped segment from the replacement source
[ 19.393]   dropped stream-start from the replacement source
[ 19.393]   dropped stream-start from the replacement source
[ 19.393]   dropped segment from the replacement source
[ 19.393]   dropped stream-start from the replacement source
[ 19.393]   dropped stream-start from the replacement source
[ 19.393]   dropped segment from the replacement source
[ 19.393]   dropped stream-start from the replacement source
[ 19.393]   dropped stream-start from the replacement source
[ 19.394]   dropped segment from the replacement source
[ 19.436]   dropped stream-start from the replacement source
[ 19.436]   dropped stream-start from the replacement source
[ 19.436]   dropped segment from the replacement source
[ 19.436]   dropped stream-start from the replacement source
[ 19.436]   dropped stream-start from the replacement source
[ 19.436]   dropped segment from the replacement source
[ 19.436]   dropped stream-start from the replacement source
[ 19.436]   dropped stream-start from the replacement source
[ 19.436]   dropped segment from the replacement source
[ 19.446] rt= 18.14s mux_pts= 12.39s frames=743 screen=513 camera=907 mic=300 deskaudio=425 paused=False
[ 19.478]   dropped stream-start from the replacement source
[ 19.478]   dropped stream-start from the replacement source
[ 19.478]   dropped segment from the replacement source
[ 19.479]   dropped stream-start from the replacement source
[ 19.479]   dropped stream-start from the replacement source
[ 19.479]   dropped segment from the replacement source
[ 19.479]   dropped stream-start from the replacement source
[ 19.479]   dropped stream-start from the replacement source
[ 19.479]   dropped segment from the replacement source
[ 19.521]   dropped stream-start from the replacement source
[ 19.521]   dropped stream-start from the replacement source
[ 19.521]   dropped segment from the replacement source
[ 19.521]   dropped stream-start from the replacement source
[ 19.521]   dropped stream-start from the replacement source
[ 19.521]   dropped segment from the replacement source
[ 19.521]   dropped stream-start from the replacement source
[ 19.521]   dropped stream-start from the replacement source
[ 19.521]   dropped segment from the replacement source
[ 19.564]   dropped stream-start from the replacement source
[ 19.564]   dropped stream-start from the replacement source
[ 19.564]   dropped segment from the replacement source
[ 19.564]   dropped stream-start from the replacement source
[ 19.564]   dropped stream-start from the replacement source
[ 19.564]   dropped segment from the replacement source
[ 19.564]   dropped stream-start from the replacement source
[ 19.564]   dropped stream-start from the replacement source
[ 19.564]   dropped segment from the replacement source
[ 19.606]   dropped stream-start from the replacement source
[ 19.606]   dropped stream-start from the replacement source
[ 19.606]   dropped segment from the replacement source
[ 19.607]   dropped stream-start from the replacement source
[ 19.607]   dropped stream-start from the replacement source
[ 19.607]   dropped segment from the replacement source
[ 19.607]   dropped stream-start from the replacement source
[ 19.607]   dropped stream-start from the replacement source
[ 19.607]   dropped segment from the replacement source
[ 19.649]   dropped stream-start from the replacement source
[ 19.649]   dropped stream-start from the replacement source
[ 19.649]   dropped segment from the replacement source
[ 19.649]   dropped stream-start from the replacement source
[ 19.649]   dropped stream-start from the replacement source
[ 19.649]   dropped segment from the replacement source
[ 19.649]   dropped stream-start from the replacement source
[ 19.649]   dropped stream-start from the replacement source
[ 19.649]   dropped segment from the replacement source
[ 19.692]   dropped stream-start from the replacement source
[ 19.692]   dropped stream-start from the replacement source
[ 19.692]   dropped segment from the replacement source
[ 19.692]   dropped stream-start from the replacement source
[ 19.692]   dropped stream-start from the replacement source
[ 19.692]   dropped segment from the replacement source
[ 19.692]   dropped stream-start from the replacement source
[ 19.692]   dropped stream-start from the replacement source
[ 19.692]   dropped segment from the replacement source
[ 19.734]   dropped stream-start from the replacement source
[ 19.734]   dropped stream-start from the replacement source
[ 19.734]   dropped segment from the replacement source
[ 19.734]   dropped stream-start from the replacement source
[ 19.735]   dropped stream-start from the replacement source
[ 19.735]   dropped segment from the replacement source
[ 19.735]   dropped stream-start from the replacement source
[ 19.735]   dropped stream-start from the replacement source
[ 19.735]   dropped segment from the replacement source
[ 19.777]   dropped stream-start from the replacement source
[ 19.777]   dropped stream-start from the replacement source
[ 19.777]   dropped segment from the replacement source
[ 19.777]   dropped stream-start from the replacement source
[ 19.777]   dropped stream-start from the replacement source
[ 19.777]   dropped segment from the replacement source
[ 19.777]   dropped stream-start from the replacement source
[ 19.777]   dropped stream-start from the replacement source
[ 19.777]   dropped segment from the replacement source
[ 19.820]   dropped stream-start from the replacement source
[ 19.820]   dropped stream-start from the replacement source
[ 19.820]   dropped segment from the replacement source
[ 19.820]   dropped stream-start from the replacement source
[ 19.820]   dropped stream-start from the replacement source
[ 19.820]   dropped segment from the replacement source
[ 19.820]   dropped stream-start from the replacement source
[ 19.820]   dropped stream-start from the replacement source
[ 19.820]   dropped segment from the replacement source
[ 19.862]   dropped stream-start from the replacement source
[ 19.862]   dropped stream-start from the replacement source
[ 19.870]   dropped segment from the replacement source
[ 19.871]   dropped stream-start from the replacement source
[ 19.871]   dropped stream-start from the replacement source
[ 19.871]   dropped segment from the replacement source
[ 19.871]   dropped stream-start from the replacement source
[ 19.871]   dropped stream-start from the replacement source
[ 19.871]   dropped segment from the replacement source
[ 19.905]   dropped stream-start from the replacement source
[ 19.905]   dropped stream-start from the replacement source
[ 19.905]   dropped segment from the replacement source
[ 19.905]   dropped stream-start from the replacement source
[ 19.905]   dropped stream-start from the replacement source
[ 19.905]   dropped segment from the replacement source
[ 19.905]   dropped stream-start from the replacement source
[ 19.906]   dropped stream-start from the replacement source
[ 19.906]   dropped segment from the replacement source
[ 19.948]   dropped stream-start from the replacement source
[ 19.948]   dropped stream-start from the replacement source
[ 19.948]   dropped segment from the replacement source
[ 19.948]   dropped stream-start from the replacement source
[ 19.948]   dropped stream-start from the replacement source
[ 19.948]   dropped segment from the replacement source
[ 19.948]   dropped stream-start from the replacement source
[ 19.948]   dropped stream-start from the replacement source
[ 19.948]   dropped segment from the replacement source
[ 19.990]   dropped stream-start from the replacement source
[ 19.990]   dropped stream-start from the replacement source
[ 19.990]   dropped segment from the replacement source
[ 19.990]   dropped stream-start from the replacement source
[ 19.991]   dropped stream-start from the replacement source
[ 19.991]   dropped segment from the replacement source
[ 19.991]   dropped stream-start from the replacement source
[ 19.991]   dropped stream-start from the replacement source
[ 19.991]   dropped segment from the replacement source
[ 20.033]   dropped stream-start from the replacement source
[ 20.033]   dropped stream-start from the replacement source
[ 20.033]   dropped segment from the replacement source
[ 20.033]   dropped stream-start from the replacement source
[ 20.033]   dropped stream-start from the replacement source
[ 20.033]   dropped segment from the replacement source
[ 20.033]   dropped stream-start from the replacement source
[ 20.033]   dropped stream-start from the replacement source
[ 20.033]   dropped segment from the replacement source
[ 20.076]   dropped stream-start from the replacement source
[ 20.076]   dropped stream-start from the replacement source
[ 20.076]   dropped segment from the replacement source
[ 20.076]   dropped stream-start from the replacement source
[ 20.076]   dropped stream-start from the replacement source
[ 20.076]   dropped segment from the replacement source
[ 20.076]   dropped stream-start from the replacement source
[ 20.076]   dropped stream-start from the replacement source
[ 20.076]   dropped segment from the replacement source
[ 20.118]   dropped stream-start from the replacement source
[ 20.118]   dropped stream-start from the replacement source
[ 20.118]   dropped segment from the replacement source
[ 20.119]   dropped stream-start from the replacement source
[ 20.119]   dropped stream-start from the replacement source
[ 20.119]   dropped segment from the replacement source
[ 20.119]   dropped stream-start from the replacement source
[ 20.119]   dropped stream-start from the replacement source
[ 20.119]   dropped segment from the replacement source
[ 20.161]   dropped stream-start from the replacement source
[ 20.161]   dropped stream-start from the replacement source
[ 20.161]   dropped segment from the replacement source
[ 20.161]   dropped stream-start from the replacement source
[ 20.161]   dropped stream-start from the replacement source
[ 20.161]   dropped segment from the replacement source
[ 20.161]   dropped stream-start from the replacement source
[ 20.161]   dropped stream-start from the replacement source
[ 20.161]   dropped segment from the replacement source
[ 20.204]   dropped stream-start from the replacement source
[ 20.204]   dropped stream-start from the replacement source
[ 20.204]   dropped segment from the replacement source
[ 20.204]   dropped stream-start from the replacement source
[ 20.204]   dropped stream-start from the replacement source
[ 20.204]   dropped segment from the replacement source
[ 20.204]   dropped stream-start from the replacement source
[ 20.204]   dropped stream-start from the replacement source
[ 20.204]   dropped segment from the replacement source
[ 20.246]   dropped stream-start from the replacement source
[ 20.246]   dropped stream-start from the replacement source
[ 20.246]   dropped segment from the replacement source
[ 20.247]   dropped stream-start from the replacement source
[ 20.247]   dropped stream-start from the replacement source
[ 20.247]   dropped segment from the replacement source
[ 20.247]   dropped stream-start from the replacement source
[ 20.247]   dropped stream-start from the replacement source
[ 20.247]   dropped segment from the replacement source
[ 20.289]   dropped stream-start from the replacement source
[ 20.289]   dropped stream-start from the replacement source
[ 20.289]   dropped segment from the replacement source
[ 20.289]   dropped stream-start from the replacement source
[ 20.289]   dropped stream-start from the replacement source
[ 20.289]   dropped segment from the replacement source
[ 20.289]   dropped stream-start from the replacement source
[ 20.289]   dropped stream-start from the replacement source
[ 20.289]   dropped segment from the replacement source
[ 20.332]   dropped stream-start from the replacement source
[ 20.332]   dropped stream-start from the replacement source
[ 20.332]   dropped segment from the replacement source
[ 20.332]   dropped stream-start from the replacement source
[ 20.332]   dropped stream-start from the replacement source
[ 20.332]   dropped segment from the replacement source
[ 20.332]   dropped stream-start from the replacement source
[ 20.332]   dropped stream-start from the replacement source
[ 20.332]   dropped segment from the replacement source
[ 20.374]   dropped stream-start from the replacement source
[ 20.374]   dropped stream-start from the replacement source
[ 20.374]   dropped segment from the replacement source
[ 20.375]   dropped stream-start from the replacement source
[ 20.375]   dropped stream-start from the replacement source
[ 20.375]   dropped segment from the replacement source
[ 20.375]   dropped stream-start from the replacement source
[ 20.375]   dropped stream-start from the replacement source
[ 20.375]   dropped segment from the replacement source
[ 20.417]   dropped stream-start from the replacement source
[ 20.417]   dropped stream-start from the replacement source
[ 20.417]   dropped segment from the replacement source
[ 20.417]   dropped stream-start from the replacement source
[ 20.417]   dropped stream-start from the replacement source
[ 20.417]   dropped segment from the replacement source
[ 20.417]   dropped stream-start from the replacement source
[ 20.417]   dropped stream-start from the replacement source
[ 20.417]   dropped segment from the replacement source
[ 20.446] rt= 19.14s mux_pts= 13.39s frames=803 screen=543 camera=957 mic=323 deskaudio=448 paused=False
[ 20.460]   dropped stream-start from the replacement source
[ 20.460]   dropped stream-start from the replacement source
[ 20.460]   dropped segment from the replacement source
[ 20.460]   dropped stream-start from the replacement source
[ 20.460]   dropped stream-start from the replacement source
[ 20.460]   dropped segment from the replacement source
[ 20.460]   dropped stream-start from the replacement source
[ 20.460]   dropped stream-start from the replacement source
[ 20.460]   dropped segment from the replacement source
[ 20.502]   dropped stream-start from the replacement source
[ 20.502]   dropped stream-start from the replacement source
[ 20.502]   dropped segment from the replacement source
[ 20.503]   dropped stream-start from the replacement source
[ 20.503]   dropped stream-start from the replacement source
[ 20.503]   dropped segment from the replacement source
[ 20.503]   dropped stream-start from the replacement source
[ 20.503]   dropped stream-start from the replacement source
[ 20.503]   dropped segment from the replacement source
[ 20.545]   dropped stream-start from the replacement source
[ 20.545]   dropped stream-start from the replacement source
[ 20.545]   dropped segment from the replacement source
[ 20.545]   dropped stream-start from the replacement source
[ 20.545]   dropped stream-start from the replacement source
[ 20.545]   dropped segment from the replacement source
[ 20.545]   dropped stream-start from the replacement source
[ 20.545]   dropped stream-start from the replacement source
[ 20.545]   dropped segment from the replacement source
[ 20.588]   dropped stream-start from the replacement source
[ 20.588]   dropped stream-start from the replacement source
[ 20.588]   dropped segment from the replacement source
[ 20.588]   dropped stream-start from the replacement source
[ 20.588]   dropped stream-start from the replacement source
[ 20.588]   dropped segment from the replacement source
[ 20.588]   dropped stream-start from the replacement source
[ 20.588]   dropped stream-start from the replacement source
[ 20.588]   dropped segment from the replacement source
[ 20.630]   dropped stream-start from the replacement source
[ 20.630]   dropped stream-start from the replacement source
[ 20.630]   dropped segment from the replacement source
[ 20.631]   dropped stream-start from the replacement source
[ 20.631]   dropped stream-start from the replacement source
[ 20.631]   dropped segment from the replacement source
[ 20.631]   dropped stream-start from the replacement source
[ 20.631]   dropped stream-start from the replacement source
[ 20.631]   dropped segment from the replacement source
[ 20.673]   dropped stream-start from the replacement source
[ 20.673]   dropped stream-start from the replacement source
[ 20.673]   dropped segment from the replacement source
[ 20.673]   dropped stream-start from the replacement source
[ 20.673]   dropped stream-start from the replacement source
[ 20.673]   dropped segment from the replacement source
[ 20.673]   dropped stream-start from the replacement source
[ 20.673]   dropped stream-start from the replacement source
[ 20.673]   dropped segment from the replacement source
[ 20.716]   dropped stream-start from the replacement source
[ 20.716]   dropped stream-start from the replacement source
[ 20.716]   dropped segment from the replacement source
[ 20.716]   dropped stream-start from the replacement source
[ 20.716]   dropped stream-start from the replacement source
[ 20.716]   dropped segment from the replacement source
[ 20.716]   dropped stream-start from the replacement source
[ 20.716]   dropped stream-start from the replacement source
[ 20.716]   dropped segment from the replacement source
[ 20.758]   dropped stream-start from the replacement source
[ 20.758]   dropped stream-start from the replacement source
[ 20.758]   dropped segment from the replacement source
[ 20.759]   dropped stream-start from the replacement source
[ 20.759]   dropped stream-start from the replacement source
[ 20.759]   dropped segment from the replacement source
[ 20.759]   dropped stream-start from the replacement source
[ 20.759]   dropped stream-start from the replacement source
[ 20.759]   dropped segment from the replacement source
[ 20.801]   dropped stream-start from the replacement source
[ 20.801]   dropped stream-start from the replacement source
[ 20.801]   dropped segment from the replacement source
[ 20.801]   dropped stream-start from the replacement source
[ 20.801]   dropped stream-start from the replacement source
[ 20.801]   dropped segment from the replacement source
[ 20.801]   dropped stream-start from the replacement source
[ 20.801]   dropped stream-start from the replacement source
[ 20.801]   dropped segment from the replacement source
[ 20.844]   dropped stream-start from the replacement source
[ 20.844]   dropped stream-start from the replacement source
[ 20.844]   dropped segment from the replacement source
[ 20.844]   dropped stream-start from the replacement source
[ 20.844]   dropped stream-start from the replacement source
[ 20.844]   dropped segment from the replacement source
[ 20.844]   dropped stream-start from the replacement source
[ 20.844]   dropped stream-start from the replacement source
[ 20.844]   dropped segment from the replacement source
[ 20.886]   dropped stream-start from the replacement source
[ 20.886]   dropped stream-start from the replacement source
[ 20.886]   dropped segment from the replacement source
[ 20.887]   dropped stream-start from the replacement source
[ 20.887]   dropped stream-start from the replacement source
[ 20.887]   dropped segment from the replacement source
[ 20.887]   dropped stream-start from the replacement source
[ 20.887]   dropped stream-start from the replacement source
[ 20.887]   dropped segment from the replacement source
[ 20.929]   dropped stream-start from the replacement source
[ 20.929]   dropped stream-start from the replacement source
[ 20.929]   dropped segment from the replacement source
[ 20.929]   dropped stream-start from the replacement source
[ 20.929]   dropped stream-start from the replacement source
[ 20.929]   dropped segment from the replacement source
[ 20.929]   dropped stream-start from the replacement source
[ 20.929]   dropped stream-start from the replacement source
[ 20.929]   dropped segment from the replacement source
[ 20.972]   dropped stream-start from the replacement source
[ 20.972]   dropped stream-start from the replacement source
[ 20.972]   dropped segment from the replacement source
[ 20.972]   dropped stream-start from the replacement source
[ 20.972]   dropped stream-start from the replacement source
[ 20.972]   dropped segment from the replacement source
[ 20.972]   dropped stream-start from the replacement source
[ 20.972]   dropped stream-start from the replacement source
[ 20.972]   dropped segment from the replacement source
[ 21.014]   dropped stream-start from the replacement source
[ 21.014]   dropped stream-start from the replacement source
[ 21.014]   dropped segment from the replacement source
[ 21.015]   dropped stream-start from the replacement source
[ 21.015]   dropped stream-start from the replacement source
[ 21.015]   dropped segment from the replacement source
[ 21.015]   dropped stream-start from the replacement source
[ 21.015]   dropped stream-start from the replacement source
[ 21.015]   dropped segment from the replacement source
[ 21.057]   dropped stream-start from the replacement source
[ 21.057]   dropped stream-start from the replacement source
[ 21.057]   dropped segment from the replacement source
[ 21.057]   dropped stream-start from the replacement source
[ 21.057]   dropped stream-start from the replacement source
[ 21.057]   dropped segment from the replacement source
[ 21.057]   dropped stream-start from the replacement source
[ 21.057]   dropped stream-start from the replacement source
[ 21.057]   dropped segment from the replacement source
[ 21.100]   dropped stream-start from the replacement source
[ 21.100]   dropped stream-start from the replacement source
[ 21.100]   dropped segment from the replacement source
[ 21.100]   dropped stream-start from the replacement source
[ 21.100]   dropped stream-start from the replacement source
[ 21.100]   dropped segment from the replacement source
[ 21.100]   dropped stream-start from the replacement source
[ 21.100]   dropped stream-start from the replacement source
[ 21.100]   dropped segment from the replacement source
[ 21.142]   dropped stream-start from the replacement source
[ 21.142]   dropped stream-start from the replacement source
[ 21.142]   dropped segment from the replacement source
[ 21.143]   dropped stream-start from the replacement source
[ 21.143]   dropped stream-start from the replacement source
[ 21.143]   dropped segment from the replacement source
[ 21.143]   dropped stream-start from the replacement source
[ 21.143]   dropped stream-start from the replacement source
[ 21.143]   dropped segment from the replacement source
[ 21.185]   dropped stream-start from the replacement source
[ 21.185]   dropped stream-start from the replacement source
[ 21.185]   dropped segment from the replacement source
[ 21.185]   dropped stream-start from the replacement source
[ 21.185]   dropped stream-start from the replacement source
[ 21.185]   dropped segment from the replacement source
[ 21.185]   dropped stream-start from the replacement source
[ 21.185]   dropped stream-start from the replacement source
[ 21.185]   dropped segment from the replacement source
[ 21.228]   dropped stream-start from the replacement source
[ 21.228]   dropped stream-start from the replacement source
[ 21.228]   dropped segment from the replacement source
[ 21.228]   dropped stream-start from the replacement source
[ 21.228]   dropped stream-start from the replacement source
[ 21.228]   dropped segment from the replacement source
[ 21.228]   dropped stream-start from the replacement source
[ 21.228]   dropped stream-start from the replacement source
[ 21.228]   dropped segment from the replacement source
[ 21.270]   dropped stream-start from the replacement source
[ 21.270]   dropped stream-start from the replacement source
[ 21.270]   dropped segment from the replacement source
[ 21.271]   dropped stream-start from the replacement source
[ 21.271]   dropped stream-start from the replacement source
[ 21.271]   dropped segment from the replacement source
[ 21.271]   dropped stream-start from the replacement source
[ 21.271]   dropped stream-start from the replacement source
[ 21.271]   dropped segment from the replacement source
[ 21.313]   dropped stream-start from the replacement source
[ 21.313]   dropped stream-start from the replacement source
[ 21.313]   dropped segment from the replacement source
[ 21.313]   dropped stream-start from the replacement source
[ 21.313]   dropped stream-start from the replacement source
[ 21.313]   dropped segment from the replacement source
[ 21.313]   dropped stream-start from the replacement source
[ 21.313]   dropped stream-start from the replacement source
[ 21.313]   dropped segment from the replacement source
[ 21.356]   dropped stream-start from the replacement source
[ 21.356]   dropped stream-start from the replacement source
[ 21.356]   dropped segment from the replacement source
[ 21.356]   dropped stream-start from the replacement source
[ 21.356]   dropped stream-start from the replacement source
[ 21.356]   dropped segment from the replacement source
[ 21.356]   dropped stream-start from the replacement source
[ 21.356]   dropped stream-start from the replacement source
[ 21.356]   dropped segment from the replacement source
[ 21.398]   dropped stream-start from the replacement source
[ 21.398]   dropped stream-start from the replacement source
[ 21.398]   dropped segment from the replacement source
[ 21.399]   dropped stream-start from the replacement source
[ 21.399]   dropped stream-start from the replacement source
[ 21.399]   dropped segment from the replacement source
[ 21.399]   dropped stream-start from the replacement source
[ 21.399]   dropped stream-start from the replacement source
[ 21.399]   dropped segment from the replacement source
[ 21.441]   dropped stream-start from the replacement source
[ 21.441]   dropped stream-start from the replacement source
[ 21.441]   dropped segment from the replacement source
[ 21.441]   dropped stream-start from the replacement source
[ 21.441]   dropped stream-start from the replacement source
[ 21.441]   dropped segment from the replacement source
[ 21.441]   dropped stream-start from the replacement source
[ 21.441]   dropped stream-start from the replacement source
[ 21.441]   dropped segment from the replacement source
[ 21.446] rt= 20.14s mux_pts= 14.39s frames=863 screen=574 camera=1007 mic=347 deskaudio=472 paused=False
[ 21.484]   dropped stream-start from the replacement source
[ 21.484]   dropped stream-start from the replacement source
[ 21.484]   dropped segment from the replacement source
[ 21.484]   dropped stream-start from the replacement source
[ 21.484]   dropped stream-start from the replacement source
[ 21.484]   dropped segment from the replacement source
[ 21.484]   dropped stream-start from the replacement source
[ 21.484]   dropped stream-start from the replacement source
[ 21.484]   dropped segment from the replacement source
[ 21.526]   dropped stream-start from the replacement source
[ 21.526]   dropped stream-start from the replacement source
[ 21.526]   dropped segment from the replacement source
[ 21.527]   dropped stream-start from the replacement source
[ 21.527]   dropped stream-start from the replacement source
[ 21.527]   dropped segment from the replacement source
[ 21.527]   dropped stream-start from the replacement source
[ 21.527]   dropped stream-start from the replacement source
[ 21.527]   dropped segment from the replacement source
[ 21.569]   dropped stream-start from the replacement source
[ 21.569]   dropped stream-start from the replacement source
[ 21.569]   dropped segment from the replacement source
[ 21.569]   dropped stream-start from the replacement source
[ 21.569]   dropped stream-start from the replacement source
[ 21.569]   dropped segment from the replacement source
[ 21.569]   dropped stream-start from the replacement source
[ 21.569]   dropped stream-start from the replacement source
[ 21.569]   dropped segment from the replacement source
[ 21.612]   dropped stream-start from the replacement source
[ 21.612]   dropped stream-start from the replacement source
[ 21.612]   dropped segment from the replacement source
[ 21.612]   dropped stream-start from the replacement source
[ 21.612]   dropped stream-start from the replacement source
[ 21.612]   dropped segment from the replacement source
[ 21.612]   dropped stream-start from the replacement source
[ 21.612]   dropped stream-start from the replacement source
[ 21.612]   dropped segment from the replacement source
[ 21.654]   dropped stream-start from the replacement source
[ 21.654]   dropped stream-start from the replacement source
[ 21.654]   dropped segment from the replacement source
[ 21.654]   dropped stream-start from the replacement source
[ 21.655]   dropped stream-start from the replacement source
[ 21.655]   dropped segment from the replacement source
[ 21.655]   dropped stream-start from the replacement source
[ 21.655]   dropped stream-start from the replacement source
[ 21.655]   dropped segment from the replacement source
[ 21.697]   dropped stream-start from the replacement source
[ 21.697]   dropped stream-start from the replacement source
[ 21.697]   dropped segment from the replacement source
[ 21.697]   dropped stream-start from the replacement source
[ 21.697]   dropped stream-start from the replacement source
[ 21.697]   dropped segment from the replacement source
[ 21.697]   dropped stream-start from the replacement source
[ 21.697]   dropped stream-start from the replacement source
[ 21.697]   dropped segment from the replacement source
[ 21.740]   dropped stream-start from the replacement source
[ 21.740]   dropped stream-start from the replacement source
[ 21.740]   dropped segment from the replacement source
[ 21.740]   dropped stream-start from the replacement source
[ 21.740]   dropped stream-start from the replacement source
[ 21.740]   dropped segment from the replacement source
[ 21.740]   dropped stream-start from the replacement source
[ 21.740]   dropped stream-start from the replacement source
[ 21.740]   dropped segment from the replacement source
[ 21.782]   dropped stream-start from the replacement source
[ 21.782]   dropped stream-start from the replacement source
[ 21.782]   dropped segment from the replacement source
[ 21.783]   dropped stream-start from the replacement source
[ 21.783]   dropped stream-start from the replacement source
[ 21.783]   dropped segment from the replacement source
[ 21.783]   dropped stream-start from the replacement source
[ 21.783]   dropped stream-start from the replacement source
[ 21.783]   dropped segment from the replacement source
[ 21.825]   dropped stream-start from the replacement source
[ 21.825]   dropped stream-start from the replacement source
[ 21.825]   dropped segment from the replacement source
[ 21.825]   dropped stream-start from the replacement source
[ 21.825]   dropped stream-start from the replacement source
[ 21.825]   dropped segment from the replacement source
[ 21.825]   dropped stream-start from the replacement source
[ 21.825]   dropped stream-start from the replacement source
[ 21.825]   dropped segment from the replacement source
[ 21.868]   dropped stream-start from the replacement source
[ 21.868]   dropped stream-start from the replacement source
[ 21.868]   dropped segment from the replacement source
[ 21.868]   dropped stream-start from the replacement source
[ 21.868]   dropped stream-start from the replacement source
[ 21.868]   dropped segment from the replacement source
[ 21.868]   dropped stream-start from the replacement source
[ 21.868]   dropped stream-start from the replacement source
[ 21.868]   dropped segment from the replacement source
[ 21.910]   dropped stream-start from the replacement source
[ 21.910]   dropped stream-start from the replacement source
[ 21.910]   dropped segment from the replacement source
[ 21.910]   dropped stream-start from the replacement source
[ 21.911]   dropped stream-start from the replacement source
[ 21.911]   dropped segment from the replacement source
[ 21.911]   dropped stream-start from the replacement source
[ 21.911]   dropped stream-start from the replacement source
[ 21.911]   dropped segment from the replacement source
[ 21.953]   dropped stream-start from the replacement source
[ 21.953]   dropped stream-start from the replacement source
[ 21.953]   dropped segment from the replacement source
[ 21.953]   dropped stream-start from the replacement source
[ 21.953]   dropped stream-start from the replacement source
[ 21.953]   dropped segment from the replacement source
[ 21.953]   dropped stream-start from the replacement source
[ 21.953]   dropped stream-start from the replacement source
[ 21.953]   dropped segment from the replacement source
[ 21.996]   dropped stream-start from the replacement source
[ 21.996]   dropped stream-start from the replacement source
[ 21.996]   dropped segment from the replacement source
[ 21.996]   dropped stream-start from the replacement source
[ 21.996]   dropped stream-start from the replacement source
[ 21.996]   dropped segment from the replacement source
[ 21.996]   dropped stream-start from the replacement source
[ 21.996]   dropped stream-start from the replacement source
[ 21.996]   dropped segment from the replacement source
[ 22.038]   dropped stream-start from the replacement source
[ 22.038]   dropped stream-start from the replacement source
[ 22.038]   dropped segment from the replacement source
[ 22.039]   dropped stream-start from the replacement source
[ 22.039]   dropped stream-start from the replacement source
[ 22.039]   dropped segment from the replacement source
[ 22.039]   dropped stream-start from the replacement source
[ 22.039]   dropped stream-start from the replacement source
[ 22.039]   dropped segment from the replacement source
[ 22.081]   dropped stream-start from the replacement source
[ 22.081]   dropped stream-start from the replacement source
[ 22.081]   dropped segment from the replacement source
[ 22.081]   dropped stream-start from the replacement source
[ 22.081]   dropped stream-start from the replacement source
[ 22.081]   dropped segment from the replacement source
[ 22.081]   dropped stream-start from the replacement source
[ 22.081]   dropped stream-start from the replacement source
[ 22.081]   dropped segment from the replacement source
[ 22.124]   dropped stream-start from the replacement source
[ 22.124]   dropped stream-start from the replacement source
[ 22.124]   dropped segment from the replacement source
[ 22.124]   dropped stream-start from the replacement source
[ 22.124]   dropped stream-start from the replacement source
[ 22.124]   dropped segment from the replacement source
[ 22.124]   dropped stream-start from the replacement source
[ 22.124]   dropped stream-start from the replacement source
[ 22.124]   dropped segment from the replacement source
[ 22.166]   dropped stream-start from the replacement source
[ 22.166]   dropped stream-start from the replacement source
[ 22.166]   dropped segment from the replacement source
[ 22.167]   dropped stream-start from the replacement source
[ 22.167]   dropped stream-start from the replacement source
[ 22.167]   dropped segment from the replacement source
[ 22.167]   dropped stream-start from the replacement source
[ 22.167]   dropped stream-start from the replacement source
[ 22.167]   dropped segment from the replacement source
[ 22.209]   dropped stream-start from the replacement source
[ 22.209]   dropped stream-start from the replacement source
[ 22.209]   dropped segment from the replacement source
[ 22.209]   dropped stream-start from the replacement source
[ 22.209]   dropped stream-start from the replacement source
[ 22.209]   dropped segment from the replacement source
[ 22.209]   dropped stream-start from the replacement source
[ 22.209]   dropped stream-start from the replacement source
[ 22.209]   dropped segment from the replacement source
[ 22.252]   dropped stream-start from the replacement source
[ 22.252]   dropped stream-start from the replacement source
[ 22.252]   dropped segment from the replacement source
[ 22.252]   dropped stream-start from the replacement source
[ 22.252]   dropped stream-start from the replacement source
[ 22.252]   dropped segment from the replacement source
[ 22.252]   dropped stream-start from the replacement source
[ 22.252]   dropped stream-start from the replacement source
[ 22.252]   dropped segment from the replacement source
[ 22.294]   dropped stream-start from the replacement source
[ 22.294]   dropped stream-start from the replacement source
[ 22.294]   dropped segment from the replacement source
[ 22.295]   dropped stream-start from the replacement source
[ 22.295]   dropped stream-start from the replacement source
[ 22.295]   dropped segment from the replacement source
[ 22.295]   dropped stream-start from the replacement source
[ 22.295]   dropped stream-start from the replacement source
[ 22.295]   dropped segment from the replacement source
[ 22.337]   dropped stream-start from the replacement source
[ 22.337]   dropped stream-start from the replacement source
[ 22.337]   dropped segment from the replacement source
[ 22.337]   dropped stream-start from the replacement source
[ 22.337]   dropped stream-start from the replacement source
[ 22.337]   dropped segment from the replacement source
[ 22.337]   dropped stream-start from the replacement source
[ 22.337]   dropped stream-start from the replacement source
[ 22.337]   dropped segment from the replacement source
[ 22.380]   dropped stream-start from the replacement source
[ 22.380]   dropped stream-start from the replacement source
[ 22.380]   dropped segment from the replacement source
[ 22.380]   dropped stream-start from the replacement source
[ 22.380]   dropped stream-start from the replacement source
[ 22.380]   dropped segment from the replacement source
[ 22.380]   dropped stream-start from the replacement source
[ 22.380]   dropped stream-start from the replacement source
[ 22.380]   dropped segment from the replacement source
[ 22.422]   dropped stream-start from the replacement source
[ 22.422]   dropped stream-start from the replacement source
[ 22.422]   dropped segment from the replacement source
[ 22.423]   dropped stream-start from the replacement source
[ 22.423]   dropped stream-start from the replacement source
[ 22.423]   dropped segment from the replacement source
[ 22.423]   dropped stream-start from the replacement source
[ 22.423]   dropped stream-start from the replacement source
[ 22.423]   dropped segment from the replacement source
[ 22.446] rt= 21.14s mux_pts= 15.40s frames=924 screen=604 camera=1057 mic=370 deskaudio=495 paused=False
[ 22.465]   dropped stream-start from the replacement source
[ 22.465]   dropped stream-start from the replacement source
[ 22.465]   dropped segment from the replacement source
[ 22.465]   dropped stream-start from the replacement source
[ 22.465]   dropped stream-start from the replacement source
[ 22.465]   dropped segment from the replacement source
[ 22.465]   dropped stream-start from the replacement source
[ 22.465]   dropped stream-start from the replacement source
[ 22.465]   dropped segment from the replacement source
[ 22.508]   dropped stream-start from the replacement source
[ 22.508]   dropped stream-start from the replacement source
[ 22.508]   dropped segment from the replacement source
[ 22.508]   dropped stream-start from the replacement source
[ 22.508]   dropped stream-start from the replacement source
[ 22.508]   dropped segment from the replacement source
[ 22.508]   dropped stream-start from the replacement source
[ 22.508]   dropped stream-start from the replacement source
[ 22.508]   dropped segment from the replacement source
[ 22.550]   dropped stream-start from the replacement source
[ 22.550]   dropped stream-start from the replacement source
[ 22.550]   dropped segment from the replacement source
[ 22.551]   dropped stream-start from the replacement source
[ 22.551]   dropped stream-start from the replacement source
[ 22.551]   dropped segment from the replacement source
[ 22.551]   dropped stream-start from the replacement source
[ 22.551]   dropped stream-start from the replacement source
[ 22.551]   dropped segment from the replacement source
[ 22.593]   dropped stream-start from the replacement source
[ 22.593]   dropped stream-start from the replacement source
[ 22.593]   dropped segment from the replacement source
[ 22.593]   dropped stream-start from the replacement source
[ 22.593]   dropped stream-start from the replacement source
[ 22.593]   dropped segment from the replacement source
[ 22.593]   dropped stream-start from the replacement source
[ 22.593]   dropped stream-start from the replacement source
[ 22.593]   dropped segment from the replacement source
[ 22.636]   dropped stream-start from the replacement source
[ 22.636]   dropped stream-start from the replacement source
[ 22.636]   dropped segment from the replacement source
[ 22.636]   dropped stream-start from the replacement source
[ 22.636]   dropped stream-start from the replacement source
[ 22.636]   dropped segment from the replacement source
[ 22.636]   dropped stream-start from the replacement source
[ 22.636]   dropped stream-start from the replacement source
[ 22.636]   dropped segment from the replacement source
[ 22.678]   dropped stream-start from the replacement source
[ 22.678]   dropped stream-start from the replacement source
[ 22.678]   dropped segment from the replacement source
[ 22.679]   dropped stream-start from the replacement source
[ 22.679]   dropped stream-start from the replacement source
[ 22.679]   dropped segment from the replacement source
[ 22.679]   dropped stream-start from the replacement source
[ 22.679]   dropped stream-start from the replacement source
[ 22.679]   dropped segment from the replacement source
[ 22.721]   dropped stream-start from the replacement source
[ 22.721]   dropped stream-start from the replacement source
[ 22.721]   dropped segment from the replacement source
[ 22.721]   dropped stream-start from the replacement source
[ 22.721]   dropped stream-start from the replacement source
[ 22.721]   dropped segment from the replacement source
[ 22.721]   dropped stream-start from the replacement source
[ 22.721]   dropped stream-start from the replacement source
[ 22.721]   dropped segment from the replacement source
[ 22.764]   dropped stream-start from the replacement source
[ 22.764]   dropped stream-start from the replacement source
[ 22.764]   dropped segment from the replacement source
[ 22.764]   dropped stream-start from the replacement source
[ 22.764]   dropped stream-start from the replacement source
[ 22.764]   dropped segment from the replacement source
[ 22.764]   dropped stream-start from the replacement source
[ 22.764]   dropped stream-start from the replacement source
[ 22.764]   dropped segment from the replacement source
[ 22.806]   dropped stream-start from the replacement source
[ 22.806]   dropped stream-start from the replacement source
[ 22.807]   dropped segment from the replacement source
[ 22.807]   dropped stream-start from the replacement source
[ 22.807]   dropped stream-start from the replacement source
[ 22.807]   dropped segment from the replacement source
[ 22.807]   dropped stream-start from the replacement source
[ 22.807]   dropped stream-start from the replacement source
[ 22.807]   dropped segment from the replacement source
[ 22.849]   dropped stream-start from the replacement source
[ 22.849]   dropped stream-start from the replacement source
[ 22.849]   dropped segment from the replacement source
[ 22.849]   dropped stream-start from the replacement source
[ 22.849]   dropped stream-start from the replacement source
[ 22.849]   dropped segment from the replacement source
[ 22.849]   dropped stream-start from the replacement source
[ 22.849]   dropped stream-start from the replacement source
[ 22.849]   dropped segment from the replacement source
[ 22.892]   dropped stream-start from the replacement source
[ 22.892]   dropped stream-start from the replacement source
[ 22.892]   dropped segment from the replacement source
[ 22.892]   dropped stream-start from the replacement source
[ 22.892]   dropped stream-start from the replacement source
[ 22.892]   dropped segment from the replacement source
[ 22.892]   dropped stream-start from the replacement source
[ 22.892]   dropped stream-start from the replacement source
[ 22.892]   dropped segment from the replacement source
[ 22.934]   dropped stream-start from the replacement source
[ 22.934]   dropped stream-start from the replacement source
[ 22.934]   dropped segment from the replacement source
[ 22.935]   dropped stream-start from the replacement source
[ 22.935]   dropped stream-start from the replacement source
[ 22.935]   dropped segment from the replacement source
[ 22.935]   dropped stream-start from the replacement source
[ 22.935]   dropped stream-start from the replacement source
[ 22.935]   dropped segment from the replacement source
[ 22.977]   dropped stream-start from the replacement source
[ 22.977]   dropped stream-start from the replacement source
[ 22.977]   dropped segment from the replacement source
[ 22.977]   dropped stream-start from the replacement source
[ 22.977]   dropped stream-start from the replacement source
[ 22.977]   dropped segment from the replacement source
[ 22.977]   dropped stream-start from the replacement source
[ 22.977]   dropped stream-start from the replacement source
[ 22.977]   dropped segment from the replacement source
[ 23.020]   dropped stream-start from the replacement source
[ 23.020]   dropped stream-start from the replacement source
[ 23.020]   dropped segment from the replacement source
[ 23.020]   dropped stream-start from the replacement source
[ 23.020]   dropped stream-start from the replacement source
[ 23.020]   dropped segment from the replacement source
[ 23.020]   dropped stream-start from the replacement source
[ 23.020]   dropped stream-start from the replacement source
[ 23.020]   dropped segment from the replacement source
[ 23.062]   dropped stream-start from the replacement source
[ 23.062]   dropped stream-start from the replacement source
[ 23.062]   dropped segment from the replacement source
[ 23.063]   dropped stream-start from the replacement source
[ 23.063]   dropped stream-start from the replacement source
[ 23.063]   dropped segment from the replacement source
[ 23.063]   dropped stream-start from the replacement source
[ 23.063]   dropped stream-start from the replacement source
[ 23.063]   dropped segment from the replacement source
[ 23.105]   dropped stream-start from the replacement source
[ 23.105]   dropped stream-start from the replacement source
[ 23.105]   dropped segment from the replacement source
[ 23.105]   dropped stream-start from the replacement source
[ 23.105]   dropped stream-start from the replacement source
[ 23.105]   dropped segment from the replacement source
[ 23.105]   dropped stream-start from the replacement source
[ 23.105]   dropped stream-start from the replacement source
[ 23.105]   dropped segment from the replacement source
[ 23.148]   dropped stream-start from the replacement source
[ 23.148]   dropped stream-start from the replacement source
[ 23.148]   dropped segment from the replacement source
[ 23.148]   dropped stream-start from the replacement source
[ 23.148]   dropped stream-start from the replacement source
[ 23.148]   dropped segment from the replacement source
[ 23.148]   dropped stream-start from the replacement source
[ 23.148]   dropped stream-start from the replacement source
[ 23.148]   dropped segment from the replacement source
[ 23.190]   dropped stream-start from the replacement source
[ 23.190]   dropped stream-start from the replacement source
[ 23.190]   dropped segment from the replacement source
[ 23.191]   dropped stream-start from the replacement source
[ 23.191]   dropped stream-start from the replacement source
[ 23.191]   dropped segment from the replacement source
[ 23.191]   dropped stream-start from the replacement source
[ 23.191]   dropped stream-start from the replacement source
[ 23.191]   dropped segment from the replacement source
[ 23.233]   dropped stream-start from the replacement source
[ 23.233]   dropped stream-start from the replacement source
[ 23.233]   dropped segment from the replacement source
[ 23.233]   dropped stream-start from the replacement source
[ 23.233]   dropped stream-start from the replacement source
[ 23.233]   dropped segment from the replacement source
[ 23.233]   dropped stream-start from the replacement source
[ 23.233]   dropped stream-start from the replacement source
[ 23.233]   dropped segment from the replacement source
[ 23.276]   dropped stream-start from the replacement source
[ 23.276]   dropped stream-start from the replacement source
[ 23.276]   dropped segment from the replacement source
[ 23.276]   dropped stream-start from the replacement source
[ 23.276]   dropped stream-start from the replacement source
[ 23.276]   dropped segment from the replacement source
[ 23.276]   dropped stream-start from the replacement source
[ 23.276]   dropped stream-start from the replacement source
[ 23.276]   dropped segment from the replacement source
[ 23.318]   dropped stream-start from the replacement source
[ 23.318]   dropped stream-start from the replacement source
[ 23.318]   dropped segment from the replacement source
[ 23.319]   dropped stream-start from the replacement source
[ 23.319]   dropped stream-start from the replacement source
[ 23.319]   dropped segment from the replacement source
[ 23.319]   dropped stream-start from the replacement source
[ 23.319]   dropped stream-start from the replacement source
[ 23.319]   dropped segment from the replacement source
[ 23.361]   dropped stream-start from the replacement source
[ 23.361]   dropped stream-start from the replacement source
[ 23.361]   dropped segment from the replacement source
[ 23.361]   dropped stream-start from the replacement source
[ 23.361]   dropped stream-start from the replacement source
[ 23.361]   dropped segment from the replacement source
[ 23.361]   dropped stream-start from the replacement source
[ 23.361]   dropped stream-start from the replacement source
[ 23.361]   dropped segment from the replacement source
[ 23.404]   dropped stream-start from the replacement source
[ 23.404]   dropped stream-start from the replacement source
[ 23.404]   dropped segment from the replacement source
[ 23.404]   dropped stream-start from the replacement source
[ 23.404]   dropped stream-start from the replacement source
[ 23.404]   dropped segment from the replacement source
[ 23.404]   dropped stream-start from the replacement source
[ 23.404]   dropped stream-start from the replacement source
[ 23.404]   dropped segment from the replacement source
[ 23.446] rt= 22.14s mux_pts= 16.40s frames=984 screen=634 camera=1107 mic=393 deskaudio=519 paused=False
[ 23.446]   dropped stream-start from the replacement source
[ 23.446]   dropped stream-start from the replacement source
[ 23.446]   dropped segment from the replacement source
[ 23.447]   dropped stream-start from the replacement source
[ 23.447]   dropped stream-start from the replacement source
[ 23.447]   dropped segment from the replacement source
[ 23.447]   dropped stream-start from the replacement source
[ 23.447]   dropped stream-start from the replacement source
[ 23.447]   dropped segment from the replacement source
[ 23.489]   dropped stream-start from the replacement source
[ 23.489]   dropped stream-start from the replacement source
[ 23.489]   dropped segment from the replacement source
[ 23.489]   dropped stream-start from the replacement source
[ 23.489]   dropped stream-start from the replacement source
[ 23.489]   dropped segment from the replacement source
[ 23.489]   dropped stream-start from the replacement source
[ 23.489]   dropped stream-start from the replacement source
[ 23.489]   dropped segment from the replacement source
[ 23.532]   dropped stream-start from the replacement source
[ 23.532]   dropped stream-start from the replacement source
[ 23.532]   dropped segment from the replacement source
[ 23.532]   dropped stream-start from the replacement source
[ 23.532]   dropped stream-start from the replacement source
[ 23.532]   dropped segment from the replacement source
[ 23.532]   dropped stream-start from the replacement source
[ 23.532]   dropped stream-start from the replacement source
[ 23.532]   dropped segment from the replacement source
[ 23.574]   dropped stream-start from the replacement source
[ 23.574]   dropped stream-start from the replacement source
[ 23.574]   dropped segment from the replacement source
[ 23.575]   dropped stream-start from the replacement source
[ 23.575]   dropped stream-start from the replacement source
[ 23.575]   dropped segment from the replacement source
[ 23.575]   dropped stream-start from the replacement source
[ 23.575]   dropped stream-start from the replacement source
[ 23.575]   dropped segment from the replacement source
[ 23.617]   dropped stream-start from the replacement source
[ 23.617]   dropped stream-start from the replacement source
[ 23.617]   dropped segment from the replacement source
[ 23.617]   dropped stream-start from the replacement source
[ 23.617]   dropped stream-start from the replacement source
[ 23.617]   dropped segment from the replacement source
[ 23.617]   dropped stream-start from the replacement source
[ 23.617]   dropped stream-start from the replacement source
[ 23.617]   dropped segment from the replacement source
[ 23.660]   dropped stream-start from the replacement source
[ 23.660]   dropped stream-start from the replacement source
[ 23.660]   dropped segment from the replacement source
[ 23.660]   dropped stream-start from the replacement source
[ 23.660]   dropped stream-start from the replacement source
[ 23.660]   dropped segment from the replacement source
[ 23.660]   dropped stream-start from the replacement source
[ 23.660]   dropped stream-start from the replacement source
[ 23.660]   dropped segment from the replacement source
[ 23.702]   dropped stream-start from the replacement source
[ 23.702]   dropped stream-start from the replacement source
[ 23.702]   dropped segment from the replacement source
[ 23.703]   dropped stream-start from the replacement source
[ 23.703]   dropped stream-start from the replacement source
[ 23.703]   dropped segment from the replacement source
[ 23.703]   dropped stream-start from the replacement source
[ 23.703]   dropped stream-start from the replacement source
[ 23.703]   dropped segment from the replacement source
[ 23.745]   dropped stream-start from the replacement source
[ 23.745]   dropped stream-start from the replacement source
[ 23.745]   dropped segment from the replacement source
[ 23.745]   dropped stream-start from the replacement source
[ 23.745]   dropped stream-start from the replacement source
[ 23.745]   dropped segment from the replacement source
[ 23.745]   dropped stream-start from the replacement source
[ 23.745]   dropped stream-start from the replacement source
[ 23.745]   dropped segment from the replacement source
[ 23.788]   dropped stream-start from the replacement source
[ 23.788]   dropped stream-start from the replacement source
[ 23.788]   dropped segment from the replacement source
[ 23.788]   dropped stream-start from the replacement source
[ 23.788]   dropped stream-start from the replacement source
[ 23.788]   dropped segment from the replacement source
[ 23.788]   dropped stream-start from the replacement source
[ 23.788]   dropped stream-start from the replacement source
[ 23.788]   dropped segment from the replacement source
[ 23.830]   dropped stream-start from the replacement source
[ 23.830]   dropped stream-start from the replacement source
[ 23.830]   dropped segment from the replacement source
[ 23.831]   dropped stream-start from the replacement source
[ 23.831]   dropped stream-start from the replacement source
[ 23.831]   dropped segment from the replacement source
[ 23.831]   dropped stream-start from the replacement source
[ 23.831]   dropped stream-start from the replacement source
[ 23.831]   dropped segment from the replacement source
[ 23.873]   dropped stream-start from the replacement source
[ 23.873]   dropped stream-start from the replacement source
[ 23.873]   dropped segment from the replacement source
[ 23.873]   dropped stream-start from the replacement source
[ 23.873]   dropped stream-start from the replacement source
[ 23.874]   dropped segment from the replacement source
[ 23.874]   dropped stream-start from the replacement source
[ 23.874]   dropped stream-start from the replacement source
[ 23.874]   dropped segment from the replacement source
[ 23.916]   dropped stream-start from the replacement source
[ 23.916]   dropped stream-start from the replacement source
[ 23.916]   dropped segment from the replacement source
[ 23.916]   dropped stream-start from the replacement source
[ 23.916]   dropped stream-start from the replacement source
[ 23.916]   dropped segment from the replacement source
[ 23.916]   dropped stream-start from the replacement source
[ 23.916]   dropped stream-start from the replacement source
[ 23.916]   dropped segment from the replacement source
[ 23.958]   dropped stream-start from the replacement source
[ 23.958]   dropped stream-start from the replacement source
[ 23.958]   dropped segment from the replacement source
[ 23.959]   dropped stream-start from the replacement source
[ 23.959]   dropped stream-start from the replacement source
[ 23.959]   dropped segment from the replacement source
[ 23.959]   dropped stream-start from the replacement source
[ 23.959]   dropped stream-start from the replacement source
[ 23.959]   dropped segment from the replacement source
[ 24.001]   dropped stream-start from the replacement source
[ 24.001]   dropped stream-start from the replacement source
[ 24.001]   dropped segment from the replacement source
[ 24.001]   dropped stream-start from the replacement source
[ 24.001]   dropped stream-start from the replacement source
[ 24.001]   dropped segment from the replacement source
[ 24.001]   dropped stream-start from the replacement source
[ 24.001]   dropped stream-start from the replacement source
[ 24.001]   dropped segment from the replacement source
[ 24.044]   dropped stream-start from the replacement source
[ 24.044]   dropped stream-start from the replacement source
[ 24.044]   dropped segment from the replacement source
[ 24.044]   dropped stream-start from the replacement source
[ 24.044]   dropped stream-start from the replacement source
[ 24.044]   dropped segment from the replacement source
[ 24.044]   dropped stream-start from the replacement source
[ 24.044]   dropped stream-start from the replacement source
[ 24.044]   dropped segment from the replacement source
[ 24.086]   dropped stream-start from the replacement source
[ 24.086]   dropped stream-start from the replacement source
[ 24.086]   dropped segment from the replacement source
[ 24.087]   dropped stream-start from the replacement source
[ 24.087]   dropped stream-start from the replacement source
[ 24.087]   dropped segment from the replacement source
[ 24.087]   dropped stream-start from the replacement source
[ 24.087]   dropped stream-start from the replacement source
[ 24.087]   dropped segment from the replacement source
[ 24.129]   dropped stream-start from the replacement source
[ 24.129]   dropped stream-start from the replacement source
[ 24.129]   dropped segment from the replacement source
[ 24.129]   dropped stream-start from the replacement source
[ 24.129]   dropped stream-start from the replacement source
[ 24.129]   dropped segment from the replacement source
[ 24.129]   dropped stream-start from the replacement source
[ 24.129]   dropped stream-start from the replacement source
[ 24.129]   dropped segment from the replacement source
[ 24.172]   dropped stream-start from the replacement source
[ 24.172]   dropped stream-start from the replacement source
[ 24.172]   dropped segment from the replacement source
[ 24.172]   dropped stream-start from the replacement source
[ 24.172]   dropped stream-start from the replacement source
[ 24.172]   dropped segment from the replacement source
[ 24.172]   dropped stream-start from the replacement source
[ 24.172]   dropped stream-start from the replacement source
[ 24.172]   dropped segment from the replacement source
[ 24.214]   dropped stream-start from the replacement source
[ 24.214]   dropped stream-start from the replacement source
[ 24.215]   dropped segment from the replacement source
[ 24.215]   dropped stream-start from the replacement source
[ 24.215]   dropped stream-start from the replacement source
[ 24.215]   dropped segment from the replacement source
[ 24.215]   dropped stream-start from the replacement source
[ 24.215]   dropped stream-start from the replacement source
[ 24.215]   dropped segment from the replacement source
[ 24.257]   dropped stream-start from the replacement source
[ 24.257]   dropped stream-start from the replacement source
[ 24.257]   dropped segment from the replacement source
[ 24.257]   dropped stream-start from the replacement source
[ 24.257]   dropped stream-start from the replacement source
[ 24.257]   dropped segment from the replacement source
[ 24.257]   dropped stream-start from the replacement source
[ 24.257]   dropped stream-start from the replacement source
[ 24.257]   dropped segment from the replacement source
[ 24.300]   dropped stream-start from the replacement source
[ 24.300]   dropped stream-start from the replacement source
[ 24.300]   dropped segment from the replacement source
[ 24.300]   dropped stream-start from the replacement source
[ 24.300]   dropped stream-start from the replacement source
[ 24.300]   dropped segment from the replacement source
[ 24.300]   dropped stream-start from the replacement source
[ 24.300]   dropped stream-start from the replacement source
[ 24.300]   dropped segment from the replacement source
[ 24.342]   dropped stream-start from the replacement source
[ 24.342]   dropped stream-start from the replacement source
[ 24.342]   dropped segment from the replacement source
[ 24.342]   dropped stream-start from the replacement source
[ 24.343]   dropped stream-start from the replacement source
[ 24.343]   dropped segment from the replacement source
[ 24.343]   dropped stream-start from the replacement source
[ 24.343]   dropped stream-start from the replacement source
[ 24.343]   dropped segment from the replacement source
[ 24.385]   dropped stream-start from the replacement source
[ 24.385]   dropped stream-start from the replacement source
[ 24.385]   dropped segment from the replacement source
[ 24.385]   dropped stream-start from the replacement source
[ 24.385]   dropped stream-start from the replacement source
[ 24.385]   dropped segment from the replacement source
[ 24.385]   dropped stream-start from the replacement source
[ 24.385]   dropped stream-start from the replacement source
[ 24.385]   dropped segment from the replacement source
[ 24.428]   dropped stream-start from the replacement source
[ 24.428]   dropped stream-start from the replacement source
[ 24.428]   dropped segment from the replacement source
[ 24.428]   dropped stream-start from the replacement source
[ 24.428]   dropped stream-start from the replacement source
[ 24.428]   dropped segment from the replacement source
[ 24.428]   dropped stream-start from the replacement source
[ 24.428]   dropped stream-start from the replacement source
[ 24.428]   dropped segment from the replacement source
[ 24.446] rt= 23.14s mux_pts= 17.40s frames=1044 screen=664 camera=1157 mic=417 deskaudio=542 paused=False
[ 24.470]   dropped stream-start from the replacement source
[ 24.470]   dropped stream-start from the replacement source
[ 24.470]   dropped segment from the replacement source
[ 24.471]   dropped stream-start from the replacement source
[ 24.471]   dropped stream-start from the replacement source
[ 24.471]   dropped segment from the replacement source
[ 24.471]   dropped stream-start from the replacement source
[ 24.471]   dropped stream-start from the replacement source
[ 24.471]   dropped segment from the replacement source
[ 24.513]   dropped stream-start from the replacement source
[ 24.513]   dropped stream-start from the replacement source
[ 24.513]   dropped segment from the replacement source
[ 24.513]   dropped stream-start from the replacement source
[ 24.513]   dropped stream-start from the replacement source
[ 24.513]   dropped segment from the replacement source
[ 24.513]   dropped stream-start from the replacement source
[ 24.513]   dropped stream-start from the replacement source
[ 24.513]   dropped segment from the replacement source
[ 24.556]   dropped stream-start from the replacement source
[ 24.556]   dropped stream-start from the replacement source
[ 24.556]   dropped segment from the replacement source
[ 24.556]   dropped stream-start from the replacement source
[ 24.556]   dropped stream-start from the replacement source
[ 24.556]   dropped segment from the replacement source
[ 24.556]   dropped stream-start from the replacement source
[ 24.556]   dropped stream-start from the replacement source
[ 24.556]   dropped segment from the replacement source
[ 24.598]   dropped stream-start from the replacement source
[ 24.598]   dropped stream-start from the replacement source
[ 24.598]   dropped segment from the replacement source
[ 24.599]   dropped stream-start from the replacement source
[ 24.599]   dropped stream-start from the replacement source
[ 24.599]   dropped segment from the replacement source
[ 24.599]   dropped stream-start from the replacement source
[ 24.599]   dropped stream-start from the replacement source
[ 24.599]   dropped segment from the replacement source
[ 24.641]   dropped stream-start from the replacement source
[ 24.641]   dropped stream-start from the replacement source
[ 24.641]   dropped segment from the replacement source
[ 24.641]   dropped stream-start from the replacement source
[ 24.641]   dropped stream-start from the replacement source
[ 24.641]   dropped segment from the replacement source
[ 24.641]   dropped stream-start from the replacement source
[ 24.641]   dropped stream-start from the replacement source
[ 24.641]   dropped segment from the replacement source
[ 24.684]   dropped stream-start from the replacement source
[ 24.684]   dropped stream-start from the replacement source
[ 24.684]   dropped segment from the replacement source
[ 24.684]   dropped stream-start from the replacement source
[ 24.684]   dropped stream-start from the replacement source
[ 24.684]   dropped segment from the replacement source
[ 24.684]   dropped stream-start from the replacement source
[ 24.684]   dropped stream-start from the replacement source
[ 24.684]   dropped segment from the replacement source
[ 24.726]   dropped stream-start from the replacement source
[ 24.726]   dropped stream-start from the replacement source
[ 24.726]   dropped segment from the replacement source
[ 24.727]   dropped stream-start from the replacement source
[ 24.727]   dropped stream-start from the replacement source
[ 24.727]   dropped segment from the replacement source
[ 24.727]   dropped stream-start from the replacement source
[ 24.727]   dropped stream-start from the replacement source
[ 24.727]   dropped segment from the replacement source
[ 24.769]   dropped stream-start from the replacement source
[ 24.769]   dropped stream-start from the replacement source
[ 24.769]   dropped segment from the replacement source
[ 24.769]   dropped stream-start from the replacement source
[ 24.769]   dropped stream-start from the replacement source
[ 24.769]   dropped segment from the replacement source
[ 24.769]   dropped stream-start from the replacement source
[ 24.769]   dropped stream-start from the replacement source
[ 24.769]   dropped segment from the replacement source
[ 24.812]   dropped stream-start from the replacement source
[ 24.812]   dropped stream-start from the replacement source
[ 24.812]   dropped segment from the replacement source
[ 24.812]   dropped stream-start from the replacement source
[ 24.812]   dropped stream-start from the replacement source
[ 24.812]   dropped segment from the replacement source
[ 24.812]   dropped stream-start from the replacement source
[ 24.812]   dropped stream-start from the replacement source
[ 24.812]   dropped segment from the replacement source
[ 24.854]   dropped stream-start from the replacement source
[ 24.854]   dropped stream-start from the replacement source
[ 24.854]   dropped segment from the replacement source
[ 24.855]   dropped stream-start from the replacement source
[ 24.855]   dropped stream-start from the replacement source
[ 24.855]   dropped segment from the replacement source
[ 24.855]   dropped stream-start from the replacement source
[ 24.855]   dropped stream-start from the replacement source
[ 24.855]   dropped segment from the replacement source
[ 24.897]   dropped stream-start from the replacement source
[ 24.897]   dropped stream-start from the replacement source
[ 24.897]   dropped segment from the replacement source
[ 24.897]   dropped stream-start from the replacement source
[ 24.897]   dropped stream-start from the replacement source
[ 24.897]   dropped segment from the replacement source
[ 24.897]   dropped stream-start from the replacement source
[ 24.897]   dropped stream-start from the replacement source
[ 24.897]   dropped segment from the replacement source
[ 24.940]   dropped stream-start from the replacement source
[ 24.940]   dropped stream-start from the replacement source
[ 24.940]   dropped segment from the replacement source
[ 24.940]   dropped stream-start from the replacement source
[ 24.940]   dropped stream-start from the replacement source
[ 24.940]   dropped segment from the replacement source
[ 24.940]   dropped stream-start from the replacement source
[ 24.940]   dropped stream-start from the replacement source
[ 24.940]   dropped segment from the replacement source
[ 24.982]   dropped stream-start from the replacement source
[ 24.982]   dropped stream-start from the replacement source
[ 24.982]   dropped segment from the replacement source
[ 24.983]   dropped stream-start from the replacement source
[ 24.983]   dropped stream-start from the replacement source
[ 24.983]   dropped segment from the replacement source
[ 24.983]   dropped stream-start from the replacement source
[ 24.983]   dropped stream-start from the replacement source
[ 24.983]   dropped segment from the replacement source
[ 25.025]   dropped stream-start from the replacement source
[ 25.025]   dropped stream-start from the replacement source
[ 25.025]   dropped segment from the replacement source
[ 25.025]   dropped stream-start from the replacement source
[ 25.025]   dropped stream-start from the replacement source
[ 25.025]   dropped segment from the replacement source
[ 25.025]   dropped stream-start from the replacement source
[ 25.025]   dropped stream-start from the replacement source
[ 25.025]   dropped segment from the replacement source
[ 25.068]   dropped stream-start from the replacement source
[ 25.068]   dropped stream-start from the replacement source
[ 25.068]   dropped segment from the replacement source
[ 25.068]   dropped stream-start from the replacement source
[ 25.068]   dropped stream-start from the replacement source
[ 25.068]   dropped segment from the replacement source
[ 25.068]   dropped stream-start from the replacement source
[ 25.068]   dropped stream-start from the replacement source
[ 25.068]   dropped segment from the replacement source
[ 25.110]   dropped stream-start from the replacement source
[ 25.110]   dropped stream-start from the replacement source
[ 25.110]   dropped segment from the replacement source
[ 25.110]   dropped stream-start from the replacement source
[ 25.111]   dropped stream-start from the replacement source
[ 25.111]   dropped segment from the replacement source
[ 25.111]   dropped stream-start from the replacement source
[ 25.111]   dropped stream-start from the replacement source
[ 25.111]   dropped segment from the replacement source
[ 25.153]   dropped stream-start from the replacement source
[ 25.153]   dropped stream-start from the replacement source
[ 25.153]   dropped segment from the replacement source
[ 25.153]   dropped stream-start from the replacement source
[ 25.153]   dropped stream-start from the replacement source
[ 25.153]   dropped segment from the replacement source
[ 25.153]   dropped stream-start from the replacement source
[ 25.153]   dropped stream-start from the replacement source
[ 25.153]   dropped segment from the replacement source
[ 25.196]   dropped stream-start from the replacement source
[ 25.196]   dropped stream-start from the replacement source
[ 25.196]   dropped segment from the replacement source
[ 25.196]   dropped stream-start from the replacement source[ 25.196] EVENT stop

[ 25.196]   dropped stream-start from the replacement source[ 25.196] EOS + finalise

[ 25.196]   dropped segment from the replacement source
[ 25.196]   dropped stream-start from the replacement source
[ 25.196]   dropped stream-start from the replacement source
[ 25.196]   dropped segment from the replacement source
[ 25.196]   dropped stream-start from the replacement source
[ 25.197]   dropped stream-start from the replacement source
[ 25.197]   dropped segment from the replacement source
[ 25.197]   dropped stream-start from the replacement source
[ 25.197]   dropped stream-start from the replacement source
[ 25.197]   dropped segment from the replacement source
[ 25.198]   dropped stream-start from the replacement source
[ 25.198]   dropped stream-start from the replacement source
[ 25.198]   dropped segment from the replacement source
[ 25.321] bus EOS
[ 25.329] REPORT {"record": "/tmp/p135-meter2.mp4", "muxer": "isofmp4", "frag_ms": 500, "offset_mode": "rewrite", "counts": {"screen": 686, "camera": 1195, "mic": 435, "deskaudio": 560}, "max_gap_s": {"screen": 0.26, "camera": 0.069, "mic": 5.415, "deskaudio": 0.043}, "total_excised_ns": 5714459562, "mux_buffers": 1091, "rebuilds": {"mic": 1, "screen": 0, "deskaudio": 0}, "recasts": 0, "mic_node": {"id": 148, "serial": 2690, "name": "proto133mic", "desc": "proto133mic", "class": "Audio/Sink"}, "desk_node": null, "delays_ms": {}, "screen_delay_ms": 0, "delay_mode": "probe", "levels": {"miclevel": {"t": 25.199, "rms": [-37.0, -37.0], "peak": [-34.0, -34.0]}, "mixlevel": {"t": 25.199, "rms": [-37.0, -37.0], "peak": [-34.0, -34.0]}, "desklevel": {"t": 25.196, "rms": [-29.0, -29.0], "peak": [-26.0, -26.0]}}, "level_counts": {"miclevel": 186, "mixlevel": 240, "desklevel": 239}, "level_max_db": {"miclevel": -37.0, "mixlevel": -28.4, "desklevel": -28.8}, "last_mux_pts_ns": 18185540438, "preview": "gl", "preview_rate": 15, "preview_frames": 359, "dropped_repeat_pts": 0, "preview_geometry": {"logical": [352, 249], "surface_scale": 1.25, "physical": [440, 311]}, "alert_mode": "mapped", "alert_lead_ms": 34, "alert_paints_ms": [["show", 18.0], ["hide", 14.7]], "layout": 2, "events": [{"kind": "layout", "n": 2, "t": 1.0563922110013664}, {"kind": "live", "feed": "mic", "t": 1.3065112360018247}, {"kind": "live", "feed": "camera", "t": 1.307005811999261}, {"kind": "live", "feed": "screen", "t": 1.3100611430018034}, {"kind": "live", "feed": "deskaudio", "t": 1.3346619719995942}, {"kind": "preview-caps", "t": 1.3656769070003065, "caps": "video/x-raw(memory:GLMemory), format=(string)RGBA, width=(int)440, height=(int)248, framerate=(fraction)15/1, interlace-mode=(string)progressive, pixel-aspect-ratio=(fraction)1/1, texture-target=(string)2D"}, {"kind": "event", "what": "grim=out/m2-live.png", "t": 5.195810362001794}, {"kind": "event", "what": "sh=./mickill.sh", "t": 8.19581788999858}, {"kind": "dead", "feed": "mic", "why": "pipewire registry removed node 46", "t": 8.448680211000465}, {"kind": "pause", "t": 8.44873799099878, "rt": 7146008210}, {"kind": "event", "what": "grim=out/m2-dead.png", "t": 10.196020580999175}, {"kind": "event", "what": "sh=./micstart.sh", "t": 13.195845107999048}, {"kind": "swap", "feed": "mic", "t": 13.778963241999008, "unlink_ms": 0.1, "to_null_ms": 1.2, "null_ret": "success", "remove_ms": 0.0, "configure_ms": 76.0, "relink_ms": 10.5, "total_ms": 87.9, "link": "ok", "serial": 2690, "old_serial": 2632, "node_id": 148}, {"kind": "back", "feed": "mic", "t": 13.829030616001546, "dead_ms": 5380.3, "attempts": 1}, {"kind": "alert-hide", "t": 14.129108961999009}, {"kind": "resume", "t": 14.163217059001909, "gap_ns": 5714459562, "total_offset_ns": 5714459562}, {"kind": "event", "what": "grim=out/m2-back.png", "t": 18.195802524998726}, {"kind": "event", "what": "stop", "t": 25.195941401998425}]}
