[  0.012] gtk: display=wayland-1 renderer=default
[  0.012] build: begin
[  0.013] portal: proxy ready, handshake (cached token: yes)
[  0.016] portal: CreateSession ok
[  0.016] portal: SelectSources
[  0.045] portal: Start returned {'streams': [(156, {'source_type': 1, 'size': (3440, 1440), 'position': (0, 0)})], 'source_type': 1, 'restore_token': '<restore-token-redacted>'}
[  0.045] portal: Start returned a restore_token (SAME as the one sent), cached
[  0.048] portal: handshake done in 35ms
[  0.048] portal: fd=8 node=156
[  0.109] mic: id=148 serial=2690 name=proto133mic class=Audio/Sink
[  0.109] deskaudio: following the default sink (no target-object)
[  0.109] pipeline: glvideomixer name=mix background=black ! video/x-raw(memory:GLMemory),width=2560,height=1440,framerate=60/1 ! queue max-size-buffers=6 ! valve name=vvalve ! queue max-size-buffers=6 ! nvh264enc bitrate=50000 rc-mode=cbr gop-size=120 ! h264parse ! queue ! isofmp4mux name=mux fragment-duration=500000000 header-update-mode=rewrite write-mehd=true ! filesink name=sink location=/tmp/p135-mixf.mp4 videotestsrc pattern=ball is-live=true ! video/x-raw,width=1024,height=576,framerate=50/1 ! videoconvert ! glupload ! glcolorconvert ! video/x-raw(memory:GLMemory),format=RGBA ! mix.sink_1  pipewiresrc name=mic target-object=2690 do-timestamp=true ! audio/x-raw,channels=2 ! queue max-size-time=200000000 ! level name=miclevel post-messages=true interval=200000000 ! valve name=micvalve ! audioconvert ! audioresample ! tee name=mict  pipewiresrc name=desk do-timestamp=true stream-properties="props,stream.capture.sink=true" ! audio/x-raw,channels=2 ! queue max-size-time=200000000 ! level name=desklevel post-messages=true interval=200000000 ! valve name=deskvalve ! audioconvert ! audioresample ! tee name=deskt  audiomixer name=amix latency=100000000 start-time-selection=first ! level name=mixlevel post-messages=true interval=200000000 ! valve name=mixvalve ! audioconvert ! audioresample ! avenc_aac name=mixaac bitrate=192000 ! aacparse ! queue ! mux.sink_1  mict. ! queue max-size-time=400000000 max-size-buffers=0 max-size-bytes=0 ! amix.sink_0  deskt. ! queue max-size-time=400000000 max-size-buffers=0 max-size-bytes=0 ! amix.sink_1  mict. ! queue ! avenc_aac name=rawmicaac bitrate=192000 ! aacparse ! queue ! mux.sink_2  deskt. ! queue ! avenc_aac name=rawdeskaac bitrate=192000 ! aacparse ! queue ! mux.sink_3 
[  1.048] LAYOUT 2
[  1.048] excision probe on mixaac
[  1.048] excision probe on rawmicaac
[  1.048] excision probe on rawdeskaac
[  1.048] pinned the pipeline to GstSystemClock
[  1.049] registry watch: pw-mon running
[  1.192] LIVE  screen: first buffer
[  1.192] LIVE  camera: first buffer
[  1.203] LIVE  mic: first buffer
[  1.206] LIVE  deskaudio: first buffer
[  1.215] vvalve out #1: pts=0 dts=18446744073709551615 dur=16666666
[  1.242] vvalve out #2: pts=16666666 dts=18446744073709551615 dur=16666667
[  1.259] vvalve out #3: pts=33333333 dts=18446744073709551615 dur=16666667
[  1.275] vvalve out #4: pts=50000000 dts=18446744073709551615 dur=16666666
[  1.292] vvalve out #5: pts=66666666 dts=18446744073709551615 dur=16666667
[  2.049] pipeline clock: GstSystemClock (SystemClock)
[  2.049] rt=  0.86s mux_pts=  0.82s frames=50 screen=1 camera=43 mic=20 deskaudio=20 paused=False
[  3.049] rt=  1.86s mux_pts=  1.82s frames=110 screen=1 camera=93 mic=44 deskaudio=44 paused=False
[  4.049] rt=  2.86s mux_pts=  2.82s frames=170 screen=1 camera=143 mic=67 deskaudio=67 paused=False
[  5.049] rt=  3.86s mux_pts=  3.82s frames=230 screen=1 camera=193 mic=91 deskaudio=91 paused=False
[  6.049] rt=  4.86s mux_pts=  4.82s frames=290 screen=1 camera=243 mic=114 deskaudio=114 paused=False
[  7.049] rt=  5.86s mux_pts=  5.82s frames=350 screen=1 camera=293 mic=138 deskaudio=137 paused=False
[  8.049] EVENT killmicnode
[  8.049]   $ pw-cli destroy 148
[  8.132] rt=  6.94s mux_pts=  6.90s frames=415 screen=1 camera=347 mic=163 deskaudio=163 paused=False
[  8.132] DEAD  mic: pipewire registry removed node 148 (last buffer 17ms ago)
[  8.132] PAUSE at running-time 6.944s
[  8.260] RECOVER mic: attempt 1
[  8.343]   dropped stream-start from the replacement source
[  8.351]   dropped stream-start from the replacement source
[  8.352]   dropped stream-start from the replacement source
[  8.352]   dropped stream-start from the replacement source
[  8.352]   dropped stream-start from the replacement source[  8.352] mic: swapped source in 91.9ms (NULL 1.0ms/success, configure 80.4ms, link ok) {'serial': 2945, 'old_serial': 2690, 'node_id': 162}

[  8.394]   dropped stream-start from the replacement source
[  8.394]   dropped stream-start from the replacement source
[  8.394]   dropped stream-start from the replacement source
[  8.394]   dropped stream-start from the replacement source
[  8.394]   dropped stream-start from the replacement source
[  8.394]   dropped segment from the replacement source
[  8.394]   dropped stream-start from the replacement source
[  8.394]   dropped stream-start from the replacement source
[  8.394]   dropped segment from the replacement source
[  8.394]   dropped stream-start from the replacement source
[  8.394]   dropped stream-start from the replacement source
[  8.394]   dropped segment from the replacement source
[  8.394]   dropped stream-start from the replacement source
[  8.394]   dropped stream-start from the replacement source
[  8.395]   dropped segment from the replacement source
[  8.402] BACK  mic: data flowing again (270ms dead, 1 recovery attempt(s))
[  8.437]   dropped stream-start from the replacement source
[  8.437]   dropped stream-start from the replacement source
[  8.437]   dropped segment from the replacement source
[  8.437]   dropped stream-start from the replacement source
[  8.437]   dropped stream-start from the replacement source
[  8.437]   dropped segment from the replacement source
[  8.437]   dropped stream-start from the replacement source
[  8.437]   dropped stream-start from the replacement source
[  8.437]   dropped segment from the replacement source
[  8.479]   dropped stream-start from the replacement source
[  8.479]   dropped stream-start from the replacement source
[  8.479]   dropped segment from the replacement source
[  8.480]   dropped stream-start from the replacement source
[  8.480]   dropped stream-start from the replacement source
[  8.480]   dropped segment from the replacement source
[  8.480]   dropped stream-start from the replacement source
[  8.480]   dropped stream-start from the replacement source
[  8.480]   dropped segment from the replacement source
[  8.522]   dropped stream-start from the replacement source
[  8.522]   dropped stream-start from the replacement source
[  8.522]   dropped segment from the replacement source
[  8.522]   dropped stream-start from the replacement source
[  8.522]   dropped stream-start from the replacement source
[  8.522]   dropped segment from the replacement source
[  8.522]   dropped stream-start from the replacement source
[  8.522]   dropped stream-start from the replacement source
[  8.522]   dropped segment from the replacement source
[  8.565]   dropped stream-start from the replacement source
[  8.565]   dropped stream-start from the replacement source
[  8.565]   dropped segment from the replacement source
[  8.565]   dropped stream-start from the replacement source
[  8.565]   dropped stream-start from the replacement source
[  8.565]   dropped segment from the replacement source
[  8.565]   dropped stream-start from the replacement source
[  8.565]   dropped stream-start from the replacement source
[  8.565]   dropped segment from the replacement source
[  8.608]   dropped stream-start from the replacement source
[  8.608]   dropped stream-start from the replacement source
[  8.608]   dropped segment from the replacement source
[  8.608]   dropped stream-start from the replacement source
[  8.608]   dropped stream-start from the replacement source
[  8.608]   dropped segment from the replacement source
[  8.608]   dropped stream-start from the replacement source
[  8.608]   dropped stream-start from the replacement source
[  8.608]   dropped segment from the replacement source
[  8.650]   dropped stream-start from the replacement source
[  8.650]   dropped stream-start from the replacement source
[  8.650]   dropped segment from the replacement source
[  8.650]   dropped stream-start from the replacement source
[  8.650]   dropped stream-start from the replacement source
[  8.650]   dropped segment from the replacement source
[  8.650]   dropped stream-start from the replacement source
[  8.650]   dropped stream-start from the replacement source
[  8.650]   dropped segment from the replacement source
[  8.693]   dropped stream-start from the replacement source
[  8.693]   dropped stream-start from the replacement source
[  8.693]   dropped segment from the replacement source
[  8.693]   dropped stream-start from the replacement source
[  8.693]   dropped stream-start from the replacement source
[  8.693]   dropped segment from the replacement source
[  8.693]   dropped stream-start from the replacement source
[  8.693]   dropped stream-start from the replacement source
[  8.693]   dropped segment from the replacement source
[  8.702] RESUME after 0.571s (total excised 0.571s, mode=rewrite)
[  8.735]   dropped stream-start from the replacement source
[  8.735]   dropped stream-start from the replacement source
[  8.735]   dropped segment from the replacement source
[  8.736]   dropped stream-start from the replacement source
[  8.736]   dropped stream-start from the replacement source
[  8.736]   dropped segment from the replacement source
[  8.736]   dropped stream-start from the replacement source
[  8.736]   dropped stream-start from the replacement source
[  8.736]   dropped segment from the replacement source
[  8.736]   dropped stream-start from the replacement source
[  8.736]   dropped stream-start from the replacement source
[  8.736]   dropped segment from the replacement source
[  8.778]   dropped stream-start from the replacement source
[  8.778]   dropped stream-start from the replacement source
[  8.778]   dropped segment from the replacement source
[  8.778]   dropped stream-start from the replacement source
[  8.778]   dropped stream-start from the replacement source
[  8.778]   dropped segment from the replacement source
[  8.778]   dropped stream-start from the replacement source
[  8.778]   dropped stream-start from the replacement source
[  8.778]   dropped segment from the replacement source
[  8.821]   dropped stream-start from the replacement source
[  8.821]   dropped stream-start from the replacement source
[  8.821]   dropped segment from the replacement source
[  8.821]   dropped stream-start from the replacement source
[  8.821]   dropped stream-start from the replacement source
[  8.821]   dropped segment from the replacement source
[  8.821]   dropped stream-start from the replacement source
[  8.821]   dropped stream-start from the replacement source
[  8.821]   dropped segment from the replacement source
[  8.863]   dropped stream-start from the replacement source
[  8.863]   dropped stream-start from the replacement source
[  8.864]   dropped segment from the replacement source
[  8.864]   dropped stream-start from the replacement source
[  8.864]   dropped stream-start from the replacement source
[  8.864]   dropped segment from the replacement source
[  8.864]   dropped stream-start from the replacement source
[  8.864]   dropped stream-start from the replacement source
[  8.864]   dropped segment from the replacement source
[  8.906]   dropped stream-start from the replacement source
[  8.906]   dropped stream-start from the replacement source
[  8.906]   dropped segment from the replacement source
[  8.906]   dropped stream-start from the replacement source
[  8.906]   dropped stream-start from the replacement source
[  8.906]   dropped segment from the replacement source
[  8.906]   dropped stream-start from the replacement source
[  8.906]   dropped stream-start from the replacement source
[  8.906]   dropped segment from the replacement source
[  8.949]   dropped stream-start from the replacement source
[  8.949]   dropped stream-start from the replacement source
[  8.949]   dropped segment from the replacement source
[  8.949]   dropped stream-start from the replacement source
[  8.949]   dropped stream-start from the replacement source
[  8.949]   dropped segment from the replacement source
[  8.949]   dropped stream-start from the replacement source
[  8.949]   dropped stream-start from the replacement source
[  8.949]   dropped segment from the replacement source
[  8.991]   dropped stream-start from the replacement source
[  8.991]   dropped stream-start from the replacement source
[  8.991]   dropped segment from the replacement source
[  8.992]   dropped stream-start from the replacement source
[  8.992]   dropped stream-start from the replacement source
[  8.992]   dropped segment from the replacement source
[  8.992]   dropped stream-start from the replacement source
[  8.992]   dropped stream-start from the replacement source
[  8.992]   dropped segment from the replacement source
[  9.034]   dropped stream-start from the replacement source
[  9.034]   dropped stream-start from the replacement source
[  9.034]   dropped segment from the replacement source
[  9.034]   dropped stream-start from the replacement source
[  9.034]   dropped stream-start from the replacement source
[  9.034]   dropped segment from the replacement source
[  9.034]   dropped stream-start from the replacement source
[  9.034]   dropped stream-start from the replacement source
[  9.034]   dropped segment from the replacement source
[  9.077]   dropped stream-start from the replacement source
[  9.077]   dropped stream-start from the replacement source
[  9.077]   dropped segment from the replacement source
[  9.077]   dropped stream-start from the replacement source
[  9.077]   dropped stream-start from the replacement source
[  9.077]   dropped segment from the replacement source
[  9.077]   dropped stream-start from the replacement source
[  9.077]   dropped stream-start from the replacement source
[  9.077]   dropped segment from the replacement source
[  9.119]   dropped stream-start from the replacement source
[  9.119]   dropped stream-start from the replacement source
[  9.120]   dropped segment from the replacement source
[  9.120]   dropped stream-start from the replacement source
[  9.120]   dropped stream-start from the replacement source
[  9.120]   dropped segment from the replacement source
[  9.120]   dropped stream-start from the replacement source
[  9.120]   dropped stream-start from the replacement source
[  9.120]   dropped segment from the replacement source
[  9.132] rt=  7.94s mux_pts=  7.33s frames=441 screen=1 camera=397 mic=181 deskaudio=186 paused=False
[  9.162]   dropped stream-start from the replacement source
[  9.162]   dropped stream-start from the replacement source
[  9.162]   dropped segment from the replacement source
[  9.162]   dropped stream-start from the replacement source
[  9.162]   dropped stream-start from the replacement source
[  9.162]   dropped segment from the replacement source
[  9.162]   dropped stream-start from the replacement source
[  9.162]   dropped stream-start from the replacement source
[  9.162]   dropped segment from the replacement source
[  9.205]   dropped stream-start from the replacement source
[  9.205]   dropped stream-start from the replacement source
[  9.205]   dropped segment from the replacement source
[  9.205]   dropped stream-start from the replacement source
[  9.205]   dropped stream-start from the replacement source
[  9.205]   dropped segment from the replacement source
[  9.205]   dropped stream-start from the replacement source
[  9.205]   dropped stream-start from the replacement source
[  9.205]   dropped segment from the replacement source
[  9.247]   dropped stream-start from the replacement source
[  9.247]   dropped stream-start from the replacement source
[  9.248]   dropped segment from the replacement source
[  9.248]   dropped stream-start from the replacement source
[  9.248]   dropped stream-start from the replacement source
[  9.248]   dropped segment from the replacement source
[  9.248]   dropped stream-start from the replacement source
[  9.248]   dropped stream-start from the replacement source
[  9.248]   dropped segment from the replacement source
[  9.290]   dropped stream-start from the replacement source
[  9.290]   dropped stream-start from the replacement source
[  9.290]   dropped segment from the replacement source
[  9.290]   dropped stream-start from the replacement source
[  9.290]   dropped stream-start from the replacement source
[  9.290]   dropped segment from the replacement source
[  9.290]   dropped stream-start from the replacement source
[  9.290]   dropped stream-start from the replacement source
[  9.290]   dropped segment from the replacement source
[  9.333]   dropped stream-start from the replacement source
[  9.333]   dropped stream-start from the replacement source
[  9.333]   dropped segment from the replacement source
[  9.333]   dropped stream-start from the replacement source
[  9.333]   dropped stream-start from the replacement source
[  9.333]   dropped segment from the replacement source
[  9.333]   dropped stream-start from the replacement source
[  9.333]   dropped stream-start from the replacement source
[  9.333]   dropped segment from the replacement source
[  9.375]   dropped stream-start from the replacement source
[  9.375]   dropped stream-start from the replacement source
[  9.376]   dropped segment from the replacement source
[  9.376]   dropped stream-start from the replacement source
[  9.376]   dropped stream-start from the replacement source
[  9.376]   dropped segment from the replacement source
[  9.376]   dropped stream-start from the replacement source
[  9.376]   dropped stream-start from the replacement source
[  9.376]   dropped segment from the replacement source
[  9.418]   dropped stream-start from the replacement source
[  9.418]   dropped stream-start from the replacement source
[  9.418]   dropped segment from the replacement source
[  9.418]   dropped stream-start from the replacement source
[  9.418]   dropped stream-start from the replacement source
[  9.418]   dropped segment from the replacement source
[  9.418]   dropped stream-start from the replacement source
[  9.418]   dropped stream-start from the replacement source
[  9.418]   dropped segment from the replacement source
[  9.461]   dropped stream-start from the replacement source
[  9.461]   dropped stream-start from the replacement source
[  9.461]   dropped segment from the replacement source
[  9.461]   dropped stream-start from the replacement source
[  9.461]   dropped stream-start from the replacement source
[  9.461]   dropped segment from the replacement source
[  9.461]   dropped stream-start from the replacement source
[  9.461]   dropped stream-start from the replacement source
[  9.461]   dropped segment from the replacement source
[  9.503]   dropped stream-start from the replacement source
[  9.503]   dropped stream-start from the replacement source
[  9.503]   dropped segment from the replacement source
[  9.504]   dropped stream-start from the replacement source
[  9.504]   dropped stream-start from the replacement source
[  9.504]   dropped segment from the replacement source
[  9.504]   dropped stream-start from the replacement source
[  9.504]   dropped stream-start from the replacement source
[  9.504]   dropped segment from the replacement source
[  9.546]   dropped stream-start from the replacement source
[  9.546]   dropped stream-start from the replacement source
[  9.546]   dropped segment from the replacement source
[  9.546]   dropped stream-start from the replacement source
[  9.546]   dropped stream-start from the replacement source
[  9.546]   dropped segment from the replacement source
[  9.546]   dropped stream-start from the replacement source
[  9.546]   dropped stream-start from the replacement source
[  9.546]   dropped segment from the replacement source
[  9.589]   dropped stream-start from the replacement source
[  9.589]   dropped stream-start from the replacement source
[  9.589]   dropped segment from the replacement source
[  9.589]   dropped stream-start from the replacement source
[  9.589]   dropped stream-start from the replacement source
[  9.589]   dropped segment from the replacement source
[  9.589]   dropped stream-start from the replacement source
[  9.589]   dropped stream-start from the replacement source
[  9.589]   dropped segment from the replacement source
[  9.631]   dropped stream-start from the replacement source
[  9.631]   dropped stream-start from the replacement source
[  9.631]   dropped segment from the replacement source
[  9.632]   dropped stream-start from the replacement source
[  9.632]   dropped stream-start from the replacement source
[  9.632]   dropped segment from the replacement source
[  9.632]   dropped stream-start from the replacement source
[  9.632]   dropped stream-start from the replacement source
[  9.632]   dropped segment from the replacement source
[  9.674]   dropped stream-start from the replacement source
[  9.674]   dropped stream-start from the replacement source
[  9.674]   dropped segment from the replacement source
[  9.674]   dropped stream-start from the replacement source
[  9.674]   dropped stream-start from the replacement source
[  9.674]   dropped segment from the replacement source
[  9.674]   dropped stream-start from the replacement source
[  9.674]   dropped stream-start from the replacement source
[  9.674]   dropped segment from the replacement source
[  9.717]   dropped stream-start from the replacement source
[  9.717]   dropped stream-start from the replacement source
[  9.717]   dropped segment from the replacement source
[  9.717]   dropped stream-start from the replacement source
[  9.717]   dropped stream-start from the replacement source
[  9.717]   dropped segment from the replacement source
[  9.717]   dropped stream-start from the replacement source
[  9.717]   dropped stream-start from the replacement source
[  9.717]   dropped segment from the replacement source
[  9.759]   dropped stream-start from the replacement source
[  9.759]   dropped stream-start from the replacement source
[  9.760]   dropped segment from the replacement source
[  9.760]   dropped stream-start from the replacement source
[  9.760]   dropped stream-start from the replacement source
[  9.760]   dropped segment from the replacement source
[  9.760]   dropped stream-start from the replacement source
[  9.760]   dropped stream-start from the replacement source
[  9.760]   dropped segment from the replacement source
[  9.802]   dropped stream-start from the replacement source
[  9.802]   dropped stream-start from the replacement source
[  9.802]   dropped segment from the replacement source
[  9.802]   dropped stream-start from the replacement source
[  9.802]   dropped stream-start from the replacement source
[  9.802]   dropped segment from the replacement source
[  9.802]   dropped stream-start from the replacement source
[  9.802]   dropped stream-start from the replacement source
[  9.802]   dropped segment from the replacement source
[  9.845]   dropped stream-start from the replacement source
[  9.845]   dropped stream-start from the replacement source
[  9.845]   dropped segment from the replacement source
[  9.845]   dropped stream-start from the replacement source
[  9.845]   dropped stream-start from the replacement source
[  9.845]   dropped segment from the replacement source
[  9.845]   dropped stream-start from the replacement source
[  9.845]   dropped stream-start from the replacement source
[  9.845]   dropped segment from the replacement source
[  9.887]   dropped stream-start from the replacement source
[  9.887]   dropped stream-start from the replacement source
[  9.887]   dropped segment from the replacement source
[  9.888]   dropped stream-start from the replacement source
[  9.888]   dropped stream-start from the replacement source
[  9.888]   dropped segment from the replacement source
[  9.888]   dropped stream-start from the replacement source
[  9.888]   dropped stream-start from the replacement source
[  9.888]   dropped segment from the replacement source
[  9.930]   dropped stream-start from the replacement source
[  9.930]   dropped stream-start from the replacement source
[  9.930]   dropped segment from the replacement source
[  9.930]   dropped stream-start from the replacement source
[  9.930]   dropped stream-start from the replacement source
[  9.930]   dropped segment from the replacement source
[  9.930]   dropped stream-start from the replacement source
[  9.930]   dropped stream-start from the replacement source
[  9.930]   dropped segment from the replacement source
[  9.973]   dropped stream-start from the replacement source
[  9.973]   dropped stream-start from the replacement source
[  9.973]   dropped segment from the replacement source
[  9.973]   dropped stream-start from the replacement source
[  9.973]   dropped stream-start from the replacement source
[  9.973]   dropped segment from the replacement source
[  9.973]   dropped stream-start from the replacement source
[  9.973]   dropped stream-start from the replacement source
[  9.973]   dropped segment from the replacement source
[ 10.015]   dropped stream-start from the replacement source
[ 10.015]   dropped stream-start from the replacement source
[ 10.015]   dropped segment from the replacement source
[ 10.016]   dropped stream-start from the replacement source
[ 10.016]   dropped stream-start from the replacement source
[ 10.016]   dropped segment from the replacement source
[ 10.016]   dropped stream-start from the replacement source
[ 10.016]   dropped stream-start from the replacement source
[ 10.016]   dropped segment from the replacement source
[ 10.058]   dropped stream-start from the replacement source
[ 10.058]   dropped stream-start from the replacement source
[ 10.058]   dropped segment from the replacement source
[ 10.058]   dropped stream-start from the replacement source
[ 10.058]   dropped stream-start from the replacement source
[ 10.058]   dropped segment from the replacement source
[ 10.058]   dropped stream-start from the replacement source
[ 10.058]   dropped stream-start from the replacement source
[ 10.059]   dropped segment from the replacement source
[ 10.101]   dropped stream-start from the replacement source
[ 10.101]   dropped stream-start from the replacement source
[ 10.101]   dropped segment from the replacement source
[ 10.101]   dropped stream-start from the replacement source
[ 10.101]   dropped stream-start from the replacement source
[ 10.101]   dropped segment from the replacement source
[ 10.101]   dropped stream-start from the replacement source
[ 10.101]   dropped stream-start from the replacement source
[ 10.101]   dropped segment from the replacement source
[ 10.132] rt=  8.94s mux_pts=  8.33s frames=501 screen=1 camera=447 mic=204 deskaudio=210 paused=False
[ 10.143]   dropped stream-start from the replacement source
[ 10.143]   dropped stream-start from the replacement source
[ 10.144]   dropped segment from the replacement source
[ 10.144]   dropped stream-start from the replacement source
[ 10.144]   dropped stream-start from the replacement source
[ 10.144]   dropped segment from the replacement source
[ 10.144]   dropped stream-start from the replacement source
[ 10.144]   dropped stream-start from the replacement source
[ 10.144]   dropped segment from the replacement source
[ 10.186]   dropped stream-start from the replacement source
[ 10.186]   dropped stream-start from the replacement source
[ 10.186]   dropped segment from the replacement source
[ 10.186]   dropped stream-start from the replacement source
[ 10.186]   dropped stream-start from the replacement source
[ 10.186]   dropped segment from the replacement source
[ 10.186]   dropped stream-start from the replacement source
[ 10.186]   dropped stream-start from the replacement source
[ 10.186]   dropped segment from the replacement source
[ 10.229]   dropped stream-start from the replacement source
[ 10.229]   dropped stream-start from the replacement source
[ 10.229]   dropped segment from the replacement source
[ 10.229]   dropped stream-start from the replacement source
[ 10.229]   dropped stream-start from the replacement source
[ 10.229]   dropped segment from the replacement source
[ 10.229]   dropped stream-start from the replacement source
[ 10.229]   dropped stream-start from the replacement source
[ 10.229]   dropped segment from the replacement source
[ 10.271]   dropped stream-start from the replacement source
[ 10.271]   dropped stream-start from the replacement source
[ 10.271]   dropped segment from the replacement source
[ 10.272]   dropped stream-start from the replacement source
[ 10.272]   dropped stream-start from the replacement source
[ 10.272]   dropped segment from the replacement source
[ 10.272]   dropped stream-start from the replacement source
[ 10.272]   dropped stream-start from the replacement source
[ 10.272]   dropped segment from the replacement source
[ 10.314]   dropped stream-start from the replacement source
[ 10.314]   dropped stream-start from the replacement source
[ 10.314]   dropped segment from the replacement source
[ 10.314]   dropped stream-start from the replacement source
[ 10.314]   dropped stream-start from the replacement source
[ 10.314]   dropped segment from the replacement source
[ 10.314]   dropped stream-start from the replacement source
[ 10.314]   dropped stream-start from the replacement source
[ 10.314]   dropped segment from the replacement source
[ 10.357]   dropped stream-start from the replacement source
[ 10.357]   dropped stream-start from the replacement source
[ 10.357]   dropped segment from the replacement source
[ 10.357]   dropped stream-start from the replacement source
[ 10.357]   dropped stream-start from the replacement source
[ 10.357]   dropped segment from the replacement source
[ 10.357]   dropped stream-start from the replacement source
[ 10.357]   dropped stream-start from the replacement source
[ 10.357]   dropped segment from the replacement source
[ 10.399]   dropped stream-start from the replacement source
[ 10.399]   dropped stream-start from the replacement source
[ 10.400]   dropped segment from the replacement source
[ 10.400]   dropped stream-start from the replacement source
[ 10.400]   dropped stream-start from the replacement source
[ 10.400]   dropped segment from the replacement source
[ 10.400]   dropped stream-start from the replacement source
[ 10.400]   dropped stream-start from the replacement source
[ 10.400]   dropped segment from the replacement source
[ 10.442]   dropped stream-start from the replacement source
[ 10.442]   dropped stream-start from the replacement source
[ 10.442]   dropped segment from the replacement source
[ 10.442]   dropped stream-start from the replacement source
[ 10.442]   dropped stream-start from the replacement source
[ 10.442]   dropped segment from the replacement source
[ 10.442]   dropped stream-start from the replacement source
[ 10.442]   dropped stream-start from the replacement source
[ 10.442]   dropped segment from the replacement source
[ 10.485]   dropped stream-start from the replacement source
[ 10.485]   dropped stream-start from the replacement source
[ 10.485]   dropped segment from the replacement source
[ 10.485]   dropped stream-start from the replacement source
[ 10.485]   dropped stream-start from the replacement source
[ 10.485]   dropped segment from the replacement source
[ 10.485]   dropped stream-start from the replacement source
[ 10.485]   dropped stream-start from the replacement source
[ 10.485]   dropped segment from the replacement source
[ 10.527]   dropped stream-start from the replacement source
[ 10.527]   dropped stream-start from the replacement source
[ 10.528]   dropped segment from the replacement source
[ 10.528]   dropped stream-start from the replacement source
[ 10.528]   dropped stream-start from the replacement source
[ 10.528]   dropped segment from the replacement source
[ 10.528]   dropped stream-start from the replacement source
[ 10.528]   dropped stream-start from the replacement source
[ 10.528]   dropped segment from the replacement source
[ 10.570]   dropped stream-start from the replacement source
[ 10.570]   dropped stream-start from the replacement source
[ 10.570]   dropped segment from the replacement source
[ 10.570]   dropped stream-start from the replacement source
[ 10.570]   dropped stream-start from the replacement source
[ 10.570]   dropped segment from the replacement source
[ 10.570]   dropped stream-start from the replacement source
[ 10.570]   dropped stream-start from the replacement source
[ 10.570]   dropped segment from the replacement source
[ 10.613]   dropped stream-start from the replacement source
[ 10.613]   dropped stream-start from the replacement source
[ 10.613]   dropped segment from the replacement source
[ 10.613]   dropped stream-start from the replacement source
[ 10.613]   dropped stream-start from the replacement source
[ 10.613]   dropped segment from the replacement source
[ 10.613]   dropped stream-start from the replacement source
[ 10.613]   dropped stream-start from the replacement source
[ 10.613]   dropped segment from the replacement source
[ 10.655]   dropped stream-start from the replacement source
[ 10.655]   dropped stream-start from the replacement source
[ 10.656]   dropped segment from the replacement source
[ 10.656]   dropped stream-start from the replacement source
[ 10.656]   dropped stream-start from the replacement source
[ 10.656]   dropped segment from the replacement source
[ 10.656]   dropped stream-start from the replacement source
[ 10.656]   dropped stream-start from the replacement source
[ 10.656]   dropped segment from the replacement source
[ 10.698]   dropped stream-start from the replacement source
[ 10.698]   dropped stream-start from the replacement source
[ 10.698]   dropped segment from the replacement source
[ 10.698]   dropped stream-start from the replacement source
[ 10.698]   dropped stream-start from the replacement source
[ 10.698]   dropped segment from the replacement source
[ 10.698]   dropped stream-start from the replacement source
[ 10.698]   dropped stream-start from the replacement source
[ 10.698]   dropped segment from the replacement source
[ 10.741]   dropped stream-start from the replacement source
[ 10.741]   dropped stream-start from the replacement source
[ 10.741]   dropped segment from the replacement source
[ 10.741]   dropped stream-start from the replacement source
[ 10.741]   dropped stream-start from the replacement source
[ 10.741]   dropped segment from the replacement source
[ 10.741]   dropped stream-start from the replacement source
[ 10.741]   dropped stream-start from the replacement source
[ 10.741]   dropped segment from the replacement source
[ 10.783]   dropped stream-start from the replacement source
[ 10.783]   dropped stream-start from the replacement source
[ 10.784]   dropped segment from the replacement source
[ 10.784]   dropped stream-start from the replacement source
[ 10.784]   dropped stream-start from the replacement source
[ 10.784]   dropped segment from the replacement source
[ 10.784]   dropped stream-start from the replacement source
[ 10.784]   dropped stream-start from the replacement source
[ 10.784]   dropped segment from the replacement source
[ 10.826]   dropped stream-start from the replacement source
[ 10.826]   dropped stream-start from the replacement source
[ 10.826]   dropped segment from the replacement source
[ 10.826]   dropped stream-start from the replacement source
[ 10.826]   dropped stream-start from the replacement source
[ 10.826]   dropped segment from the replacement source
[ 10.826]   dropped stream-start from the replacement source
[ 10.827]   dropped stream-start from the replacement source
[ 10.827]   dropped segment from the replacement source
[ 10.869]   dropped stream-start from the replacement source
[ 10.869]   dropped stream-start from the replacement source
[ 10.869]   dropped segment from the replacement source
[ 10.869]   dropped stream-start from the replacement source
[ 10.869]   dropped stream-start from the replacement source
[ 10.869]   dropped segment from the replacement source
[ 10.869]   dropped stream-start from the replacement source
[ 10.869]   dropped stream-start from the replacement source
[ 10.869]   dropped segment from the replacement source
[ 10.911]   dropped stream-start from the replacement source
[ 10.911]   dropped stream-start from the replacement source
[ 10.912]   dropped segment from the replacement source
[ 10.912]   dropped stream-start from the replacement source
[ 10.912]   dropped stream-start from the replacement source
[ 10.912]   dropped segment from the replacement source
[ 10.912]   dropped stream-start from the replacement source
[ 10.912]   dropped stream-start from the replacement source
[ 10.912]   dropped segment from the replacement source
[ 10.954]   dropped stream-start from the replacement source
[ 10.954]   dropped stream-start from the replacement source
[ 10.954]   dropped segment from the replacement source
[ 10.954]   dropped stream-start from the replacement source
[ 10.954]   dropped stream-start from the replacement source
[ 10.954]   dropped segment from the replacement source
[ 10.954]   dropped stream-start from the replacement source
[ 10.954]   dropped stream-start from the replacement source
[ 10.954]   dropped segment from the replacement source
[ 10.997]   dropped stream-start from the replacement source
[ 10.997]   dropped stream-start from the replacement source
[ 10.997]   dropped segment from the replacement source
[ 10.997]   dropped stream-start from the replacement source
[ 10.997]   dropped stream-start from the replacement source
[ 10.997]   dropped segment from the replacement source
[ 10.997]   dropped stream-start from the replacement source
[ 10.997]   dropped stream-start from the replacement source
[ 10.997]   dropped segment from the replacement source
[ 11.039]   dropped stream-start from the replacement source
[ 11.039]   dropped stream-start from the replacement source
[ 11.039]   dropped segment from the replacement source
[ 11.040]   dropped stream-start from the replacement source
[ 11.040]   dropped stream-start from the replacement source
[ 11.040]   dropped segment from the replacement source
[ 11.040]   dropped stream-start from the replacement source
[ 11.040]   dropped stream-start from the replacement source
[ 11.040]   dropped segment from the replacement source
[ 11.082]   dropped stream-start from the replacement source
[ 11.082]   dropped stream-start from the replacement source
[ 11.082]   dropped segment from the replacement source
[ 11.082]   dropped stream-start from the replacement source
[ 11.082]   dropped stream-start from the replacement source
[ 11.082]   dropped segment from the replacement source
[ 11.082]   dropped stream-start from the replacement source
[ 11.082]   dropped stream-start from the replacement source
[ 11.082]   dropped segment from the replacement source
[ 11.125]   dropped stream-start from the replacement source
[ 11.125]   dropped stream-start from the replacement source
[ 11.125]   dropped segment from the replacement source
[ 11.125]   dropped stream-start from the replacement source
[ 11.125]   dropped stream-start from the replacement source
[ 11.125]   dropped segment from the replacement source
[ 11.125]   dropped stream-start from the replacement source
[ 11.125]   dropped stream-start from the replacement source
[ 11.125]   dropped segment from the replacement source
[ 11.132] rt=  9.94s mux_pts=  9.33s frames=561 screen=1 camera=497 mic=228 deskaudio=233 paused=False
[ 11.167]   dropped stream-start from the replacement source
[ 11.167]   dropped stream-start from the replacement source
[ 11.167]   dropped segment from the replacement source
[ 11.168]   dropped stream-start from the replacement source
[ 11.168]   dropped stream-start from the replacement source
[ 11.168]   dropped segment from the replacement source
[ 11.168]   dropped stream-start from the replacement source
[ 11.168]   dropped stream-start from the replacement source
[ 11.168]   dropped segment from the replacement source
[ 11.210]   dropped stream-start from the replacement source
[ 11.210]   dropped stream-start from the replacement source
[ 11.210]   dropped segment from the replacement source
[ 11.210]   dropped stream-start from the replacement source
[ 11.210]   dropped stream-start from the replacement source
[ 11.210]   dropped segment from the replacement source
[ 11.210]   dropped stream-start from the replacement source
[ 11.210]   dropped stream-start from the replacement source
[ 11.210]   dropped segment from the replacement source
[ 11.253]   dropped stream-start from the replacement source
[ 11.253]   dropped stream-start from the replacement source
[ 11.253]   dropped segment from the replacement source
[ 11.253]   dropped stream-start from the replacement source
[ 11.253]   dropped stream-start from the replacement source
[ 11.253]   dropped segment from the replacement source
[ 11.253]   dropped stream-start from the replacement source
[ 11.253]   dropped stream-start from the replacement source
[ 11.253]   dropped segment from the replacement source
[ 11.295]   dropped stream-start from the replacement source
[ 11.295]   dropped stream-start from the replacement source
[ 11.296]   dropped segment from the replacement source
[ 11.296]   dropped stream-start from the replacement source
[ 11.296]   dropped stream-start from the replacement source
[ 11.296]   dropped segment from the replacement source
[ 11.296]   dropped stream-start from the replacement source
[ 11.296]   dropped stream-start from the replacement source
[ 11.296]   dropped segment from the replacement source
[ 11.338]   dropped stream-start from the replacement source
[ 11.338]   dropped stream-start from the replacement source
[ 11.338]   dropped segment from the replacement source
[ 11.338]   dropped stream-start from the replacement source
[ 11.338]   dropped stream-start from the replacement source
[ 11.338]   dropped segment from the replacement source
[ 11.338]   dropped stream-start from the replacement source
[ 11.338]   dropped stream-start from the replacement source
[ 11.339]   dropped segment from the replacement source
[ 11.381]   dropped stream-start from the replacement source
[ 11.381]   dropped stream-start from the replacement source
[ 11.381]   dropped segment from the replacement source
[ 11.381]   dropped stream-start from the replacement source
[ 11.381]   dropped stream-start from the replacement source
[ 11.381]   dropped segment from the replacement source
[ 11.381]   dropped stream-start from the replacement source
[ 11.381]   dropped stream-start from the replacement source
[ 11.381]   dropped segment from the replacement source
[ 11.423]   dropped stream-start from the replacement source
[ 11.423]   dropped stream-start from the replacement source
[ 11.423]   dropped segment from the replacement source
[ 11.424]   dropped stream-start from the replacement source
[ 11.424]   dropped stream-start from the replacement source
[ 11.424]   dropped segment from the replacement source
[ 11.424]   dropped stream-start from the replacement source
[ 11.424]   dropped stream-start from the replacement source
[ 11.424]   dropped segment from the replacement source
[ 11.466]   dropped stream-start from the replacement source
[ 11.466]   dropped stream-start from the replacement source
[ 11.466]   dropped segment from the replacement source
[ 11.466]   dropped stream-start from the replacement source
[ 11.466]   dropped stream-start from the replacement source
[ 11.466]   dropped segment from the replacement source
[ 11.466]   dropped stream-start from the replacement source
[ 11.466]   dropped stream-start from the replacement source
[ 11.466]   dropped segment from the replacement source
[ 11.509]   dropped stream-start from the replacement source
[ 11.509]   dropped stream-start from the replacement source
[ 11.509]   dropped segment from the replacement source
[ 11.509]   dropped stream-start from the replacement source
[ 11.509]   dropped stream-start from the replacement source
[ 11.509]   dropped segment from the replacement source
[ 11.509]   dropped stream-start from the replacement source
[ 11.509]   dropped stream-start from the replacement source
[ 11.509]   dropped segment from the replacement source
[ 11.551]   dropped stream-start from the replacement source
[ 11.551]   dropped stream-start from the replacement source
[ 11.551]   dropped segment from the replacement source
[ 11.552]   dropped stream-start from the replacement source
[ 11.552]   dropped stream-start from the replacement source
[ 11.552]   dropped segment from the replacement source
[ 11.552]   dropped stream-start from the replacement source
[ 11.552]   dropped stream-start from the replacement source
[ 11.552]   dropped segment from the replacement source
[ 11.594]   dropped stream-start from the replacement source
[ 11.594]   dropped stream-start from the replacement source
[ 11.594]   dropped segment from the replacement source
[ 11.594]   dropped stream-start from the replacement source
[ 11.594]   dropped stream-start from the replacement source
[ 11.594]   dropped segment from the replacement source
[ 11.594]   dropped stream-start from the replacement source
[ 11.594]   dropped stream-start from the replacement source
[ 11.594]   dropped segment from the replacement source
[ 11.637]   dropped stream-start from the replacement source
[ 11.637]   dropped stream-start from the replacement source
[ 11.637]   dropped segment from the replacement source
[ 11.637]   dropped stream-start from the replacement source
[ 11.637]   dropped stream-start from the replacement source
[ 11.637]   dropped segment from the replacement source
[ 11.637]   dropped stream-start from the replacement source
[ 11.637]   dropped stream-start from the replacement source
[ 11.637]   dropped segment from the replacement source
[ 11.679]   dropped stream-start from the replacement source
[ 11.679]   dropped stream-start from the replacement source
[ 11.680]   dropped segment from the replacement source
[ 11.680]   dropped stream-start from the replacement source
[ 11.680]   dropped stream-start from the replacement source
[ 11.680]   dropped segment from the replacement source
[ 11.680]   dropped stream-start from the replacement source
[ 11.680]   dropped stream-start from the replacement source
[ 11.680]   dropped segment from the replacement source
[ 11.722]   dropped stream-start from the replacement source
[ 11.722]   dropped stream-start from the replacement source
[ 11.722]   dropped segment from the replacement source
[ 11.722]   dropped stream-start from the replacement source
[ 11.722]   dropped stream-start from the replacement source
[ 11.722]   dropped segment from the replacement source
[ 11.722]   dropped stream-start from the replacement source
[ 11.722]   dropped stream-start from the replacement source
[ 11.722]   dropped segment from the replacement source
[ 11.765]   dropped stream-start from the replacement source
[ 11.765]   dropped stream-start from the replacement source
[ 11.765]   dropped segment from the replacement source
[ 11.765]   dropped stream-start from the replacement source
[ 11.765]   dropped stream-start from the replacement source
[ 11.765]   dropped segment from the replacement source
[ 11.765]   dropped stream-start from the replacement source
[ 11.765]   dropped stream-start from the replacement source
[ 11.765]   dropped segment from the replacement source
[ 11.807]   dropped stream-start from the replacement source
[ 11.807]   dropped stream-start from the replacement source
[ 11.807]   dropped segment from the replacement source
[ 11.808]   dropped stream-start from the replacement source
[ 11.808]   dropped stream-start from the replacement source
[ 11.808]   dropped segment from the replacement source
[ 11.808]   dropped stream-start from the replacement source
[ 11.808]   dropped stream-start from the replacement source
[ 11.808]   dropped segment from the replacement source
[ 11.850]   dropped stream-start from the replacement source
[ 11.850]   dropped stream-start from the replacement source
[ 11.850]   dropped segment from the replacement source
[ 11.850]   dropped stream-start from the replacement source
[ 11.850]   dropped stream-start from the replacement source
[ 11.850]   dropped segment from the replacement source
[ 11.850]   dropped stream-start from the replacement source
[ 11.850]   dropped stream-start from the replacement source
[ 11.851]   dropped segment from the replacement source
[ 11.893]   dropped stream-start from the replacement source
[ 11.893]   dropped stream-start from the replacement source
[ 11.893]   dropped segment from the replacement source
[ 11.893]   dropped stream-start from the replacement source
[ 11.893]   dropped stream-start from the replacement source
[ 11.893]   dropped segment from the replacement source
[ 11.893]   dropped stream-start from the replacement source
[ 11.893]   dropped stream-start from the replacement source
[ 11.893]   dropped segment from the replacement source
[ 11.935]   dropped stream-start from the replacement source
[ 11.935]   dropped stream-start from the replacement source
[ 11.936]   dropped segment from the replacement source
[ 11.936]   dropped stream-start from the replacement source
[ 11.936]   dropped stream-start from the replacement source
[ 11.936]   dropped segment from the replacement source
[ 11.936]   dropped stream-start from the replacement source
[ 11.936]   dropped stream-start from the replacement source
[ 11.936]   dropped segment from the replacement source
[ 11.978]   dropped stream-start from the replacement source
[ 11.978]   dropped stream-start from the replacement source
[ 11.978]   dropped segment from the replacement source
[ 11.978]   dropped stream-start from the replacement source
[ 11.978]   dropped stream-start from the replacement source
[ 11.978]   dropped segment from the replacement source
[ 11.978]   dropped stream-start from the replacement source
[ 11.978]   dropped stream-start from the replacement source
[ 11.978]   dropped segment from the replacement source
[ 12.021]   dropped stream-start from the replacement source
[ 12.021]   dropped stream-start from the replacement source
[ 12.021]   dropped segment from the replacement source
[ 12.021]   dropped stream-start from the replacement source
[ 12.021]   dropped stream-start from the replacement source
[ 12.021]   dropped segment from the replacement source
[ 12.021]   dropped stream-start from the replacement source
[ 12.021]   dropped stream-start from the replacement source
[ 12.021]   dropped segment from the replacement source
[ 12.063]   dropped stream-start from the replacement source
[ 12.063]   dropped stream-start from the replacement source
[ 12.064]   dropped segment from the replacement source
[ 12.064]   dropped stream-start from the replacement source
[ 12.064]   dropped stream-start from the replacement source
[ 12.064]   dropped segment from the replacement source
[ 12.064]   dropped stream-start from the replacement source
[ 12.064]   dropped stream-start from the replacement source
[ 12.064]   dropped segment from the replacement source
[ 12.106]   dropped stream-start from the replacement source
[ 12.106]   dropped stream-start from the replacement source
[ 12.106]   dropped segment from the replacement source
[ 12.106]   dropped stream-start from the replacement source
[ 12.106]   dropped stream-start from the replacement source
[ 12.106]   dropped segment from the replacement source
[ 12.106]   dropped stream-start from the replacement source
[ 12.106]   dropped stream-start from the replacement source
[ 12.106]   dropped segment from the replacement source
[ 12.132] rt= 10.94s mux_pts= 10.33s frames=621 screen=1 camera=547 mic=251 deskaudio=257 paused=False
[ 12.149]   dropped stream-start from the replacement source
[ 12.149]   dropped stream-start from the replacement source
[ 12.149]   dropped segment from the replacement source
[ 12.149]   dropped stream-start from the replacement source
[ 12.149]   dropped stream-start from the replacement source
[ 12.149]   dropped segment from the replacement source
[ 12.149]   dropped stream-start from the replacement source
[ 12.149]   dropped stream-start from the replacement source
[ 12.149]   dropped segment from the replacement source
[ 12.191]   dropped stream-start from the replacement source
[ 12.191]   dropped stream-start from the replacement source
[ 12.192]   dropped segment from the replacement source
[ 12.192]   dropped stream-start from the replacement source
[ 12.192]   dropped stream-start from the replacement source
[ 12.192]   dropped segment from the replacement source
[ 12.192]   dropped stream-start from the replacement source
[ 12.192]   dropped stream-start from the replacement source
[ 12.192]   dropped segment from the replacement source
[ 12.234]   dropped stream-start from the replacement source
[ 12.234]   dropped stream-start from the replacement source
[ 12.234]   dropped segment from the replacement source
[ 12.234]   dropped stream-start from the replacement source
[ 12.234]   dropped stream-start from the replacement source
[ 12.234]   dropped segment from the replacement source
[ 12.234]   dropped stream-start from the replacement source
[ 12.235]   dropped stream-start from the replacement source
[ 12.235]   dropped segment from the replacement source
[ 12.277]   dropped stream-start from the replacement source
[ 12.277]   dropped stream-start from the replacement source
[ 12.277]   dropped segment from the replacement source
[ 12.277]   dropped stream-start from the replacement source
[ 12.277]   dropped stream-start from the replacement source
[ 12.277]   dropped segment from the replacement source
[ 12.277]   dropped stream-start from the replacement source
[ 12.277]   dropped stream-start from the replacement source
[ 12.277]   dropped segment from the replacement source
[ 12.319]   dropped stream-start from the replacement source
[ 12.319]   dropped stream-start from the replacement source
[ 12.319]   dropped segment from the replacement source
[ 12.320]   dropped stream-start from the replacement source
[ 12.320]   dropped stream-start from the replacement source
[ 12.320]   dropped segment from the replacement source
[ 12.320]   dropped stream-start from the replacement source
[ 12.320]   dropped stream-start from the replacement source
[ 12.320]   dropped segment from the replacement source
[ 12.362]   dropped stream-start from the replacement source
[ 12.362]   dropped stream-start from the replacement source
[ 12.362]   dropped segment from the replacement source
[ 12.362]   dropped stream-start from the replacement source
[ 12.362]   dropped stream-start from the replacement source
[ 12.362]   dropped segment from the replacement source
[ 12.362]   dropped stream-start from the replacement source
[ 12.362]   dropped stream-start from the replacement source
[ 12.363]   dropped segment from the replacement source
[ 12.405]   dropped stream-start from the replacement source
[ 12.405]   dropped stream-start from the replacement source
[ 12.405]   dropped segment from the replacement source
[ 12.405]   dropped stream-start from the replacement source
[ 12.405]   dropped stream-start from the replacement source
[ 12.405]   dropped segment from the replacement source
[ 12.405]   dropped stream-start from the replacement source
[ 12.405]   dropped stream-start from the replacement source
[ 12.405]   dropped segment from the replacement source
[ 12.447]   dropped stream-start from the replacement source
[ 12.447]   dropped stream-start from the replacement source
[ 12.447]   dropped segment from the replacement source
[ 12.448]   dropped stream-start from the replacement source
[ 12.448]   dropped stream-start from the replacement source
[ 12.448]   dropped segment from the replacement source
[ 12.448]   dropped stream-start from the replacement source
[ 12.448]   dropped stream-start from the replacement source
[ 12.448]   dropped segment from the replacement source
[ 12.490]   dropped stream-start from the replacement source
[ 12.490]   dropped stream-start from the replacement source
[ 12.490]   dropped segment from the replacement source
[ 12.490]   dropped stream-start from the replacement source
[ 12.490]   dropped stream-start from the replacement source
[ 12.490]   dropped segment from the replacement source
[ 12.490]   dropped stream-start from the replacement source
[ 12.490]   dropped stream-start from the replacement source
[ 12.490]   dropped segment from the replacement source
[ 12.533]   dropped stream-start from the replacement source
[ 12.533]   dropped stream-start from the replacement source
[ 12.533]   dropped segment from the replacement source
[ 12.533]   dropped stream-start from the replacement source
[ 12.533]   dropped stream-start from the replacement source
[ 12.533]   dropped segment from the replacement source
[ 12.533]   dropped stream-start from the replacement source
[ 12.533]   dropped stream-start from the replacement source
[ 12.533]   dropped segment from the replacement source
[ 12.575]   dropped stream-start from the replacement source
[ 12.575]   dropped stream-start from the replacement source
[ 12.575]   dropped segment from the replacement source
[ 12.576]   dropped stream-start from the replacement source
[ 12.576]   dropped stream-start from the replacement source
[ 12.576]   dropped segment from the replacement source
[ 12.576]   dropped stream-start from the replacement source
[ 12.576]   dropped stream-start from the replacement source
[ 12.576]   dropped segment from the replacement source
[ 12.618]   dropped stream-start from the replacement source
[ 12.618]   dropped stream-start from the replacement source
[ 12.618]   dropped segment from the replacement source
[ 12.618]   dropped stream-start from the replacement source
[ 12.618]   dropped stream-start from the replacement source
[ 12.618]   dropped segment from the replacement source
[ 12.618]   dropped stream-start from the replacement source
[ 12.618]   dropped stream-start from the replacement source
[ 12.618]   dropped segment from the replacement source
[ 12.661]   dropped stream-start from the replacement source
[ 12.661]   dropped stream-start from the replacement source
[ 12.661]   dropped segment from the replacement source
[ 12.661]   dropped stream-start from the replacement source
[ 12.661]   dropped stream-start from the replacement source
[ 12.661]   dropped segment from the replacement source
[ 12.661]   dropped stream-start from the replacement source
[ 12.661]   dropped stream-start from the replacement source
[ 12.661]   dropped segment from the replacement source
[ 12.703]   dropped stream-start from the replacement source
[ 12.703]   dropped stream-start from the replacement source
[ 12.703]   dropped segment from the replacement source
[ 12.704]   dropped stream-start from the replacement source
[ 12.704]   dropped stream-start from the replacement source
[ 12.704]   dropped segment from the replacement source
[ 12.704]   dropped stream-start from the replacement source
[ 12.704]   dropped stream-start from the replacement source
[ 12.704]   dropped segment from the replacement source
[ 12.746]   dropped stream-start from the replacement source
[ 12.746]   dropped stream-start from the replacement source
[ 12.746]   dropped segment from the replacement source
[ 12.746]   dropped stream-start from the replacement source
[ 12.746]   dropped stream-start from the replacement source
[ 12.746]   dropped segment from the replacement source
[ 12.746]   dropped stream-start from the replacement source
[ 12.746]   dropped stream-start from the replacement source
[ 12.746]   dropped segment from the replacement source
[ 12.789]   dropped stream-start from the replacement source
[ 12.789]   dropped stream-start from the replacement source
[ 12.789]   dropped segment from the replacement source
[ 12.789]   dropped stream-start from the replacement source
[ 12.789]   dropped stream-start from the replacement source
[ 12.789]   dropped segment from the replacement source
[ 12.789]   dropped stream-start from the replacement source
[ 12.789]   dropped stream-start from the replacement source
[ 12.789]   dropped segment from the replacement source
[ 12.831]   dropped stream-start from the replacement source
[ 12.831]   dropped stream-start from the replacement source
[ 12.831]   dropped segment from the replacement source
[ 12.832]   dropped stream-start from the replacement source
[ 12.832]   dropped stream-start from the replacement source
[ 12.832]   dropped segment from the replacement source
[ 12.832]   dropped stream-start from the replacement source
[ 12.832]   dropped stream-start from the replacement source
[ 12.832]   dropped segment from the replacement source
[ 12.874]   dropped stream-start from the replacement source
[ 12.874]   dropped stream-start from the replacement source
[ 12.874]   dropped segment from the replacement source
[ 12.874]   dropped stream-start from the replacement source
[ 12.874]   dropped stream-start from the replacement source
[ 12.874]   dropped segment from the replacement source
[ 12.874]   dropped stream-start from the replacement source
[ 12.874]   dropped stream-start from the replacement source
[ 12.874]   dropped segment from the replacement source
[ 12.917]   dropped stream-start from the replacement source
[ 12.917]   dropped stream-start from the replacement source
[ 12.917]   dropped segment from the replacement source
[ 12.917]   dropped stream-start from the replacement source
[ 12.917]   dropped stream-start from the replacement source
[ 12.917]   dropped segment from the replacement source
[ 12.917]   dropped stream-start from the replacement source
[ 12.917]   dropped stream-start from the replacement source
[ 12.917]   dropped segment from the replacement source
[ 12.959]   dropped stream-start from the replacement source
[ 12.959]   dropped stream-start from the replacement source
[ 12.959]   dropped segment from the replacement source
[ 12.960]   dropped stream-start from the replacement source
[ 12.960]   dropped stream-start from the replacement source
[ 12.960]   dropped segment from the replacement source
[ 12.960]   dropped stream-start from the replacement source
[ 12.960]   dropped stream-start from the replacement source
[ 12.960]   dropped segment from the replacement source
[ 13.002]   dropped stream-start from the replacement source
[ 13.002]   dropped stream-start from the replacement source
[ 13.002]   dropped segment from the replacement source
[ 13.002]   dropped stream-start from the replacement source
[ 13.002]   dropped stream-start from the replacement source
[ 13.002]   dropped segment from the replacement source
[ 13.002]   dropped stream-start from the replacement source
[ 13.002]   dropped stream-start from the replacement source
[ 13.002]   dropped segment from the replacement source
[ 13.045]   dropped stream-start from the replacement source
[ 13.045]   dropped stream-start from the replacement source
[ 13.045]   dropped segment from the replacement source
[ 13.045]   dropped stream-start from the replacement source
[ 13.045]   dropped stream-start from the replacement source
[ 13.045]   dropped segment from the replacement source
[ 13.045]   dropped stream-start from the replacement source
[ 13.045]   dropped stream-start from the replacement source
[ 13.045]   dropped segment from the replacement source
[ 13.049] EVENT sh=./micstart.sh
[ 13.049]   $ ./micstart.sh
[ 13.087]   dropped stream-start from the replacement source
[ 13.087]   dropped stream-start from the replacement source
[ 13.088]   dropped segment from the replacement source
[ 13.088]   dropped stream-start from the replacement source
[ 13.088]   dropped stream-start from the replacement source
[ 13.088]   dropped segment from the replacement source
[ 13.088]   dropped stream-start from the replacement source
[ 13.088]   dropped stream-start from the replacement source
[ 13.088]   dropped segment from the replacement source
[ 13.130]   dropped stream-start from the replacement source
[ 13.130]   dropped stream-start from the replacement source
[ 13.130]   dropped segment from the replacement source
[ 13.130]   dropped stream-start from the replacement source
[ 13.130]   dropped stream-start from the replacement source
[ 13.130]   dropped segment from the replacement source
[ 13.130]   dropped stream-start from the replacement source
[ 13.130]   dropped stream-start from the replacement source
[ 13.130]   dropped segment from the replacement source
[ 13.173]   dropped stream-start from the replacement source
[ 13.173]   dropped stream-start from the replacement source
[ 13.173]   dropped segment from the replacement source
[ 13.173]   dropped stream-start from the replacement source
[ 13.173]   dropped stream-start from the replacement source
[ 13.173]   dropped segment from the replacement source
[ 13.173]   dropped stream-start from the replacement source
[ 13.173]   dropped stream-start from the replacement source
[ 13.173]   dropped segment from the replacement source
[ 13.215]   dropped stream-start from the replacement source
[ 13.215]   dropped stream-start from the replacement source
[ 13.216]   dropped segment from the replacement source
[ 13.216]   dropped stream-start from the replacement source
[ 13.216]   dropped stream-start from the replacement source
[ 13.216]   dropped segment from the replacement source
[ 13.216]   dropped stream-start from the replacement source
[ 13.216]   dropped stream-start from the replacement source
[ 13.216]   dropped segment from the replacement source
[ 13.220] rt= 12.03s mux_pts= 11.41s frames=686 screen=1 camera=602 mic=277 deskaudio=282 paused=False
[ 13.258]   dropped stream-start from the replacement source
[ 13.258]   dropped stream-start from the replacement source
[ 13.258]   dropped segment from the replacement source
[ 13.258]   dropped stream-start from the replacement source
[ 13.258]   dropped stream-start from the replacement source
[ 13.258]   dropped segment from the replacement source
[ 13.258]   dropped stream-start from the replacement source
[ 13.259]   dropped stream-start from the replacement source
[ 13.259]   dropped segment from the replacement source
[ 13.301]   dropped stream-start from the replacement source
[ 13.301]   dropped stream-start from the replacement source
[ 13.301]   dropped segment from the replacement source
[ 13.301]   dropped stream-start from the replacement source
[ 13.301]   dropped stream-start from the replacement source
[ 13.301]   dropped segment from the replacement source
[ 13.301]   dropped stream-start from the replacement source
[ 13.301]   dropped stream-start from the replacement source
[ 13.301]   dropped segment from the replacement source
[ 13.343]   dropped stream-start from the replacement source
[ 13.343]   dropped stream-start from the replacement source
[ 13.344]   dropped segment from the replacement source
[ 13.344]   dropped stream-start from the replacement source
[ 13.344]   dropped stream-start from the replacement source
[ 13.344]   dropped segment from the replacement source
[ 13.344]   dropped stream-start from the replacement source
[ 13.344]   dropped stream-start from the replacement source
[ 13.344]   dropped segment from the replacement source
[ 13.386]   dropped stream-start from the replacement source
[ 13.386]   dropped stream-start from the replacement source
[ 13.386]   dropped segment from the replacement source
[ 13.386]   dropped stream-start from the replacement source
[ 13.386]   dropped stream-start from the replacement source
[ 13.386]   dropped segment from the replacement source
[ 13.386]   dropped stream-start from the replacement source
[ 13.386]   dropped stream-start from the replacement source
[ 13.387]   dropped segment from the replacement source
[ 13.429]   dropped stream-start from the replacement source
[ 13.429]   dropped stream-start from the replacement source
[ 13.429]   dropped segment from the replacement source
[ 13.429]   dropped stream-start from the replacement source
[ 13.429]   dropped stream-start from the replacement source
[ 13.429]   dropped segment from the replacement source
[ 13.429]   dropped stream-start from the replacement source
[ 13.429]   dropped stream-start from the replacement source
[ 13.429]   dropped segment from the replacement source
[ 13.471]   dropped stream-start from the replacement source
[ 13.471]   dropped stream-start from the replacement source
[ 13.472]   dropped segment from the replacement source
[ 13.472]   dropped stream-start from the replacement source
[ 13.472]   dropped stream-start from the replacement source
[ 13.472]   dropped segment from the replacement source
[ 13.472]   dropped stream-start from the replacement source
[ 13.472]   dropped stream-start from the replacement source
[ 13.472]   dropped segment from the replacement source
[ 13.514]   dropped stream-start from the replacement source
[ 13.514]   dropped stream-start from the replacement source
[ 13.514]   dropped segment from the replacement source
[ 13.514]   dropped stream-start from the replacement source
[ 13.514]   dropped stream-start from the replacement source
[ 13.514]   dropped segment from the replacement source
[ 13.514]   dropped stream-start from the replacement source
[ 13.514]   dropped stream-start from the replacement source
[ 13.515]   dropped segment from the replacement source
[ 13.557]   dropped stream-start from the replacement source
[ 13.557]   dropped stream-start from the replacement source
[ 13.557]   dropped segment from the replacement source
[ 13.557]   dropped stream-start from the replacement source
[ 13.557]   dropped stream-start from the replacement source
[ 13.557]   dropped segment from the replacement source
[ 13.557]   dropped stream-start from the replacement source
[ 13.557]   dropped stream-start from the replacement source
[ 13.557]   dropped segment from the replacement source
[ 13.599]   dropped stream-start from the replacement source
[ 13.599]   dropped stream-start from the replacement source
[ 13.599]   dropped segment from the replacement source
[ 13.600]   dropped stream-start from the replacement source
[ 13.600]   dropped stream-start from the replacement source
[ 13.600]   dropped segment from the replacement source
[ 13.600]   dropped stream-start from the replacement source
[ 13.600]   dropped stream-start from the replacement source
[ 13.600]   dropped segment from the replacement source
[ 13.642]   dropped stream-start from the replacement source
[ 13.642]   dropped stream-start from the replacement source
[ 13.642]   dropped segment from the replacement source
[ 13.642]   dropped stream-start from the replacement source
[ 13.642]   dropped stream-start from the replacement source
[ 13.642]   dropped segment from the replacement source
[ 13.642]   dropped stream-start from the replacement source
[ 13.642]   dropped stream-start from the replacement source
[ 13.642]   dropped segment from the replacement source
[ 13.685]   dropped stream-start from the replacement source
[ 13.685]   dropped stream-start from the replacement source
[ 13.685]   dropped segment from the replacement source
[ 13.685]   dropped stream-start from the replacement source
[ 13.685]   dropped stream-start from the replacement source
[ 13.685]   dropped segment from the replacement source
[ 13.685]   dropped stream-start from the replacement source
[ 13.685]   dropped stream-start from the replacement source
[ 13.685]   dropped segment from the replacement source
[ 13.727]   dropped stream-start from the replacement source
[ 13.727]   dropped stream-start from the replacement source
[ 13.727]   dropped segment from the replacement source
[ 13.728]   dropped stream-start from the replacement source
[ 13.728]   dropped stream-start from the replacement source
[ 13.728]   dropped segment from the replacement source
[ 13.728]   dropped stream-start from the replacement source
[ 13.728]   dropped stream-start from the replacement source
[ 13.728]   dropped segment from the replacement source
[ 13.770]   dropped stream-start from the replacement source
[ 13.770]   dropped stream-start from the replacement source
[ 13.770]   dropped segment from the replacement source
[ 13.770]   dropped stream-start from the replacement source
[ 13.770]   dropped stream-start from the replacement source
[ 13.770]   dropped segment from the replacement source
[ 13.770]   dropped stream-start from the replacement source
[ 13.771]   dropped stream-start from the replacement source
[ 13.771]   dropped segment from the replacement source
[ 13.813]   dropped stream-start from the replacement source
[ 13.813]   dropped stream-start from the replacement source
[ 13.813]   dropped segment from the replacement source
[ 13.813]   dropped stream-start from the replacement source
[ 13.813]   dropped stream-start from the replacement source
[ 13.813]   dropped segment from the replacement source
[ 13.813]   dropped stream-start from the replacement source
[ 13.813]   dropped stream-start from the replacement source
[ 13.813]   dropped segment from the replacement source
[ 13.855]   dropped stream-start from the replacement source
[ 13.855]   dropped stream-start from the replacement source
[ 13.855]   dropped segment from the replacement source
[ 13.856]   dropped stream-start from the replacement source
[ 13.856]   dropped stream-start from the replacement source
[ 13.856]   dropped segment from the replacement source
[ 13.856]   dropped stream-start from the replacement source
[ 13.856]   dropped stream-start from the replacement source
[ 13.856]   dropped segment from the replacement source
[ 13.898]   dropped stream-start from the replacement source
[ 13.898]   dropped stream-start from the replacement source
[ 13.898]   dropped segment from the replacement source
[ 13.898]   dropped stream-start from the replacement source
[ 13.898]   dropped stream-start from the replacement source
[ 13.898]   dropped segment from the replacement source
[ 13.898]   dropped stream-start from the replacement source
[ 13.898]   dropped stream-start from the replacement source
[ 13.898]   dropped segment from the replacement source
[ 13.941]   dropped stream-start from the replacement source
[ 13.941]   dropped stream-start from the replacement source
[ 13.941]   dropped segment from the replacement source
[ 13.941]   dropped stream-start from the replacement source
[ 13.941]   dropped stream-start from the replacement source
[ 13.941]   dropped segment from the replacement source
[ 13.941]   dropped stream-start from the replacement source
[ 13.941]   dropped stream-start from the replacement source
[ 13.941]   dropped segment from the replacement source
[ 13.983]   dropped stream-start from the replacement source
[ 13.983]   dropped stream-start from the replacement source
[ 13.983]   dropped segment from the replacement source
[ 13.984]   dropped stream-start from the replacement source
[ 13.984]   dropped stream-start from the replacement source
[ 13.984]   dropped segment from the replacement source
[ 13.984]   dropped stream-start from the replacement source
[ 13.984]   dropped stream-start from the replacement source
[ 13.984]   dropped segment from the replacement source
[ 14.026]   dropped stream-start from the replacement source
[ 14.026]   dropped stream-start from the replacement source
[ 14.026]   dropped segment from the replacement source
[ 14.026]   dropped stream-start from the replacement source
[ 14.026]   dropped stream-start from the replacement source
[ 14.026]   dropped segment from the replacement source
[ 14.026]   dropped stream-start from the replacement source
[ 14.026]   dropped stream-start from the replacement source
[ 14.026]   dropped segment from the replacement source
[ 14.069]   dropped stream-start from the replacement source
[ 14.069]   dropped stream-start from the replacement source
[ 14.069]   dropped segment from the replacement source
[ 14.069]   dropped stream-start from the replacement source
[ 14.069]   dropped stream-start from the replacement source
[ 14.069]   dropped segment from the replacement source
[ 14.069]   dropped stream-start from the replacement source
[ 14.069]   dropped stream-start from the replacement source
[ 14.069]   dropped segment from the replacement source
[ 14.111]   dropped stream-start from the replacement source
[ 14.111]   dropped stream-start from the replacement source
[ 14.111]   dropped segment from the replacement source
[ 14.112]   dropped stream-start from the replacement source
[ 14.112]   dropped stream-start from the replacement source
[ 14.112]   dropped segment from the replacement source
[ 14.112]   dropped stream-start from the replacement source
[ 14.112]   dropped stream-start from the replacement source
[ 14.112]   dropped segment from the replacement source
[ 14.154]   dropped stream-start from the replacement source
[ 14.154]   dropped stream-start from the replacement source
[ 14.154]   dropped segment from the replacement source
[ 14.154]   dropped stream-start from the replacement source
[ 14.154]   dropped stream-start from the replacement source
[ 14.154]   dropped segment from the replacement source
[ 14.154]   dropped stream-start from the replacement source
[ 14.154]   dropped stream-start from the replacement source
[ 14.154]   dropped segment from the replacement source
[ 14.197]   dropped stream-start from the replacement source
[ 14.197]   dropped stream-start from the replacement source
[ 14.197]   dropped segment from the replacement source
[ 14.197]   dropped stream-start from the replacement source
[ 14.197]   dropped stream-start from the replacement source
[ 14.197]   dropped segment from the replacement source
[ 14.197]   dropped stream-start from the replacement source
[ 14.197]   dropped stream-start from the replacement source
[ 14.197]   dropped segment from the replacement source
[ 14.220] rt= 13.03s mux_pts= 12.41s frames=746 screen=1 camera=652 mic=300 deskaudio=306 paused=False
[ 14.239]   dropped stream-start from the replacement source
[ 14.239]   dropped stream-start from the replacement source
[ 14.239]   dropped segment from the replacement source
[ 14.240]   dropped stream-start from the replacement source
[ 14.240]   dropped stream-start from the replacement source
[ 14.240]   dropped segment from the replacement source
[ 14.240]   dropped stream-start from the replacement source
[ 14.240]   dropped stream-start from the replacement source
[ 14.240]   dropped segment from the replacement source
[ 14.282]   dropped stream-start from the replacement source
[ 14.282]   dropped stream-start from the replacement source
[ 14.282]   dropped segment from the replacement source
[ 14.282]   dropped stream-start from the replacement source
[ 14.282]   dropped stream-start from the replacement source
[ 14.282]   dropped segment from the replacement source
[ 14.282]   dropped stream-start from the replacement source
[ 14.282]   dropped stream-start from the replacement source
[ 14.282]   dropped segment from the replacement source
[ 14.325]   dropped stream-start from the replacement source
[ 14.325]   dropped stream-start from the replacement source
[ 14.325]   dropped segment from the replacement source
[ 14.325]   dropped stream-start from the replacement source
[ 14.325]   dropped stream-start from the replacement source
[ 14.325]   dropped segment from the replacement source
[ 14.325]   dropped stream-start from the replacement source
[ 14.325]   dropped stream-start from the replacement source
[ 14.325]   dropped segment from the replacement source
[ 14.367]   dropped stream-start from the replacement source
[ 14.367]   dropped stream-start from the replacement source
[ 14.367]   dropped segment from the replacement source
[ 14.368]   dropped stream-start from the replacement source
[ 14.368]   dropped stream-start from the replacement source
[ 14.368]   dropped segment from the replacement source
[ 14.368]   dropped stream-start from the replacement source
[ 14.368]   dropped stream-start from the replacement source
[ 14.368]   dropped segment from the replacement source
[ 14.410]   dropped stream-start from the replacement source
[ 14.410]   dropped stream-start from the replacement source
[ 14.410]   dropped segment from the replacement source
[ 14.410]   dropped stream-start from the replacement source
[ 14.410]   dropped stream-start from the replacement source
[ 14.410]   dropped segment from the replacement source
[ 14.410]   dropped stream-start from the replacement source
[ 14.410]   dropped stream-start from the replacement source
[ 14.411]   dropped segment from the replacement source
[ 14.453]   dropped stream-start from the replacement source
[ 14.453]   dropped stream-start from the replacement source
[ 14.453]   dropped segment from the replacement source
[ 14.453]   dropped stream-start from the replacement source
[ 14.453]   dropped stream-start from the replacement source
[ 14.453]   dropped segment from the replacement source
[ 14.453]   dropped stream-start from the replacement source
[ 14.453]   dropped stream-start from the replacement source
[ 14.453]   dropped segment from the replacement source
[ 14.495]   dropped stream-start from the replacement source
[ 14.495]   dropped stream-start from the replacement source
[ 14.495]   dropped segment from the replacement source
[ 14.496]   dropped stream-start from the replacement source
[ 14.496]   dropped stream-start from the replacement source
[ 14.496]   dropped segment from the replacement source
[ 14.496]   dropped stream-start from the replacement source
[ 14.496]   dropped stream-start from the replacement source
[ 14.496]   dropped segment from the replacement source
[ 14.538]   dropped stream-start from the replacement source
[ 14.538]   dropped stream-start from the replacement source
[ 14.538]   dropped segment from the replacement source
[ 14.538]   dropped stream-start from the replacement source
[ 14.538]   dropped stream-start from the replacement source
[ 14.538]   dropped segment from the replacement source
[ 14.538]   dropped stream-start from the replacement source
[ 14.538]   dropped stream-start from the replacement source
[ 14.538]   dropped segment from the replacement source
[ 14.581]   dropped stream-start from the replacement source
[ 14.581]   dropped stream-start from the replacement source
[ 14.581]   dropped segment from the replacement source
[ 14.581]   dropped stream-start from the replacement source
[ 14.581]   dropped stream-start from the replacement source
[ 14.581]   dropped segment from the replacement source
[ 14.581]   dropped stream-start from the replacement source
[ 14.581]   dropped stream-start from the replacement source
[ 14.581]   dropped segment from the replacement source
[ 14.623]   dropped stream-start from the replacement source
[ 14.623]   dropped stream-start from the replacement source
[ 14.624]   dropped segment from the replacement source
[ 14.624]   dropped stream-start from the replacement source
[ 14.624]   dropped stream-start from the replacement source
[ 14.624]   dropped segment from the replacement source
[ 14.624]   dropped stream-start from the replacement source
[ 14.624]   dropped stream-start from the replacement source
[ 14.624]   dropped segment from the replacement source
[ 14.666]   dropped stream-start from the replacement source
[ 14.666]   dropped stream-start from the replacement source
[ 14.666]   dropped segment from the replacement source
[ 14.666]   dropped stream-start from the replacement source
[ 14.666]   dropped stream-start from the replacement source
[ 14.666]   dropped segment from the replacement source
[ 14.666]   dropped stream-start from the replacement source
[ 14.666]   dropped stream-start from the replacement source
[ 14.666]   dropped segment from the replacement source
[ 14.709]   dropped stream-start from the replacement source
[ 14.709]   dropped stream-start from the replacement source
[ 14.709]   dropped segment from the replacement source
[ 14.709]   dropped stream-start from the replacement source
[ 14.709]   dropped stream-start from the replacement source
[ 14.709]   dropped segment from the replacement source
[ 14.709]   dropped stream-start from the replacement source
[ 14.709]   dropped stream-start from the replacement source
[ 14.709]   dropped segment from the replacement source
[ 14.751]   dropped stream-start from the replacement source
[ 14.751]   dropped stream-start from the replacement source
[ 14.751]   dropped segment from the replacement source
[ 14.752]   dropped stream-start from the replacement source
[ 14.752]   dropped stream-start from the replacement source
[ 14.752]   dropped segment from the replacement source
[ 14.752]   dropped stream-start from the replacement source
[ 14.752]   dropped stream-start from the replacement source
[ 14.752]   dropped segment from the replacement source
[ 14.794]   dropped stream-start from the replacement source
[ 14.794]   dropped stream-start from the replacement source
[ 14.794]   dropped segment from the replacement source
[ 14.794]   dropped stream-start from the replacement source
[ 14.794]   dropped stream-start from the replacement source
[ 14.794]   dropped segment from the replacement source
[ 14.794]   dropped stream-start from the replacement source
[ 14.794]   dropped stream-start from the replacement source
[ 14.794]   dropped segment from the replacement source
[ 14.837]   dropped stream-start from the replacement source
[ 14.837]   dropped stream-start from the replacement source
[ 14.837]   dropped segment from the replacement source
[ 14.837]   dropped stream-start from the replacement source
[ 14.837]   dropped stream-start from the replacement source
[ 14.837]   dropped segment from the replacement source
[ 14.837]   dropped stream-start from the replacement source
[ 14.837]   dropped stream-start from the replacement source
[ 14.837]   dropped segment from the replacement source
[ 14.879]   dropped stream-start from the replacement source
[ 14.879]   dropped stream-start from the replacement source
[ 14.879]   dropped segment from the replacement source
[ 14.880]   dropped stream-start from the replacement source
[ 14.880]   dropped stream-start from the replacement source
[ 14.880]   dropped segment from the replacement source
[ 14.880]   dropped stream-start from the replacement source
[ 14.880]   dropped stream-start from the replacement source
[ 14.880]   dropped segment from the replacement source
[ 14.922]   dropped stream-start from the replacement source
[ 14.922]   dropped stream-start from the replacement source
[ 14.922]   dropped segment from the replacement source
[ 14.922]   dropped stream-start from the replacement source
[ 14.922]   dropped stream-start from the replacement source
[ 14.922]   dropped segment from the replacement source
[ 14.922]   dropped stream-start from the replacement source
[ 14.922]   dropped stream-start from the replacement source
[ 14.922]   dropped segment from the replacement source
[ 14.965]   dropped stream-start from the replacement source
[ 14.965]   dropped stream-start from the replacement source
[ 14.965]   dropped segment from the replacement source
[ 14.965]   dropped stream-start from the replacement source
[ 14.965]   dropped stream-start from the replacement source
[ 14.965]   dropped segment from the replacement source
[ 14.965]   dropped stream-start from the replacement source
[ 14.965]   dropped stream-start from the replacement source
[ 14.965]   dropped segment from the replacement source
[ 15.007]   dropped stream-start from the replacement source
[ 15.007]   dropped stream-start from the replacement source
[ 15.007]   dropped segment from the replacement source
[ 15.008]   dropped stream-start from the replacement source
[ 15.008]   dropped stream-start from the replacement source
[ 15.008]   dropped segment from the replacement source
[ 15.008]   dropped stream-start from the replacement source
[ 15.008]   dropped stream-start from the replacement source
[ 15.008]   dropped segment from the replacement source
[ 15.050]   dropped stream-start from the replacement source
[ 15.050]   dropped stream-start from the replacement source
[ 15.050]   dropped segment from the replacement source
[ 15.050]   dropped stream-start from the replacement source
[ 15.050]   dropped stream-start from the replacement source
[ 15.050]   dropped segment from the replacement source
[ 15.050]   dropped stream-start from the replacement source
[ 15.050]   dropped stream-start from the replacement source
[ 15.050]   dropped segment from the replacement source
[ 15.093]   dropped stream-start from the replacement source
[ 15.093]   dropped stream-start from the replacement source
[ 15.093]   dropped segment from the replacement source
[ 15.093]   dropped stream-start from the replacement source
[ 15.093]   dropped stream-start from the replacement source
[ 15.093]   dropped segment from the replacement source
[ 15.093]   dropped stream-start from the replacement source
[ 15.093]   dropped stream-start from the replacement source
[ 15.093]   dropped segment from the replacement source
[ 15.135]   dropped stream-start from the replacement source
[ 15.135]   dropped stream-start from the replacement source
[ 15.136]   dropped segment from the replacement source
[ 15.136]   dropped stream-start from the replacement source
[ 15.136]   dropped stream-start from the replacement source
[ 15.136]   dropped segment from the replacement source
[ 15.136]   dropped stream-start from the replacement source
[ 15.136]   dropped stream-start from the replacement source
[ 15.136]   dropped segment from the replacement source
[ 15.178]   dropped stream-start from the replacement source
[ 15.178]   dropped stream-start from the replacement source
[ 15.178]   dropped segment from the replacement source
[ 15.178]   dropped stream-start from the replacement source
[ 15.178]   dropped stream-start from the replacement source
[ 15.178]   dropped segment from the replacement source
[ 15.178]   dropped stream-start from the replacement source
[ 15.178]   dropped stream-start from the replacement source
[ 15.178]   dropped segment from the replacement source
[ 15.220] rt= 14.03s mux_pts= 13.41s frames=806 screen=1 camera=702 mic=323 deskaudio=329 paused=False
[ 15.221]   dropped stream-start from the replacement source
[ 15.221]   dropped stream-start from the replacement source
[ 15.221]   dropped segment from the replacement source
[ 15.221]   dropped stream-start from the replacement source
[ 15.221]   dropped stream-start from the replacement source
[ 15.221]   dropped segment from the replacement source
[ 15.221]   dropped stream-start from the replacement source
[ 15.221]   dropped stream-start from the replacement source
[ 15.221]   dropped segment from the replacement source
[ 15.263]   dropped stream-start from the replacement source
[ 15.263]   dropped stream-start from the replacement source
[ 15.263]   dropped segment from the replacement source
[ 15.264]   dropped stream-start from the replacement source
[ 15.264]   dropped stream-start from the replacement source
[ 15.264]   dropped segment from the replacement source
[ 15.264]   dropped stream-start from the replacement source
[ 15.264]   dropped stream-start from the replacement source
[ 15.264]   dropped segment from the replacement source
[ 15.306]   dropped stream-start from the replacement source
[ 15.306]   dropped stream-start from the replacement source
[ 15.306]   dropped segment from the replacement source
[ 15.306]   dropped stream-start from the replacement source
[ 15.306]   dropped stream-start from the replacement source
[ 15.306]   dropped segment from the replacement source
[ 15.306]   dropped stream-start from the replacement source
[ 15.306]   dropped stream-start from the replacement source
[ 15.306]   dropped segment from the replacement source
[ 15.349]   dropped stream-start from the replacement source
[ 15.349]   dropped stream-start from the replacement source
[ 15.349]   dropped segment from the replacement source
[ 15.349]   dropped stream-start from the replacement source
[ 15.349]   dropped stream-start from the replacement source
[ 15.349]   dropped segment from the replacement source
[ 15.349]   dropped stream-start from the replacement source
[ 15.349]   dropped stream-start from the replacement source
[ 15.349]   dropped segment from the replacement source
[ 15.391]   dropped stream-start from the replacement source
[ 15.391]   dropped stream-start from the replacement source
[ 15.391]   dropped segment from the replacement source
[ 15.392]   dropped stream-start from the replacement source
[ 15.392]   dropped stream-start from the replacement source
[ 15.392]   dropped segment from the replacement source
[ 15.392]   dropped stream-start from the replacement source
[ 15.392]   dropped stream-start from the replacement source
[ 15.392]   dropped segment from the replacement source
[ 15.434]   dropped stream-start from the replacement source
[ 15.434]   dropped stream-start from the replacement source
[ 15.434]   dropped segment from the replacement source
[ 15.434]   dropped stream-start from the replacement source
[ 15.434]   dropped stream-start from the replacement source
[ 15.434]   dropped segment from the replacement source
[ 15.434]   dropped stream-start from the replacement source
[ 15.434]   dropped stream-start from the replacement source
[ 15.434]   dropped segment from the replacement source
[ 15.477]   dropped stream-start from the replacement source
[ 15.477]   dropped stream-start from the replacement source
[ 15.477]   dropped segment from the replacement source
[ 15.477]   dropped stream-start from the replacement source
[ 15.477]   dropped stream-start from the replacement source
[ 15.477]   dropped segment from the replacement source
[ 15.477]   dropped stream-start from the replacement source
[ 15.477]   dropped stream-start from the replacement source
[ 15.477]   dropped segment from the replacement source
[ 15.519]   dropped stream-start from the replacement source
[ 15.519]   dropped stream-start from the replacement source
[ 15.519]   dropped segment from the replacement source
[ 15.520]   dropped stream-start from the replacement source
[ 15.520]   dropped stream-start from the replacement source
[ 15.520]   dropped segment from the replacement source
[ 15.520]   dropped stream-start from the replacement source
[ 15.520]   dropped stream-start from the replacement source
[ 15.520]   dropped segment from the replacement source
[ 15.562]   dropped stream-start from the replacement source
[ 15.562]   dropped stream-start from the replacement source
[ 15.562]   dropped segment from the replacement source
[ 15.562]   dropped stream-start from the replacement source
[ 15.562]   dropped stream-start from the replacement source
[ 15.562]   dropped segment from the replacement source
[ 15.562]   dropped stream-start from the replacement source
[ 15.562]   dropped stream-start from the replacement source
[ 15.563]   dropped segment from the replacement source
[ 15.605]   dropped stream-start from the replacement source
[ 15.605]   dropped stream-start from the replacement source
[ 15.605]   dropped segment from the replacement source
[ 15.605]   dropped stream-start from the replacement source
[ 15.605]   dropped stream-start from the replacement source
[ 15.605]   dropped segment from the replacement source
[ 15.605]   dropped stream-start from the replacement source
[ 15.605]   dropped stream-start from the replacement source
[ 15.605]   dropped segment from the replacement source
[ 15.647]   dropped stream-start from the replacement source
[ 15.647]   dropped stream-start from the replacement source
[ 15.648]   dropped segment from the replacement source
[ 15.648]   dropped stream-start from the replacement source
[ 15.648]   dropped stream-start from the replacement source
[ 15.648]   dropped segment from the replacement source
[ 15.648]   dropped stream-start from the replacement source
[ 15.648]   dropped stream-start from the replacement source
[ 15.648]   dropped segment from the replacement source
[ 15.690]   dropped stream-start from the replacement source
[ 15.690]   dropped stream-start from the replacement source
[ 15.690]   dropped segment from the replacement source
[ 15.690]   dropped stream-start from the replacement source
[ 15.690]   dropped stream-start from the replacement source
[ 15.690]   dropped segment from the replacement source
[ 15.690]   dropped stream-start from the replacement source
[ 15.691]   dropped stream-start from the replacement source
[ 15.691]   dropped segment from the replacement source
[ 15.733]   dropped stream-start from the replacement source
[ 15.733]   dropped stream-start from the replacement source
[ 15.733]   dropped segment from the replacement source
[ 15.733]   dropped stream-start from the replacement source
[ 15.733]   dropped stream-start from the replacement source
[ 15.733]   dropped segment from the replacement source
[ 15.733]   dropped stream-start from the replacement source
[ 15.733]   dropped stream-start from the replacement source
[ 15.733]   dropped segment from the replacement source
[ 15.775]   dropped stream-start from the replacement source
[ 15.775]   dropped stream-start from the replacement source
[ 15.776]   dropped segment from the replacement source
[ 15.776]   dropped stream-start from the replacement source
[ 15.776]   dropped stream-start from the replacement source
[ 15.776]   dropped segment from the replacement source
[ 15.776]   dropped stream-start from the replacement source
[ 15.776]   dropped stream-start from the replacement source
[ 15.776]   dropped segment from the replacement source
[ 15.818]   dropped stream-start from the replacement source
[ 15.818]   dropped stream-start from the replacement source
[ 15.818]   dropped segment from the replacement source
[ 15.818]   dropped stream-start from the replacement source
[ 15.818]   dropped stream-start from the replacement source
[ 15.818]   dropped segment from the replacement source
[ 15.818]   dropped stream-start from the replacement source
[ 15.818]   dropped stream-start from the replacement source
[ 15.818]   dropped segment from the replacement source
[ 15.861]   dropped stream-start from the replacement source
[ 15.861]   dropped stream-start from the replacement source
[ 15.861]   dropped segment from the replacement source
[ 15.861]   dropped stream-start from the replacement source
[ 15.861]   dropped stream-start from the replacement source
[ 15.861]   dropped segment from the replacement source
[ 15.861]   dropped stream-start from the replacement source
[ 15.861]   dropped stream-start from the replacement source
[ 15.861]   dropped segment from the replacement source
[ 15.903]   dropped stream-start from the replacement source
[ 15.903]   dropped stream-start from the replacement source
[ 15.904]   dropped segment from the replacement source
[ 15.904]   dropped stream-start from the replacement source
[ 15.904]   dropped stream-start from the replacement source
[ 15.904]   dropped segment from the replacement source
[ 15.904]   dropped stream-start from the replacement source
[ 15.904]   dropped stream-start from the replacement source
[ 15.904]   dropped segment from the replacement source
[ 15.946]   dropped stream-start from the replacement source
[ 15.946]   dropped stream-start from the replacement source
[ 15.946]   dropped segment from the replacement source
[ 15.946]   dropped stream-start from the replacement source
[ 15.946]   dropped stream-start from the replacement source
[ 15.946]   dropped segment from the replacement source
[ 15.946]   dropped stream-start from the replacement source
[ 15.947]   dropped stream-start from the replacement source
[ 15.947]   dropped segment from the replacement source
[ 15.989]   dropped stream-start from the replacement source
[ 15.989]   dropped stream-start from the replacement source
[ 15.989]   dropped segment from the replacement source
[ 15.989]   dropped stream-start from the replacement source
[ 15.989]   dropped stream-start from the replacement source
[ 15.989]   dropped segment from the replacement source
[ 15.989]   dropped stream-start from the replacement source
[ 15.989]   dropped stream-start from the replacement source
[ 15.989]   dropped segment from the replacement source
[ 16.031]   dropped stream-start from the replacement source
[ 16.031]   dropped stream-start from the replacement source
[ 16.032]   dropped segment from the replacement source
[ 16.032]   dropped stream-start from the replacement source
[ 16.032]   dropped stream-start from the replacement source
[ 16.032]   dropped segment from the replacement source
[ 16.032]   dropped stream-start from the replacement source
[ 16.032]   dropped stream-start from the replacement source
[ 16.032]   dropped segment from the replacement source
[ 16.074]   dropped stream-start from the replacement source
[ 16.074]   dropped stream-start from the replacement source
[ 16.074]   dropped segment from the replacement source
[ 16.074]   dropped stream-start from the replacement source
[ 16.074]   dropped stream-start from the replacement source
[ 16.074]   dropped segment from the replacement source
[ 16.074]   dropped stream-start from the replacement source
[ 16.074]   dropped stream-start from the replacement source
[ 16.075]   dropped segment from the replacement source
[ 16.117]   dropped stream-start from the replacement source
[ 16.117]   dropped stream-start from the replacement source
[ 16.117]   dropped segment from the replacement source
[ 16.117]   dropped stream-start from the replacement source
[ 16.117]   dropped stream-start from the replacement source
[ 16.117]   dropped segment from the replacement source
[ 16.117]   dropped stream-start from the replacement source
[ 16.117]   dropped stream-start from the replacement source
[ 16.117]   dropped segment from the replacement source
[ 16.159]   dropped stream-start from the replacement source
[ 16.159]   dropped stream-start from the replacement source
[ 16.159]   dropped segment from the replacement source
[ 16.160]   dropped stream-start from the replacement source
[ 16.160]   dropped stream-start from the replacement source
[ 16.160]   dropped segment from the replacement source
[ 16.160]   dropped stream-start from the replacement source
[ 16.160]   dropped stream-start from the replacement source
[ 16.160]   dropped segment from the replacement source
[ 16.202]   dropped stream-start from the replacement source
[ 16.202]   dropped stream-start from the replacement source
[ 16.202]   dropped segment from the replacement source
[ 16.202]   dropped stream-start from the replacement source
[ 16.202]   dropped stream-start from the replacement source
[ 16.202]   dropped segment from the replacement source
[ 16.202]   dropped stream-start from the replacement source
[ 16.202]   dropped stream-start from the replacement source
[ 16.202]   dropped segment from the replacement source
[ 16.220] rt= 15.03s mux_pts= 14.41s frames=866 screen=3 camera=752 mic=347 deskaudio=352 paused=False
[ 16.245]   dropped stream-start from the replacement source
[ 16.245]   dropped stream-start from the replacement source
[ 16.245]   dropped segment from the replacement source
[ 16.245]   dropped stream-start from the replacement source
[ 16.245]   dropped stream-start from the replacement source
[ 16.245]   dropped segment from the replacement source
[ 16.245]   dropped stream-start from the replacement source
[ 16.245]   dropped stream-start from the replacement source
[ 16.245]   dropped segment from the replacement source
[ 16.287]   dropped stream-start from the replacement source
[ 16.287]   dropped stream-start from the replacement source
[ 16.287]   dropped segment from the replacement source
[ 16.288]   dropped stream-start from the replacement source
[ 16.288]   dropped stream-start from the replacement source
[ 16.288]   dropped segment from the replacement source
[ 16.288]   dropped stream-start from the replacement source
[ 16.288]   dropped stream-start from the replacement source
[ 16.288]   dropped segment from the replacement source
[ 16.330]   dropped stream-start from the replacement source
[ 16.330]   dropped stream-start from the replacement source
[ 16.330]   dropped segment from the replacement source
[ 16.330]   dropped stream-start from the replacement source
[ 16.330]   dropped stream-start from the replacement source
[ 16.330]   dropped segment from the replacement source
[ 16.330]   dropped stream-start from the replacement source
[ 16.330]   dropped stream-start from the replacement source
[ 16.330]   dropped segment from the replacement source
[ 16.373]   dropped stream-start from the replacement source
[ 16.373]   dropped stream-start from the replacement source
[ 16.373]   dropped segment from the replacement source
[ 16.373]   dropped stream-start from the replacement source
[ 16.373]   dropped stream-start from the replacement source
[ 16.373]   dropped segment from the replacement source
[ 16.373]   dropped stream-start from the replacement source
[ 16.373]   dropped stream-start from the replacement source
[ 16.373]   dropped segment from the replacement source
[ 16.415]   dropped stream-start from the replacement source
[ 16.415]   dropped stream-start from the replacement source
[ 16.415]   dropped segment from the replacement source
[ 16.416]   dropped stream-start from the replacement source
[ 16.416]   dropped stream-start from the replacement source
[ 16.416]   dropped segment from the replacement source
[ 16.416]   dropped stream-start from the replacement source
[ 16.416]   dropped stream-start from the replacement source
[ 16.416]   dropped segment from the replacement source
[ 16.458]   dropped stream-start from the replacement source
[ 16.458]   dropped stream-start from the replacement source
[ 16.458]   dropped segment from the replacement source
[ 16.458]   dropped stream-start from the replacement source
[ 16.458]   dropped stream-start from the replacement source
[ 16.458]   dropped segment from the replacement source
[ 16.458]   dropped stream-start from the replacement source
[ 16.458]   dropped stream-start from the replacement source
[ 16.459]   dropped segment from the replacement source
[ 16.501]   dropped stream-start from the replacement source
[ 16.501]   dropped stream-start from the replacement source
[ 16.501]   dropped segment from the replacement source
[ 16.501]   dropped stream-start from the replacement source
[ 16.501]   dropped stream-start from the replacement source
[ 16.501]   dropped segment from the replacement source
[ 16.501]   dropped stream-start from the replacement source
[ 16.501]   dropped stream-start from the replacement source
[ 16.501]   dropped segment from the replacement source
[ 16.543]   dropped stream-start from the replacement source
[ 16.543]   dropped stream-start from the replacement source
[ 16.543]   dropped segment from the replacement source
[ 16.544]   dropped stream-start from the replacement source
[ 16.544]   dropped stream-start from the replacement source
[ 16.544]   dropped segment from the replacement source
[ 16.544]   dropped stream-start from the replacement source
[ 16.544]   dropped stream-start from the replacement source
[ 16.544]   dropped segment from the replacement source
[ 16.586]   dropped stream-start from the replacement source
[ 16.586]   dropped stream-start from the replacement source
[ 16.586]   dropped segment from the replacement source
[ 16.586]   dropped stream-start from the replacement source
[ 16.586]   dropped stream-start from the replacement source
[ 16.586]   dropped segment from the replacement source
[ 16.586]   dropped stream-start from the replacement source
[ 16.586]   dropped stream-start from the replacement source
[ 16.586]   dropped segment from the replacement source
[ 16.629]   dropped stream-start from the replacement source
[ 16.629]   dropped stream-start from the replacement source
[ 16.629]   dropped segment from the replacement source
[ 16.629]   dropped stream-start from the replacement source
[ 16.629]   dropped stream-start from the replacement source
[ 16.629]   dropped segment from the replacement source
[ 16.629]   dropped stream-start from the replacement source
[ 16.629]   dropped stream-start from the replacement source
[ 16.629]   dropped segment from the replacement source
[ 16.671]   dropped stream-start from the replacement source
[ 16.671]   dropped stream-start from the replacement source
[ 16.672]   dropped segment from the replacement source
[ 16.672]   dropped stream-start from the replacement source
[ 16.672]   dropped stream-start from the replacement source
[ 16.672]   dropped segment from the replacement source
[ 16.672]   dropped stream-start from the replacement source
[ 16.672]   dropped stream-start from the replacement source
[ 16.672]   dropped segment from the replacement source
[ 16.714]   dropped stream-start from the replacement source
[ 16.714]   dropped stream-start from the replacement source
[ 16.714]   dropped segment from the replacement source
[ 16.714]   dropped stream-start from the replacement source
[ 16.714]   dropped stream-start from the replacement source
[ 16.714]   dropped segment from the replacement source
[ 16.714]   dropped stream-start from the replacement source
[ 16.714]   dropped stream-start from the replacement source
[ 16.714]   dropped segment from the replacement source
[ 16.757]   dropped stream-start from the replacement source
[ 16.757]   dropped stream-start from the replacement source
[ 16.757]   dropped segment from the replacement source
[ 16.757]   dropped stream-start from the replacement source
[ 16.757]   dropped stream-start from the replacement source
[ 16.757]   dropped segment from the replacement source
[ 16.757]   dropped stream-start from the replacement source
[ 16.757]   dropped stream-start from the replacement source
[ 16.757]   dropped segment from the replacement source
[ 16.799]   dropped stream-start from the replacement source
[ 16.799]   dropped stream-start from the replacement source
[ 16.800]   dropped segment from the replacement source
[ 16.800]   dropped stream-start from the replacement source
[ 16.800]   dropped stream-start from the replacement source
[ 16.800]   dropped segment from the replacement source
[ 16.800]   dropped stream-start from the replacement source
[ 16.800]   dropped stream-start from the replacement source
[ 16.800]   dropped segment from the replacement source
[ 16.842]   dropped stream-start from the replacement source
[ 16.842]   dropped stream-start from the replacement source
[ 16.842]   dropped segment from the replacement source
[ 16.842]   dropped stream-start from the replacement source
[ 16.842]   dropped stream-start from the replacement source
[ 16.842]   dropped segment from the replacement source
[ 16.842]   dropped stream-start from the replacement source
[ 16.843]   dropped stream-start from the replacement source
[ 16.843]   dropped segment from the replacement source
[ 16.885]   dropped stream-start from the replacement source
[ 16.885]   dropped stream-start from the replacement source
[ 16.885]   dropped segment from the replacement source
[ 16.885]   dropped stream-start from the replacement source
[ 16.885]   dropped stream-start from the replacement source
[ 16.885]   dropped segment from the replacement source
[ 16.885]   dropped stream-start from the replacement source
[ 16.885]   dropped stream-start from the replacement source
[ 16.885]   dropped segment from the replacement source
[ 16.927]   dropped stream-start from the replacement source
[ 16.927]   dropped stream-start from the replacement source
[ 16.928]   dropped segment from the replacement source
[ 16.928]   dropped stream-start from the replacement source
[ 16.928]   dropped stream-start from the replacement source
[ 16.928]   dropped segment from the replacement source
[ 16.928]   dropped stream-start from the replacement source
[ 16.928]   dropped stream-start from the replacement source
[ 16.928]   dropped segment from the replacement source
[ 16.970]   dropped stream-start from the replacement source
[ 16.970]   dropped stream-start from the replacement source
[ 16.970]   dropped segment from the replacement source
[ 16.970]   dropped stream-start from the replacement source
[ 16.970]   dropped stream-start from the replacement source
[ 16.970]   dropped segment from the replacement source
[ 16.970]   dropped stream-start from the replacement source
[ 16.970]   dropped stream-start from the replacement source
[ 16.970]   dropped segment from the replacement source
[ 17.013]   dropped stream-start from the replacement source
[ 17.013]   dropped stream-start from the replacement source
[ 17.013]   dropped segment from the replacement source
[ 17.013]   dropped stream-start from the replacement source
[ 17.013]   dropped stream-start from the replacement source
[ 17.013]   dropped segment from the replacement source
[ 17.013]   dropped stream-start from the replacement source
[ 17.013]   dropped stream-start from the replacement source
[ 17.013]   dropped segment from the replacement source
[ 17.055]   dropped stream-start from the replacement source
[ 17.055]   dropped stream-start from the replacement source
[ 17.055]   dropped segment from the replacement source
[ 17.056]   dropped stream-start from the replacement source
[ 17.056]   dropped stream-start from the replacement source
[ 17.056]   dropped segment from the replacement source
[ 17.056]   dropped stream-start from the replacement source
[ 17.056]   dropped stream-start from the replacement source
[ 17.056]   dropped segment from the replacement source
[ 17.098]   dropped stream-start from the replacement source
[ 17.098]   dropped stream-start from the replacement source
[ 17.098]   dropped segment from the replacement source
[ 17.098]   dropped stream-start from the replacement source
[ 17.098]   dropped stream-start from the replacement source
[ 17.098]   dropped segment from the replacement source
[ 17.098]   dropped stream-start from the replacement source
[ 17.098]   dropped stream-start from the replacement source
[ 17.098]   dropped segment from the replacement source
[ 17.141]   dropped stream-start from the replacement source
[ 17.141]   dropped stream-start from the replacement source
[ 17.141]   dropped segment from the replacement source
[ 17.141]   dropped stream-start from the replacement source
[ 17.141]   dropped stream-start from the replacement source
[ 17.141]   dropped segment from the replacement source
[ 17.141]   dropped stream-start from the replacement source
[ 17.141]   dropped stream-start from the replacement source
[ 17.141]   dropped segment from the replacement source
[ 17.183]   dropped stream-start from the replacement source
[ 17.183]   dropped stream-start from the replacement source
[ 17.183]   dropped segment from the replacement source
[ 17.184]   dropped stream-start from the replacement source
[ 17.184]   dropped stream-start from the replacement source
[ 17.184]   dropped segment from the replacement source
[ 17.184]   dropped stream-start from the replacement source
[ 17.184]   dropped stream-start from the replacement source
[ 17.184]   dropped segment from the replacement source
[ 17.220] rt= 16.03s mux_pts= 15.41s frames=926 screen=3 camera=802 mic=370 deskaudio=376 paused=False
[ 17.226]   dropped stream-start from the replacement source
[ 17.226]   dropped stream-start from the replacement source
[ 17.226]   dropped segment from the replacement source
[ 17.226]   dropped stream-start from the replacement source
[ 17.226]   dropped stream-start from the replacement source
[ 17.226]   dropped segment from the replacement source
[ 17.226]   dropped stream-start from the replacement source
[ 17.226]   dropped stream-start from the replacement source
[ 17.227]   dropped segment from the replacement source
[ 17.269]   dropped stream-start from the replacement source
[ 17.269]   dropped stream-start from the replacement source
[ 17.269]   dropped segment from the replacement source
[ 17.269]   dropped stream-start from the replacement source
[ 17.269]   dropped stream-start from the replacement source
[ 17.269]   dropped segment from the replacement source
[ 17.269]   dropped stream-start from the replacement source
[ 17.269]   dropped stream-start from the replacement source
[ 17.269]   dropped segment from the replacement source
[ 17.311]   dropped stream-start from the replacement source
[ 17.311]   dropped stream-start from the replacement source
[ 17.311]   dropped segment from the replacement source
[ 17.312]   dropped stream-start from the replacement source
[ 17.312]   dropped stream-start from the replacement source
[ 17.312]   dropped segment from the replacement source
[ 17.312]   dropped stream-start from the replacement source
[ 17.312]   dropped stream-start from the replacement source
[ 17.312]   dropped segment from the replacement source
[ 17.354]   dropped stream-start from the replacement source
[ 17.354]   dropped stream-start from the replacement source
[ 17.354]   dropped segment from the replacement source
[ 17.354]   dropped stream-start from the replacement source
[ 17.354]   dropped stream-start from the replacement source
[ 17.354]   dropped segment from the replacement source
[ 17.354]   dropped stream-start from the replacement source
[ 17.354]   dropped stream-start from the replacement source
[ 17.354]   dropped segment from the replacement source
[ 17.397]   dropped stream-start from the replacement source
[ 17.397]   dropped stream-start from the replacement source
[ 17.397]   dropped segment from the replacement source
[ 17.397]   dropped stream-start from the replacement source
[ 17.397]   dropped stream-start from the replacement source
[ 17.397]   dropped segment from the replacement source
[ 17.397]   dropped stream-start from the replacement source
[ 17.397]   dropped stream-start from the replacement source
[ 17.397]   dropped segment from the replacement source
[ 17.439]   dropped stream-start from the replacement source
[ 17.439]   dropped stream-start from the replacement source
[ 17.439]   dropped segment from the replacement source
[ 17.440]   dropped stream-start from the replacement source
[ 17.440]   dropped stream-start from the replacement source
[ 17.440]   dropped segment from the replacement source
[ 17.440]   dropped stream-start from the replacement source
[ 17.440]   dropped stream-start from the replacement source
[ 17.440]   dropped segment from the replacement source
[ 17.482]   dropped stream-start from the replacement source
[ 17.482]   dropped stream-start from the replacement source
[ 17.482]   dropped segment from the replacement source
[ 17.482]   dropped stream-start from the replacement source
[ 17.482]   dropped stream-start from the replacement source
[ 17.482]   dropped segment from the replacement source
[ 17.482]   dropped stream-start from the replacement source
[ 17.482]   dropped stream-start from the replacement source
[ 17.482]   dropped segment from the replacement source
[ 17.525]   dropped stream-start from the replacement source
[ 17.525]   dropped stream-start from the replacement source
[ 17.525]   dropped segment from the replacement source
[ 17.525]   dropped stream-start from the replacement source
[ 17.525]   dropped stream-start from the replacement source
[ 17.525]   dropped segment from the replacement source
[ 17.525]   dropped stream-start from the replacement source
[ 17.525]   dropped stream-start from the replacement source
[ 17.525]   dropped segment from the replacement source
[ 17.567]   dropped stream-start from the replacement source
[ 17.567]   dropped stream-start from the replacement source
[ 17.568]   dropped segment from the replacement source
[ 17.568]   dropped stream-start from the replacement source
[ 17.568]   dropped stream-start from the replacement source
[ 17.568]   dropped segment from the replacement source
[ 17.568]   dropped stream-start from the replacement source
[ 17.568]   dropped stream-start from the replacement source
[ 17.568]   dropped segment from the replacement source
[ 17.610]   dropped stream-start from the replacement source
[ 17.610]   dropped stream-start from the replacement source
[ 17.610]   dropped segment from the replacement source
[ 17.610]   dropped stream-start from the replacement source
[ 17.610]   dropped stream-start from the replacement source
[ 17.610]   dropped segment from the replacement source
[ 17.610]   dropped stream-start from the replacement source
[ 17.610]   dropped stream-start from the replacement source
[ 17.610]   dropped segment from the replacement source
[ 17.653]   dropped stream-start from the replacement source
[ 17.653]   dropped stream-start from the replacement source
[ 17.653]   dropped segment from the replacement source
[ 17.653]   dropped stream-start from the replacement source
[ 17.653]   dropped stream-start from the replacement source
[ 17.653]   dropped segment from the replacement source
[ 17.653]   dropped stream-start from the replacement source
[ 17.653]   dropped stream-start from the replacement source
[ 17.653]   dropped segment from the replacement source
[ 17.695]   dropped stream-start from the replacement source
[ 17.695]   dropped stream-start from the replacement source
[ 17.695]   dropped segment from the replacement source
[ 17.696]   dropped stream-start from the replacement source
[ 17.696]   dropped stream-start from the replacement source
[ 17.696]   dropped segment from the replacement source
[ 17.696]   dropped stream-start from the replacement source
[ 17.696]   dropped stream-start from the replacement source
[ 17.696]   dropped segment from the replacement source
[ 17.738]   dropped stream-start from the replacement source
[ 17.738]   dropped stream-start from the replacement source
[ 17.738]   dropped segment from the replacement source
[ 17.738]   dropped stream-start from the replacement source
[ 17.738]   dropped stream-start from the replacement source
[ 17.738]   dropped segment from the replacement source
[ 17.738]   dropped stream-start from the replacement source
[ 17.738]   dropped stream-start from the replacement source
[ 17.738]   dropped segment from the replacement source
[ 17.781]   dropped stream-start from the replacement source
[ 17.781]   dropped stream-start from the replacement source
[ 17.781]   dropped segment from the replacement source
[ 17.781]   dropped stream-start from the replacement source
[ 17.781]   dropped stream-start from the replacement source
[ 17.781]   dropped segment from the replacement source
[ 17.781]   dropped stream-start from the replacement source
[ 17.781]   dropped stream-start from the replacement source
[ 17.781]   dropped segment from the replacement source
[ 17.823]   dropped stream-start from the replacement source
[ 17.823]   dropped stream-start from the replacement source
[ 17.823]   dropped segment from the replacement source
[ 17.824]   dropped stream-start from the replacement source
[ 17.824]   dropped stream-start from the replacement source
[ 17.824]   dropped segment from the replacement source
[ 17.824]   dropped stream-start from the replacement source
[ 17.824]   dropped stream-start from the replacement source
[ 17.824]   dropped segment from the replacement source
[ 17.866]   dropped stream-start from the replacement source
[ 17.866]   dropped stream-start from the replacement source
[ 17.866]   dropped segment from the replacement source
[ 17.866]   dropped stream-start from the replacement source
[ 17.866]   dropped stream-start from the replacement source
[ 17.866]   dropped segment from the replacement source
[ 17.866]   dropped stream-start from the replacement source
[ 17.866]   dropped stream-start from the replacement source
[ 17.866]   dropped segment from the replacement source
[ 17.909]   dropped stream-start from the replacement source
[ 17.909]   dropped stream-start from the replacement source
[ 17.909]   dropped segment from the replacement source
[ 17.909]   dropped stream-start from the replacement source
[ 17.909]   dropped stream-start from the replacement source
[ 17.909]   dropped segment from the replacement source
[ 17.909]   dropped stream-start from the replacement source
[ 17.909]   dropped stream-start from the replacement source
[ 17.909]   dropped segment from the replacement source
[ 17.951]   dropped stream-start from the replacement source
[ 17.951]   dropped stream-start from the replacement source
[ 17.952]   dropped segment from the replacement source
[ 17.952]   dropped stream-start from the replacement source
[ 17.952]   dropped stream-start from the replacement source
[ 17.952]   dropped segment from the replacement source
[ 17.952]   dropped stream-start from the replacement source
[ 17.952]   dropped stream-start from the replacement source
[ 17.952]   dropped segment from the replacement source
[ 17.994]   dropped stream-start from the replacement source
[ 17.994]   dropped stream-start from the replacement source
[ 17.994]   dropped segment from the replacement source
[ 17.994]   dropped stream-start from the replacement source
[ 17.994]   dropped stream-start from the replacement source
[ 17.994]   dropped segment from the replacement source
[ 17.994]   dropped stream-start from the replacement source
[ 17.994]   dropped stream-start from the replacement source
[ 17.994]   dropped segment from the replacement source
[ 18.037]   dropped stream-start from the replacement source
[ 18.037]   dropped stream-start from the replacement source
[ 18.037]   dropped segment from the replacement source
[ 18.037]   dropped stream-start from the replacement source
[ 18.037]   dropped stream-start from the replacement source
[ 18.037]   dropped segment from the replacement source
[ 18.037]   dropped stream-start from the replacement source
[ 18.037]   dropped stream-start from the replacement source
[ 18.037]   dropped segment from the replacement source
[ 18.079]   dropped stream-start from the replacement source
[ 18.079]   dropped stream-start from the replacement source
[ 18.079]   dropped segment from the replacement source
[ 18.080]   dropped stream-start from the replacement source
[ 18.080]   dropped stream-start from the replacement source
[ 18.080]   dropped segment from the replacement source
[ 18.080]   dropped stream-start from the replacement source
[ 18.080]   dropped stream-start from the replacement source
[ 18.080]   dropped segment from the replacement source
[ 18.122]   dropped stream-start from the replacement source
[ 18.122]   dropped stream-start from the replacement source
[ 18.122]   dropped segment from the replacement source
[ 18.122]   dropped stream-start from the replacement source
[ 18.122]   dropped stream-start from the replacement source
[ 18.122]   dropped segment from the replacement source
[ 18.122]   dropped stream-start from the replacement source
[ 18.122]   dropped stream-start from the replacement source
[ 18.122]   dropped segment from the replacement source
[ 18.165]   dropped stream-start from the replacement source
[ 18.165]   dropped stream-start from the replacement source
[ 18.165]   dropped segment from the replacement source
[ 18.165]   dropped stream-start from the replacement source
[ 18.165]   dropped stream-start from the replacement source
[ 18.165]   dropped segment from the replacement source
[ 18.165]   dropped stream-start from the replacement source
[ 18.165]   dropped stream-start from the replacement source
[ 18.165]   dropped segment from the replacement source
[ 18.207]   dropped stream-start from the replacement source
[ 18.207]   dropped stream-start from the replacement source
[ 18.207]   dropped segment from the replacement source
[ 18.208]   dropped stream-start from the replacement source
[ 18.208]   dropped stream-start from the replacement source
[ 18.208]   dropped segment from the replacement source
[ 18.208]   dropped stream-start from the replacement source
[ 18.208]   dropped stream-start from the replacement source
[ 18.208]   dropped segment from the replacement source
[ 18.220] rt= 17.03s mux_pts= 16.41s frames=986 screen=3 camera=852 mic=394 deskaudio=399 paused=False
[ 18.250]   dropped stream-start from the replacement source
[ 18.250]   dropped stream-start from the replacement source
[ 18.250]   dropped segment from the replacement source
[ 18.250]   dropped stream-start from the replacement source
[ 18.250]   dropped stream-start from the replacement source
[ 18.250]   dropped segment from the replacement source
[ 18.250]   dropped stream-start from the replacement source
[ 18.250]   dropped stream-start from the replacement source
[ 18.251]   dropped segment from the replacement source
[ 18.293]   dropped stream-start from the replacement source
[ 18.293]   dropped stream-start from the replacement source
[ 18.293]   dropped segment from the replacement source
[ 18.293]   dropped stream-start from the replacement source
[ 18.293]   dropped stream-start from the replacement source
[ 18.293]   dropped segment from the replacement source
[ 18.293]   dropped stream-start from the replacement source
[ 18.293]   dropped stream-start from the replacement source
[ 18.293]   dropped segment from the replacement source
[ 18.335]   dropped stream-start from the replacement source
[ 18.335]   dropped stream-start from the replacement source
[ 18.336]   dropped segment from the replacement source
[ 18.336]   dropped stream-start from the replacement source
[ 18.336]   dropped stream-start from the replacement source
[ 18.336]   dropped segment from the replacement source
[ 18.336]   dropped stream-start from the replacement source
[ 18.336]   dropped stream-start from the replacement source
[ 18.336]   dropped segment from the replacement source
[ 18.378]   dropped stream-start from the replacement source
[ 18.378]   dropped stream-start from the replacement source
[ 18.378]   dropped segment from the replacement source
[ 18.378]   dropped stream-start from the replacement source
[ 18.378]   dropped stream-start from the replacement source
[ 18.378]   dropped segment from the replacement source
[ 18.378]   dropped stream-start from the replacement source
[ 18.379]   dropped stream-start from the replacement source
[ 18.379]   dropped segment from the replacement source
[ 18.421]   dropped stream-start from the replacement source
[ 18.421]   dropped stream-start from the replacement source
[ 18.421]   dropped segment from the replacement source
[ 18.421]   dropped stream-start from the replacement source
[ 18.421]   dropped stream-start from the replacement source
[ 18.421]   dropped segment from the replacement source
[ 18.421]   dropped stream-start from the replacement source
[ 18.421]   dropped stream-start from the replacement source
[ 18.421]   dropped segment from the replacement source
[ 18.463]   dropped stream-start from the replacement source
[ 18.463]   dropped stream-start from the replacement source
[ 18.463]   dropped segment from the replacement source
[ 18.464]   dropped stream-start from the replacement source
[ 18.464]   dropped stream-start from the replacement source
[ 18.464]   dropped segment from the replacement source
[ 18.464]   dropped stream-start from the replacement source
[ 18.464]   dropped stream-start from the replacement source
[ 18.464]   dropped segment from the replacement source
[ 18.506]   dropped stream-start from the replacement source
[ 18.506]   dropped stream-start from the replacement source
[ 18.506]   dropped segment from the replacement source
[ 18.506]   dropped stream-start from the replacement source
[ 18.506]   dropped stream-start from the replacement source
[ 18.506]   dropped segment from the replacement source
[ 18.506]   dropped stream-start from the replacement source
[ 18.506]   dropped stream-start from the replacement source
[ 18.506]   dropped segment from the replacement source
[ 18.549]   dropped stream-start from the replacement source
[ 18.549]   dropped stream-start from the replacement source
[ 18.549]   dropped segment from the replacement source
[ 18.549]   dropped stream-start from the replacement source
[ 18.549]   dropped stream-start from the replacement source
[ 18.549]   dropped segment from the replacement source
[ 18.549]   dropped stream-start from the replacement source
[ 18.549]   dropped stream-start from the replacement source
[ 18.549]   dropped segment from the replacement source
[ 18.591]   dropped stream-start from the replacement source
[ 18.591]   dropped stream-start from the replacement source
[ 18.591]   dropped segment from the replacement source
[ 18.592]   dropped stream-start from the replacement source
[ 18.592]   dropped stream-start from the replacement source
[ 18.592]   dropped segment from the replacement source
[ 18.592]   dropped stream-start from the replacement source
[ 18.592]   dropped stream-start from the replacement source
[ 18.592]   dropped segment from the replacement source
[ 18.634]   dropped stream-start from the replacement source
[ 18.634]   dropped stream-start from the replacement source
[ 18.634]   dropped segment from the replacement source
[ 18.634]   dropped stream-start from the replacement source
[ 18.634]   dropped stream-start from the replacement source
[ 18.634]   dropped segment from the replacement source
[ 18.634]   dropped stream-start from the replacement source
[ 18.634]   dropped stream-start from the replacement source
[ 18.634]   dropped segment from the replacement source
[ 18.677]   dropped stream-start from the replacement source
[ 18.677]   dropped stream-start from the replacement source
[ 18.677]   dropped segment from the replacement source
[ 18.677]   dropped stream-start from the replacement source
[ 18.677]   dropped stream-start from the replacement source
[ 18.677]   dropped segment from the replacement source
[ 18.677]   dropped stream-start from the replacement source
[ 18.677]   dropped stream-start from the replacement source
[ 18.677]   dropped segment from the replacement source
[ 18.719]   dropped stream-start from the replacement source
[ 18.719]   dropped stream-start from the replacement source
[ 18.719]   dropped segment from the replacement source
[ 18.720]   dropped stream-start from the replacement source
[ 18.720]   dropped stream-start from the replacement source
[ 18.720]   dropped segment from the replacement source
[ 18.720]   dropped stream-start from the replacement source
[ 18.720]   dropped stream-start from the replacement source
[ 18.720]   dropped segment from the replacement source
[ 18.762]   dropped stream-start from the replacement source
[ 18.762]   dropped stream-start from the replacement source
[ 18.762]   dropped segment from the replacement source
[ 18.762]   dropped stream-start from the replacement source
[ 18.762]   dropped stream-start from the replacement source
[ 18.762]   dropped segment from the replacement source
[ 18.762]   dropped stream-start from the replacement source
[ 18.762]   dropped stream-start from the replacement source
[ 18.763]   dropped segment from the replacement source
[ 18.805]   dropped stream-start from the replacement source
[ 18.805]   dropped stream-start from the replacement source
[ 18.805]   dropped segment from the replacement source
[ 18.805]   dropped stream-start from the replacement source
[ 18.805]   dropped stream-start from the replacement source
[ 18.805]   dropped segment from the replacement source
[ 18.805]   dropped stream-start from the replacement source
[ 18.805]   dropped stream-start from the replacement source
[ 18.805]   dropped segment from the replacement source
[ 18.847]   dropped stream-start from the replacement source
[ 18.847]   dropped stream-start from the replacement source
[ 18.847]   dropped segment from the replacement source
[ 18.848]   dropped stream-start from the replacement source
[ 18.848]   dropped stream-start from the replacement source
[ 18.848]   dropped segment from the replacement source
[ 18.848]   dropped stream-start from the replacement source
[ 18.848]   dropped stream-start from the replacement source
[ 18.848]   dropped segment from the replacement source
[ 18.890]   dropped stream-start from the replacement source
[ 18.890]   dropped stream-start from the replacement source
[ 18.890]   dropped segment from the replacement source
[ 18.890]   dropped stream-start from the replacement source
[ 18.890]   dropped stream-start from the replacement source
[ 18.890]   dropped segment from the replacement source
[ 18.890]   dropped stream-start from the replacement source
[ 18.890]   dropped stream-start from the replacement source
[ 18.890]   dropped segment from the replacement source
[ 18.933]   dropped stream-start from the replacement source
[ 18.933]   dropped stream-start from the replacement source
[ 18.933]   dropped segment from the replacement source
[ 18.933]   dropped stream-start from the replacement source
[ 18.933]   dropped stream-start from the replacement source
[ 18.933]   dropped segment from the replacement source
[ 18.933]   dropped stream-start from the replacement source
[ 18.933]   dropped stream-start from the replacement source
[ 18.933]   dropped segment from the replacement source
[ 18.975]   dropped stream-start from the replacement source
[ 18.975]   dropped stream-start from the replacement source
[ 18.976]   dropped segment from the replacement source
[ 18.976]   dropped stream-start from the replacement source
[ 18.976]   dropped stream-start from the replacement source
[ 18.976]   dropped segment from the replacement source
[ 18.976]   dropped stream-start from the replacement source
[ 18.976]   dropped stream-start from the replacement source
[ 18.976]   dropped segment from the replacement source
[ 19.018]   dropped stream-start from the replacement source
[ 19.018]   dropped stream-start from the replacement source
[ 19.018]   dropped segment from the replacement source
[ 19.018]   dropped stream-start from the replacement source
[ 19.018]   dropped stream-start from the replacement source
[ 19.018]   dropped segment from the replacement source
[ 19.018]   dropped stream-start from the replacement source
[ 19.018]   dropped stream-start from the replacement source
[ 19.018]   dropped segment from the replacement source
[ 19.061]   dropped stream-start from the replacement source
[ 19.061]   dropped stream-start from the replacement source
[ 19.061]   dropped segment from the replacement source
[ 19.061]   dropped stream-start from the replacement source
[ 19.061]   dropped stream-start from the replacement source
[ 19.061]   dropped segment from the replacement source
[ 19.061]   dropped stream-start from the replacement source
[ 19.061]   dropped stream-start from the replacement source
[ 19.061]   dropped segment from the replacement source
[ 19.103]   dropped stream-start from the replacement source
[ 19.103]   dropped stream-start from the replacement source
[ 19.103]   dropped segment from the replacement source
[ 19.104]   dropped stream-start from the replacement source
[ 19.104]   dropped stream-start from the replacement source
[ 19.104]   dropped segment from the replacement source
[ 19.104]   dropped stream-start from the replacement source
[ 19.104]   dropped stream-start from the replacement source
[ 19.104]   dropped segment from the replacement source
[ 19.146]   dropped stream-start from the replacement source
[ 19.146]   dropped stream-start from the replacement source
[ 19.146]   dropped segment from the replacement source
[ 19.146]   dropped stream-start from the replacement source
[ 19.146]   dropped stream-start from the replacement source
[ 19.146]   dropped segment from the replacement source
[ 19.146]   dropped stream-start from the replacement source
[ 19.147]   dropped stream-start from the replacement source
[ 19.147]   dropped segment from the replacement source
[ 19.189]   dropped stream-start from the replacement source
[ 19.189]   dropped stream-start from the replacement source
[ 19.189]   dropped segment from the replacement source
[ 19.189]   dropped stream-start from the replacement source
[ 19.189]   dropped stream-start from the replacement source
[ 19.189]   dropped segment from the replacement source
[ 19.189]   dropped stream-start from the replacement source
[ 19.189]   dropped stream-start from the replacement source
[ 19.189]   dropped segment from the replacement source
[ 19.220] rt= 18.03s mux_pts= 17.41s frames=1046 screen=3 camera=902 mic=417 deskaudio=423 paused=False
[ 19.231]   dropped stream-start from the replacement source
[ 19.231]   dropped stream-start from the replacement source
[ 19.231]   dropped segment from the replacement source
[ 19.232]   dropped stream-start from the replacement source
[ 19.232]   dropped stream-start from the replacement source
[ 19.232]   dropped segment from the replacement source
[ 19.232]   dropped stream-start from the replacement source
[ 19.232]   dropped stream-start from the replacement source
[ 19.232]   dropped segment from the replacement source
[ 19.274]   dropped stream-start from the replacement source
[ 19.274]   dropped stream-start from the replacement source
[ 19.274]   dropped segment from the replacement source
[ 19.274]   dropped stream-start from the replacement source
[ 19.274]   dropped stream-start from the replacement source
[ 19.274]   dropped segment from the replacement source
[ 19.274]   dropped stream-start from the replacement source
[ 19.275]   dropped stream-start from the replacement source
[ 19.275]   dropped segment from the replacement source
[ 19.317]   dropped stream-start from the replacement source
[ 19.317]   dropped stream-start from the replacement source
[ 19.317]   dropped segment from the replacement source
[ 19.317]   dropped stream-start from the replacement source
[ 19.317]   dropped stream-start from the replacement source
[ 19.317]   dropped segment from the replacement source
[ 19.317]   dropped stream-start from the replacement source
[ 19.317]   dropped stream-start from the replacement source
[ 19.317]   dropped segment from the replacement source
[ 19.359]   dropped stream-start from the replacement source
[ 19.360]   dropped stream-start from the replacement source
[ 19.360]   dropped segment from the replacement source
[ 19.360]   dropped stream-start from the replacement source
[ 19.360]   dropped stream-start from the replacement source
[ 19.360]   dropped segment from the replacement source
[ 19.360]   dropped stream-start from the replacement source
[ 19.360]   dropped stream-start from the replacement source
[ 19.360]   dropped segment from the replacement source
[ 19.402]   dropped stream-start from the replacement source
[ 19.402]   dropped stream-start from the replacement source
[ 19.402]   dropped segment from the replacement source
[ 19.402]   dropped stream-start from the replacement source
[ 19.402]   dropped stream-start from the replacement source
[ 19.402]   dropped segment from the replacement source
[ 19.402]   dropped stream-start from the replacement source
[ 19.403]   dropped stream-start from the replacement source
[ 19.403]   dropped segment from the replacement source
[ 19.445]   dropped stream-start from the replacement source
[ 19.445]   dropped stream-start from the replacement source
[ 19.445]   dropped segment from the replacement source
[ 19.445]   dropped stream-start from the replacement source
[ 19.445]   dropped stream-start from the replacement source
[ 19.445]   dropped segment from the replacement source
[ 19.445]   dropped stream-start from the replacement source
[ 19.445]   dropped stream-start from the replacement source
[ 19.445]   dropped segment from the replacement source
[ 19.487]   dropped stream-start from the replacement source
[ 19.487]   dropped stream-start from the replacement source
[ 19.495]   dropped segment from the replacement source
[ 19.496]   dropped stream-start from the replacement source
[ 19.496]   dropped stream-start from the replacement source
[ 19.496]   dropped segment from the replacement source
[ 19.496]   dropped stream-start from the replacement source
[ 19.496]   dropped stream-start from the replacement source
[ 19.496]   dropped segment from the replacement source
[ 19.530]   dropped stream-start from the replacement source
[ 19.530]   dropped stream-start from the replacement source
[ 19.530]   dropped segment from the replacement source
[ 19.530]   dropped stream-start from the replacement source
[ 19.530]   dropped stream-start from the replacement source
[ 19.530]   dropped segment from the replacement source
[ 19.530]   dropped stream-start from the replacement source
[ 19.530]   dropped stream-start from the replacement source
[ 19.530]   dropped segment from the replacement source
[ 19.573]   dropped stream-start from the replacement source
[ 19.573]   dropped stream-start from the replacement source
[ 19.573]   dropped segment from the replacement source
[ 19.573]   dropped stream-start from the replacement source
[ 19.573]   dropped stream-start from the replacement source
[ 19.573]   dropped segment from the replacement source
[ 19.573]   dropped stream-start from the replacement source
[ 19.573]   dropped stream-start from the replacement source
[ 19.573]   dropped segment from the replacement source
[ 19.615]   dropped stream-start from the replacement source
[ 19.615]   dropped stream-start from the replacement source
[ 19.616]   dropped segment from the replacement source
[ 19.616]   dropped stream-start from the replacement source
[ 19.616]   dropped stream-start from the replacement source
[ 19.616]   dropped segment from the replacement source
[ 19.616]   dropped stream-start from the replacement source
[ 19.616]   dropped stream-start from the replacement source
[ 19.616]   dropped segment from the replacement source
[ 19.658]   dropped stream-start from the replacement source
[ 19.658]   dropped stream-start from the replacement source
[ 19.658]   dropped segment from the replacement source
[ 19.658]   dropped stream-start from the replacement source
[ 19.658]   dropped stream-start from the replacement source
[ 19.658]   dropped segment from the replacement source
[ 19.659]   dropped stream-start from the replacement source
[ 19.659]   dropped stream-start from the replacement source
[ 19.659]   dropped segment from the replacement source
[ 19.701]   dropped stream-start from the replacement source
[ 19.701]   dropped stream-start from the replacement source
[ 19.701]   dropped segment from the replacement source
[ 19.701]   dropped stream-start from the replacement source
[ 19.701]   dropped stream-start from the replacement source
[ 19.701]   dropped segment from the replacement source
[ 19.701]   dropped stream-start from the replacement source
[ 19.701]   dropped stream-start from the replacement source
[ 19.701]   dropped segment from the replacement source
[ 19.743]   dropped stream-start from the replacement source
[ 19.743]   dropped stream-start from the replacement source
[ 19.743]   dropped segment from the replacement source
[ 19.744]   dropped stream-start from the replacement source
[ 19.744]   dropped stream-start from the replacement source
[ 19.744]   dropped segment from the replacement source
[ 19.744]   dropped stream-start from the replacement source
[ 19.744]   dropped stream-start from the replacement source
[ 19.744]   dropped segment from the replacement source
[ 19.786]   dropped stream-start from the replacement source
[ 19.786]   dropped stream-start from the replacement source
[ 19.786]   dropped segment from the replacement source
[ 19.786]   dropped stream-start from the replacement source
[ 19.786]   dropped stream-start from the replacement source
[ 19.786]   dropped segment from the replacement source
[ 19.786]   dropped stream-start from the replacement source
[ 19.786]   dropped stream-start from the replacement source
[ 19.786]   dropped segment from the replacement source
[ 19.829]   dropped stream-start from the replacement source
[ 19.829]   dropped stream-start from the replacement source
[ 19.829]   dropped segment from the replacement source
[ 19.829]   dropped stream-start from the replacement source
[ 19.829]   dropped stream-start from the replacement source
[ 19.829]   dropped segment from the replacement source
[ 19.829]   dropped stream-start from the replacement source
[ 19.829]   dropped stream-start from the replacement source
[ 19.829]   dropped segment from the replacement source
[ 19.871]   dropped stream-start from the replacement source
[ 19.871]   dropped stream-start from the replacement source
[ 19.871]   dropped segment from the replacement source
[ 19.872]   dropped stream-start from the replacement source
[ 19.872]   dropped stream-start from the replacement source
[ 19.872]   dropped segment from the replacement source
[ 19.872]   dropped stream-start from the replacement source
[ 19.872]   dropped stream-start from the replacement source
[ 19.872]   dropped segment from the replacement source
[ 19.914]   dropped stream-start from the replacement source
[ 19.914]   dropped stream-start from the replacement source
[ 19.914]   dropped segment from the replacement source
[ 19.914]   dropped stream-start from the replacement source
[ 19.914]   dropped stream-start from the replacement source
[ 19.914]   dropped segment from the replacement source
[ 19.914]   dropped stream-start from the replacement source
[ 19.915]   dropped stream-start from the replacement source
[ 19.915]   dropped segment from the replacement source
[ 19.957]   dropped stream-start from the replacement source
[ 19.957]   dropped stream-start from the replacement source
[ 19.957]   dropped segment from the replacement source
[ 19.957]   dropped stream-start from the replacement source
[ 19.957]   dropped stream-start from the replacement source
[ 19.957]   dropped segment from the replacement source
[ 19.957]   dropped stream-start from the replacement source
[ 19.957]   dropped stream-start from the replacement source
[ 19.957]   dropped segment from the replacement source
[ 19.999]   dropped stream-start from the replacement source
[ 19.999]   dropped stream-start from the replacement source
[ 20.000]   dropped segment from the replacement source
[ 20.000]   dropped stream-start from the replacement source
[ 20.000]   dropped stream-start from the replacement source
[ 20.000]   dropped segment from the replacement source
[ 20.000]   dropped stream-start from the replacement source
[ 20.000]   dropped stream-start from the replacement source
[ 20.000]   dropped segment from the replacement source
[ 20.042]   dropped stream-start from the replacement source
[ 20.042]   dropped stream-start from the replacement source
[ 20.042]   dropped segment from the replacement source
[ 20.042]   dropped stream-start from the replacement source
[ 20.042]   dropped stream-start from the replacement source
[ 20.042]   dropped segment from the replacement source
[ 20.042]   dropped stream-start from the replacement source
[ 20.042]   dropped stream-start from the replacement source
[ 20.043]   dropped segment from the replacement source
[ 20.085]   dropped stream-start from the replacement source
[ 20.085]   dropped stream-start from the replacement source
[ 20.085]   dropped segment from the replacement source
[ 20.085]   dropped stream-start from the replacement source
[ 20.085]   dropped stream-start from the replacement source
[ 20.085]   dropped segment from the replacement source
[ 20.085]   dropped stream-start from the replacement source
[ 20.085]   dropped stream-start from the replacement source
[ 20.085]   dropped segment from the replacement source
[ 20.127]   dropped stream-start from the replacement source
[ 20.127]   dropped stream-start from the replacement source
[ 20.128]   dropped segment from the replacement source
[ 20.128]   dropped stream-start from the replacement source
[ 20.128]   dropped stream-start from the replacement source
[ 20.128]   dropped segment from the replacement source
[ 20.128]   dropped stream-start from the replacement source
[ 20.128]   dropped stream-start from the replacement source
[ 20.128]   dropped segment from the replacement source
[ 20.170]   dropped stream-start from the replacement source
[ 20.170]   dropped stream-start from the replacement source
[ 20.170]   dropped segment from the replacement source
[ 20.170]   dropped stream-start from the replacement source
[ 20.170]   dropped stream-start from the replacement source
[ 20.170]   dropped segment from the replacement source
[ 20.170]   dropped stream-start from the replacement source
[ 20.170]   dropped stream-start from the replacement source
[ 20.171]   dropped segment from the replacement source
[ 20.213]   dropped stream-start from the replacement source
[ 20.213]   dropped stream-start from the replacement source
[ 20.213]   dropped segment from the replacement source
[ 20.213]   dropped stream-start from the replacement source
[ 20.213]   dropped stream-start from the replacement source
[ 20.213]   dropped segment from the replacement source
[ 20.213]   dropped stream-start from the replacement source
[ 20.213]   dropped stream-start from the replacement source
[ 20.213]   dropped segment from the replacement source
[ 20.220] rt= 19.03s mux_pts= 18.41s frames=1106 screen=3 camera=952 mic=441 deskaudio=446 paused=False
[ 20.255]   dropped stream-start from the replacement source
[ 20.255]   dropped stream-start from the replacement source
[ 20.256]   dropped segment from the replacement source
[ 20.256]   dropped stream-start from the replacement source
[ 20.256]   dropped stream-start from the replacement source
[ 20.256]   dropped segment from the replacement source
[ 20.256]   dropped stream-start from the replacement source
[ 20.256]   dropped stream-start from the replacement source
[ 20.256]   dropped segment from the replacement source
[ 20.298]   dropped stream-start from the replacement source
[ 20.298]   dropped stream-start from the replacement source
[ 20.298]   dropped segment from the replacement source
[ 20.298]   dropped stream-start from the replacement source
[ 20.298]   dropped stream-start from the replacement source
[ 20.298]   dropped segment from the replacement source
[ 20.298]   dropped stream-start from the replacement source
[ 20.298]   dropped stream-start from the replacement source
[ 20.299]   dropped segment from the replacement source
[ 20.341]   dropped stream-start from the replacement source
[ 20.341]   dropped stream-start from the replacement source
[ 20.341]   dropped segment from the replacement source
[ 20.341]   dropped stream-start from the replacement source
[ 20.341]   dropped stream-start from the replacement source
[ 20.341]   dropped segment from the replacement source
[ 20.341]   dropped stream-start from the replacement source
[ 20.341]   dropped stream-start from the replacement source
[ 20.341]   dropped segment from the replacement source
[ 20.383]   dropped stream-start from the replacement source
[ 20.383]   dropped stream-start from the replacement source
[ 20.384]   dropped segment from the replacement source
[ 20.384]   dropped stream-start from the replacement source
[ 20.384]   dropped stream-start from the replacement source
[ 20.384]   dropped segment from the replacement source
[ 20.384]   dropped stream-start from the replacement source
[ 20.384]   dropped stream-start from the replacement source
[ 20.384]   dropped segment from the replacement source
[ 20.426]   dropped stream-start from the replacement source
[ 20.426]   dropped stream-start from the replacement source
[ 20.426]   dropped segment from the replacement source
[ 20.426]   dropped stream-start from the replacement source
[ 20.426]   dropped stream-start from the replacement source
[ 20.426]   dropped segment from the replacement source
[ 20.426]   dropped stream-start from the replacement source
[ 20.426]   dropped stream-start from the replacement source
[ 20.427]   dropped segment from the replacement source
[ 20.469]   dropped stream-start from the replacement source
[ 20.469]   dropped stream-start from the replacement source
[ 20.469]   dropped segment from the replacement source
[ 20.469]   dropped stream-start from the replacement source
[ 20.469]   dropped stream-start from the replacement source
[ 20.469]   dropped segment from the replacement source
[ 20.469]   dropped stream-start from the replacement source
[ 20.469]   dropped stream-start from the replacement source
[ 20.469]   dropped segment from the replacement source
[ 20.511]   dropped stream-start from the replacement source
[ 20.511]   dropped stream-start from the replacement source
[ 20.512]   dropped segment from the replacement source
[ 20.512]   dropped stream-start from the replacement source
[ 20.512]   dropped stream-start from the replacement source
[ 20.512]   dropped segment from the replacement source
[ 20.512]   dropped stream-start from the replacement source
[ 20.512]   dropped stream-start from the replacement source
[ 20.512]   dropped segment from the replacement source
[ 20.554]   dropped stream-start from the replacement source
[ 20.554]   dropped stream-start from the replacement source
[ 20.554]   dropped segment from the replacement source
[ 20.554]   dropped stream-start from the replacement source
[ 20.554]   dropped stream-start from the replacement source
[ 20.554]   dropped segment from the replacement source
[ 20.554]   dropped stream-start from the replacement source
[ 20.555]   dropped stream-start from the replacement source
[ 20.555]   dropped segment from the replacement source
[ 20.597]   dropped stream-start from the replacement source
[ 20.597]   dropped stream-start from the replacement source
[ 20.597]   dropped segment from the replacement source
[ 20.597]   dropped stream-start from the replacement source
[ 20.597]   dropped stream-start from the replacement source
[ 20.597]   dropped segment from the replacement source
[ 20.597]   dropped stream-start from the replacement source
[ 20.597]   dropped stream-start from the replacement source
[ 20.597]   dropped segment from the replacement source
[ 20.639]   dropped stream-start from the replacement source
[ 20.639]   dropped stream-start from the replacement source
[ 20.639]   dropped segment from the replacement source
[ 20.640]   dropped stream-start from the replacement source
[ 20.640]   dropped stream-start from the replacement source
[ 20.640]   dropped segment from the replacement source
[ 20.640]   dropped stream-start from the replacement source
[ 20.640]   dropped stream-start from the replacement source
[ 20.640]   dropped segment from the replacement source
[ 20.682]   dropped stream-start from the replacement source
[ 20.682]   dropped stream-start from the replacement source
[ 20.682]   dropped segment from the replacement source
[ 20.682]   dropped stream-start from the replacement source
[ 20.682]   dropped stream-start from the replacement source
[ 20.682]   dropped segment from the replacement source
[ 20.682]   dropped stream-start from the replacement source
[ 20.682]   dropped stream-start from the replacement source
[ 20.682]   dropped segment from the replacement source
[ 20.725]   dropped stream-start from the replacement source
[ 20.725]   dropped stream-start from the replacement source
[ 20.725]   dropped segment from the replacement source
[ 20.725]   dropped stream-start from the replacement source
[ 20.725]   dropped stream-start from the replacement source
[ 20.725]   dropped segment from the replacement source
[ 20.725]   dropped stream-start from the replacement source
[ 20.725]   dropped stream-start from the replacement source
[ 20.725]   dropped segment from the replacement source
[ 20.767]   dropped stream-start from the replacement source
[ 20.767]   dropped stream-start from the replacement source
[ 20.767]   dropped segment from the replacement source
[ 20.768]   dropped stream-start from the replacement source
[ 20.768]   dropped stream-start from the replacement source
[ 20.768]   dropped segment from the replacement source
[ 20.768]   dropped stream-start from the replacement source
[ 20.768]   dropped stream-start from the replacement source
[ 20.768]   dropped segment from the replacement source
[ 20.810]   dropped stream-start from the replacement source
[ 20.810]   dropped stream-start from the replacement source
[ 20.810]   dropped segment from the replacement source
[ 20.810]   dropped stream-start from the replacement source
[ 20.810]   dropped stream-start from the replacement source
[ 20.810]   dropped segment from the replacement source
[ 20.810]   dropped stream-start from the replacement source
[ 20.810]   dropped stream-start from the replacement source
[ 20.810]   dropped segment from the replacement source
[ 20.853]   dropped stream-start from the replacement source
[ 20.853]   dropped stream-start from the replacement source
[ 20.853]   dropped segment from the replacement source
[ 20.853]   dropped stream-start from the replacement source
[ 20.853]   dropped stream-start from the replacement source
[ 20.853]   dropped segment from the replacement source
[ 20.853]   dropped stream-start from the replacement source
[ 20.853]   dropped stream-start from the replacement source
[ 20.853]   dropped segment from the replacement source
[ 20.895]   dropped stream-start from the replacement source
[ 20.895]   dropped stream-start from the replacement source
[ 20.895]   dropped segment from the replacement source
[ 20.896]   dropped stream-start from the replacement source
[ 20.896]   dropped stream-start from the replacement source
[ 20.896]   dropped segment from the replacement source
[ 20.896]   dropped stream-start from the replacement source
[ 20.896]   dropped stream-start from the replacement source
[ 20.896]   dropped segment from the replacement source
[ 20.938]   dropped stream-start from the replacement source
[ 20.938]   dropped stream-start from the replacement source
[ 20.938]   dropped segment from the replacement source
[ 20.938]   dropped stream-start from the replacement source
[ 20.938]   dropped stream-start from the replacement source
[ 20.938]   dropped segment from the replacement source
[ 20.938]   dropped stream-start from the replacement source
[ 20.938]   dropped stream-start from the replacement source
[ 20.938]   dropped segment from the replacement source
[ 20.981]   dropped stream-start from the replacement source
[ 20.981]   dropped stream-start from the replacement source
[ 20.981]   dropped segment from the replacement source
[ 20.981]   dropped stream-start from the replacement source
[ 20.981]   dropped stream-start from the replacement source
[ 20.981]   dropped segment from the replacement source
[ 20.981]   dropped stream-start from the replacement source
[ 20.981]   dropped stream-start from the replacement source
[ 20.981]   dropped segment from the replacement source
[ 21.023]   dropped stream-start from the replacement source
[ 21.023]   dropped stream-start from the replacement source
[ 21.023]   dropped segment from the replacement source
[ 21.024]   dropped stream-start from the replacement source
[ 21.024]   dropped stream-start from the replacement source
[ 21.024]   dropped segment from the replacement source
[ 21.024]   dropped stream-start from the replacement source
[ 21.024]   dropped stream-start from the replacement source
[ 21.024]   dropped segment from the replacement source
[ 21.066]   dropped stream-start from the replacement source
[ 21.066]   dropped stream-start from the replacement source
[ 21.066]   dropped segment from the replacement source
[ 21.066]   dropped stream-start from the replacement source
[ 21.066]   dropped stream-start from the replacement source
[ 21.066]   dropped segment from the replacement source
[ 21.066]   dropped stream-start from the replacement source
[ 21.066]   dropped stream-start from the replacement source
[ 21.066]   dropped segment from the replacement source
[ 21.109]   dropped stream-start from the replacement source
[ 21.109]   dropped stream-start from the replacement source
[ 21.109]   dropped segment from the replacement source
[ 21.109]   dropped stream-start from the replacement source
[ 21.109]   dropped stream-start from the replacement source
[ 21.109]   dropped segment from the replacement source
[ 21.109]   dropped stream-start from the replacement source
[ 21.109]   dropped stream-start from the replacement source
[ 21.109]   dropped segment from the replacement source
[ 21.151]   dropped stream-start from the replacement source
[ 21.151]   dropped stream-start from the replacement source
[ 21.151]   dropped segment from the replacement source
[ 21.152]   dropped stream-start from the replacement source
[ 21.152]   dropped stream-start from the replacement source
[ 21.152]   dropped segment from the replacement source
[ 21.152]   dropped stream-start from the replacement source
[ 21.152]   dropped stream-start from the replacement source
[ 21.152]   dropped segment from the replacement source
[ 21.194]   dropped stream-start from the replacement source
[ 21.194]   dropped stream-start from the replacement source
[ 21.194]   dropped segment from the replacement source
[ 21.194]   dropped stream-start from the replacement source
[ 21.194]   dropped stream-start from the replacement source
[ 21.194]   dropped segment from the replacement source
[ 21.194]   dropped stream-start from the replacement source
[ 21.194]   dropped stream-start from the replacement source
[ 21.194]   dropped segment from the replacement source
[ 21.220] rt= 20.03s mux_pts= 19.41s frames=1166 screen=3 camera=1002 mic=464 deskaudio=470 paused=False
[ 21.237]   dropped stream-start from the replacement source
[ 21.237]   dropped stream-start from the replacement source
[ 21.237]   dropped segment from the replacement source
[ 21.237]   dropped stream-start from the replacement source
[ 21.237]   dropped stream-start from the replacement source
[ 21.237]   dropped segment from the replacement source
[ 21.237]   dropped stream-start from the replacement source
[ 21.237]   dropped stream-start from the replacement source
[ 21.237]   dropped segment from the replacement source
[ 21.279]   dropped stream-start from the replacement source
[ 21.279]   dropped stream-start from the replacement source
[ 21.279]   dropped segment from the replacement source
[ 21.280]   dropped stream-start from the replacement source
[ 21.280]   dropped stream-start from the replacement source
[ 21.280]   dropped segment from the replacement source
[ 21.280]   dropped stream-start from the replacement source
[ 21.280]   dropped stream-start from the replacement source
[ 21.280]   dropped segment from the replacement source
[ 21.322]   dropped stream-start from the replacement source
[ 21.322]   dropped stream-start from the replacement source
[ 21.322]   dropped segment from the replacement source
[ 21.322]   dropped stream-start from the replacement source
[ 21.322]   dropped stream-start from the replacement source
[ 21.322]   dropped segment from the replacement source
[ 21.322]   dropped stream-start from the replacement source
[ 21.322]   dropped stream-start from the replacement source
[ 21.322]   dropped segment from the replacement source
[ 21.365]   dropped stream-start from the replacement source
[ 21.365]   dropped stream-start from the replacement source
[ 21.365]   dropped segment from the replacement source
[ 21.365]   dropped stream-start from the replacement source
[ 21.365]   dropped stream-start from the replacement source
[ 21.365]   dropped segment from the replacement source
[ 21.365]   dropped stream-start from the replacement source
[ 21.365]   dropped stream-start from the replacement source
[ 21.365]   dropped segment from the replacement source
[ 21.407]   dropped stream-start from the replacement source
[ 21.407]   dropped stream-start from the replacement source
[ 21.407]   dropped segment from the replacement source
[ 21.408]   dropped stream-start from the replacement source
[ 21.408]   dropped stream-start from the replacement source
[ 21.408]   dropped segment from the replacement source
[ 21.408]   dropped stream-start from the replacement source
[ 21.408]   dropped stream-start from the replacement source
[ 21.408]   dropped segment from the replacement source
[ 21.450]   dropped stream-start from the replacement source
[ 21.450]   dropped stream-start from the replacement source
[ 21.450]   dropped segment from the replacement source
[ 21.450]   dropped stream-start from the replacement source
[ 21.450]   dropped stream-start from the replacement source
[ 21.450]   dropped segment from the replacement source
[ 21.450]   dropped stream-start from the replacement source
[ 21.450]   dropped stream-start from the replacement source
[ 21.450]   dropped segment from the replacement source
[ 21.493]   dropped stream-start from the replacement source
[ 21.493]   dropped stream-start from the replacement source
[ 21.493]   dropped segment from the replacement source
[ 21.493]   dropped stream-start from the replacement source
[ 21.493]   dropped stream-start from the replacement source
[ 21.493]   dropped segment from the replacement source
[ 21.493]   dropped stream-start from the replacement source
[ 21.493]   dropped stream-start from the replacement source
[ 21.493]   dropped segment from the replacement source
[ 21.535]   dropped stream-start from the replacement source
[ 21.535]   dropped stream-start from the replacement source
[ 21.535]   dropped segment from the replacement source
[ 21.536]   dropped stream-start from the replacement source
[ 21.536]   dropped stream-start from the replacement source
[ 21.536]   dropped segment from the replacement source
[ 21.536]   dropped stream-start from the replacement source
[ 21.536]   dropped stream-start from the replacement source
[ 21.536]   dropped segment from the replacement source
[ 21.578]   dropped stream-start from the replacement source
[ 21.578]   dropped stream-start from the replacement source
[ 21.578]   dropped segment from the replacement source
[ 21.578]   dropped stream-start from the replacement source
[ 21.578]   dropped stream-start from the replacement source
[ 21.578]   dropped segment from the replacement source
[ 21.578]   dropped stream-start from the replacement source
[ 21.578]   dropped stream-start from the replacement source
[ 21.578]   dropped segment from the replacement source
[ 21.621]   dropped stream-start from the replacement source
[ 21.621]   dropped stream-start from the replacement source
[ 21.621]   dropped segment from the replacement source
[ 21.621]   dropped stream-start from the replacement source
[ 21.621]   dropped stream-start from the replacement source
[ 21.621]   dropped segment from the replacement source
[ 21.621]   dropped stream-start from the replacement source
[ 21.621]   dropped stream-start from the replacement source
[ 21.621]   dropped segment from the replacement source
[ 21.663]   dropped stream-start from the replacement source
[ 21.663]   dropped stream-start from the replacement source
[ 21.663]   dropped segment from the replacement source
[ 21.664]   dropped stream-start from the replacement source
[ 21.664]   dropped stream-start from the replacement source
[ 21.664]   dropped segment from the replacement source
[ 21.664]   dropped stream-start from the replacement source
[ 21.664]   dropped stream-start from the replacement source
[ 21.664]   dropped segment from the replacement source
[ 21.706]   dropped stream-start from the replacement source
[ 21.706]   dropped stream-start from the replacement source
[ 21.706]   dropped segment from the replacement source
[ 21.706]   dropped stream-start from the replacement source
[ 21.706]   dropped stream-start from the replacement source
[ 21.706]   dropped segment from the replacement source
[ 21.706]   dropped stream-start from the replacement source
[ 21.706]   dropped stream-start from the replacement source
[ 21.706]   dropped segment from the replacement source
[ 21.749]   dropped stream-start from the replacement source
[ 21.749]   dropped stream-start from the replacement source
[ 21.749]   dropped segment from the replacement source
[ 21.749]   dropped stream-start from the replacement source
[ 21.749]   dropped stream-start from the replacement source
[ 21.749]   dropped segment from the replacement source
[ 21.749]   dropped stream-start from the replacement source
[ 21.749]   dropped stream-start from the replacement source
[ 21.749]   dropped segment from the replacement source
[ 21.791]   dropped stream-start from the replacement source
[ 21.791]   dropped stream-start from the replacement source
[ 21.792]   dropped segment from the replacement source
[ 21.792]   dropped stream-start from the replacement source
[ 21.792]   dropped stream-start from the replacement source
[ 21.792]   dropped segment from the replacement source
[ 21.792]   dropped stream-start from the replacement source
[ 21.792]   dropped stream-start from the replacement source
[ 21.792]   dropped segment from the replacement source
[ 21.834]   dropped stream-start from the replacement source
[ 21.834]   dropped stream-start from the replacement source
[ 21.834]   dropped segment from the replacement source
[ 21.834]   dropped stream-start from the replacement source
[ 21.834]   dropped stream-start from the replacement source
[ 21.834]   dropped segment from the replacement source
[ 21.834]   dropped stream-start from the replacement source
[ 21.834]   dropped stream-start from the replacement source
[ 21.834]   dropped segment from the replacement source
[ 21.877]   dropped stream-start from the replacement source
[ 21.877]   dropped stream-start from the replacement source
[ 21.877]   dropped segment from the replacement source
[ 21.877]   dropped stream-start from the replacement source
[ 21.877]   dropped stream-start from the replacement source
[ 21.877]   dropped segment from the replacement source
[ 21.877]   dropped stream-start from the replacement source
[ 21.877]   dropped stream-start from the replacement source
[ 21.877]   dropped segment from the replacement source
[ 21.919]   dropped stream-start from the replacement source
[ 21.919]   dropped stream-start from the replacement source
[ 21.920]   dropped segment from the replacement source
[ 21.920]   dropped stream-start from the replacement source
[ 21.920]   dropped stream-start from the replacement source
[ 21.920]   dropped segment from the replacement source
[ 21.920]   dropped stream-start from the replacement source
[ 21.920]   dropped stream-start from the replacement source
[ 21.920]   dropped segment from the replacement source
[ 21.962]   dropped stream-start from the replacement source
[ 21.962]   dropped stream-start from the replacement source
[ 21.962]   dropped segment from the replacement source
[ 21.962]   dropped stream-start from the replacement source
[ 21.962]   dropped stream-start from the replacement source
[ 21.962]   dropped segment from the replacement source
[ 21.962]   dropped stream-start from the replacement source
[ 21.962]   dropped stream-start from the replacement source
[ 21.963]   dropped segment from the replacement source
[ 22.005]   dropped stream-start from the replacement source
[ 22.005]   dropped stream-start from the replacement source
[ 22.005]   dropped segment from the replacement source
[ 22.005]   dropped stream-start from the replacement source
[ 22.005]   dropped stream-start from the replacement source
[ 22.005]   dropped segment from the replacement source
[ 22.005]   dropped stream-start from the replacement source
[ 22.005]   dropped stream-start from the replacement source
[ 22.005]   dropped segment from the replacement source
[ 22.047]   dropped stream-start from the replacement source
[ 22.047]   dropped stream-start from the replacement source
[ 22.048]   dropped segment from the replacement source
[ 22.048]   dropped stream-start from the replacement source
[ 22.048]   dropped stream-start from the replacement source
[ 22.048]   dropped segment from the replacement source
[ 22.048]   dropped stream-start from the replacement source
[ 22.048]   dropped stream-start from the replacement source
[ 22.048]   dropped segment from the replacement source
[ 22.090]   dropped stream-start from the replacement source
[ 22.090]   dropped stream-start from the replacement source
[ 22.090]   dropped segment from the replacement source
[ 22.090]   dropped stream-start from the replacement source
[ 22.090]   dropped stream-start from the replacement source
[ 22.090]   dropped segment from the replacement source
[ 22.090]   dropped stream-start from the replacement source
[ 22.090]   dropped stream-start from the replacement source
[ 22.090]   dropped segment from the replacement source
[ 22.133]   dropped stream-start from the replacement source
[ 22.133]   dropped stream-start from the replacement source
[ 22.133]   dropped segment from the replacement source
[ 22.133]   dropped stream-start from the replacement source
[ 22.133]   dropped stream-start from the replacement source
[ 22.133]   dropped segment from the replacement source
[ 22.133]   dropped stream-start from the replacement source
[ 22.133]   dropped stream-start from the replacement source
[ 22.133]   dropped segment from the replacement source
[ 22.175]   dropped stream-start from the replacement source
[ 22.175]   dropped stream-start from the replacement source
[ 22.176]   dropped segment from the replacement source
[ 22.176]   dropped stream-start from the replacement source
[ 22.176]   dropped stream-start from the replacement source
[ 22.176]   dropped segment from the replacement source
[ 22.176]   dropped stream-start from the replacement source
[ 22.176]   dropped stream-start from the replacement source
[ 22.176]   dropped segment from the replacement source
[ 22.218]   dropped stream-start from the replacement source
[ 22.218]   dropped stream-start from the replacement source
[ 22.218]   dropped segment from the replacement source
[ 22.218]   dropped stream-start from the replacement source
[ 22.218]   dropped stream-start from the replacement source
[ 22.218]   dropped segment from the replacement source
[ 22.218]   dropped stream-start from the replacement source
[ 22.219]   dropped stream-start from the replacement source
[ 22.219]   dropped segment from the replacement source
[ 22.220] rt= 21.03s mux_pts= 20.41s frames=1226 screen=3 camera=1052 mic=488 deskaudio=493 paused=False
[ 22.261]   dropped stream-start from the replacement source
[ 22.261]   dropped stream-start from the replacement source
[ 22.261]   dropped segment from the replacement source
[ 22.261]   dropped stream-start from the replacement source
[ 22.261]   dropped stream-start from the replacement source
[ 22.261]   dropped segment from the replacement source
[ 22.261]   dropped stream-start from the replacement source
[ 22.261]   dropped stream-start from the replacement source
[ 22.261]   dropped segment from the replacement source
[ 22.303]   dropped stream-start from the replacement source
[ 22.303]   dropped stream-start from the replacement source
[ 22.303]   dropped segment from the replacement source
[ 22.304]   dropped stream-start from the replacement source
[ 22.304]   dropped stream-start from the replacement source
[ 22.304]   dropped segment from the replacement source
[ 22.304]   dropped stream-start from the replacement source
[ 22.304]   dropped stream-start from the replacement source
[ 22.304]   dropped segment from the replacement source
[ 22.346]   dropped stream-start from the replacement source
[ 22.346]   dropped stream-start from the replacement source
[ 22.346]   dropped segment from the replacement source
[ 22.346]   dropped stream-start from the replacement source
[ 22.346]   dropped stream-start from the replacement source
[ 22.346]   dropped segment from the replacement source
[ 22.346]   dropped stream-start from the replacement source
[ 22.346]   dropped stream-start from the replacement source
[ 22.346]   dropped segment from the replacement source
[ 22.389]   dropped stream-start from the replacement source
[ 22.389]   dropped stream-start from the replacement source
[ 22.389]   dropped segment from the replacement source
[ 22.389]   dropped stream-start from the replacement source
[ 22.389]   dropped stream-start from the replacement source
[ 22.389]   dropped segment from the replacement source
[ 22.389]   dropped stream-start from the replacement source
[ 22.389]   dropped stream-start from the replacement source
[ 22.389]   dropped segment from the replacement source
[ 22.431]   dropped stream-start from the replacement source
[ 22.431]   dropped stream-start from the replacement source
[ 22.431]   dropped segment from the replacement source
[ 22.432]   dropped stream-start from the replacement source
[ 22.432]   dropped stream-start from the replacement source
[ 22.432]   dropped segment from the replacement source
[ 22.432]   dropped stream-start from the replacement source
[ 22.432]   dropped stream-start from the replacement source
[ 22.432]   dropped segment from the replacement source
[ 22.474]   dropped stream-start from the replacement source
[ 22.474]   dropped stream-start from the replacement source
[ 22.474]   dropped segment from the replacement source
[ 22.474]   dropped stream-start from the replacement source
[ 22.474]   dropped stream-start from the replacement source
[ 22.474]   dropped segment from the replacement source
[ 22.474]   dropped stream-start from the replacement source
[ 22.474]   dropped stream-start from the replacement source
[ 22.474]   dropped segment from the replacement source
[ 22.517]   dropped stream-start from the replacement source
[ 22.517]   dropped stream-start from the replacement source
[ 22.517]   dropped segment from the replacement source
[ 22.517]   dropped stream-start from the replacement source
[ 22.517]   dropped stream-start from the replacement source
[ 22.517]   dropped segment from the replacement source
[ 22.517]   dropped stream-start from the replacement source
[ 22.517]   dropped stream-start from the replacement source
[ 22.517]   dropped segment from the replacement source
[ 22.559]   dropped stream-start from the replacement source
[ 22.559]   dropped stream-start from the replacement source
[ 22.560]   dropped segment from the replacement source
[ 22.560]   dropped stream-start from the replacement source
[ 22.560]   dropped stream-start from the replacement source
[ 22.560]   dropped segment from the replacement source
[ 22.560]   dropped stream-start from the replacement source
[ 22.560]   dropped stream-start from the replacement source
[ 22.560]   dropped segment from the replacement source
[ 22.602]   dropped stream-start from the replacement source
[ 22.602]   dropped stream-start from the replacement source
[ 22.602]   dropped segment from the replacement source
[ 22.602]   dropped stream-start from the replacement source
[ 22.602]   dropped stream-start from the replacement source
[ 22.602]   dropped segment from the replacement source
[ 22.602]   dropped stream-start from the replacement source
[ 22.602]   dropped stream-start from the replacement source
[ 22.602]   dropped segment from the replacement source
[ 22.645]   dropped stream-start from the replacement source
[ 22.645]   dropped stream-start from the replacement source
[ 22.645]   dropped segment from the replacement source
[ 22.645]   dropped stream-start from the replacement source
[ 22.645]   dropped stream-start from the replacement source
[ 22.645]   dropped segment from the replacement source
[ 22.645]   dropped stream-start from the replacement source
[ 22.645]   dropped stream-start from the replacement source
[ 22.645]   dropped segment from the replacement source
[ 22.687]   dropped stream-start from the replacement source
[ 22.687]   dropped stream-start from the replacement source
[ 22.688]   dropped segment from the replacement source
[ 22.688]   dropped stream-start from the replacement source
[ 22.688]   dropped stream-start from the replacement source
[ 22.688]   dropped segment from the replacement source
[ 22.688]   dropped stream-start from the replacement source
[ 22.688]   dropped stream-start from the replacement source
[ 22.688]   dropped segment from the replacement source
[ 22.730]   dropped stream-start from the replacement source
[ 22.730]   dropped stream-start from the replacement source
[ 22.730]   dropped segment from the replacement source
[ 22.730]   dropped stream-start from the replacement source
[ 22.730]   dropped stream-start from the replacement source
[ 22.730]   dropped segment from the replacement source
[ 22.730]   dropped stream-start from the replacement source
[ 22.730]   dropped stream-start from the replacement source
[ 22.730]   dropped segment from the replacement source
[ 22.773]   dropped stream-start from the replacement source
[ 22.773]   dropped stream-start from the replacement source
[ 22.773]   dropped segment from the replacement source
[ 22.773]   dropped stream-start from the replacement source
[ 22.773]   dropped stream-start from the replacement source
[ 22.773]   dropped segment from the replacement source
[ 22.773]   dropped stream-start from the replacement source
[ 22.773]   dropped stream-start from the replacement source
[ 22.773]   dropped segment from the replacement source
[ 22.815]   dropped stream-start from the replacement source
[ 22.815]   dropped stream-start from the replacement source
[ 22.816]   dropped segment from the replacement source
[ 22.816]   dropped stream-start from the replacement source
[ 22.816]   dropped stream-start from the replacement source
[ 22.816]   dropped segment from the replacement source
[ 22.816]   dropped stream-start from the replacement source
[ 22.816]   dropped stream-start from the replacement source
[ 22.816]   dropped segment from the replacement source
[ 22.858]   dropped stream-start from the replacement source
[ 22.858]   dropped stream-start from the replacement source
[ 22.858]   dropped segment from the replacement source
[ 22.858]   dropped stream-start from the replacement source
[ 22.858]   dropped stream-start from the replacement source
[ 22.858]   dropped segment from the replacement source
[ 22.858]   dropped stream-start from the replacement source
[ 22.859]   dropped stream-start from the replacement source
[ 22.859]   dropped segment from the replacement source
[ 22.901]   dropped stream-start from the replacement source
[ 22.901]   dropped stream-start from the replacement source
[ 22.901]   dropped segment from the replacement source
[ 22.901]   dropped stream-start from the replacement source
[ 22.901]   dropped stream-start from the replacement source
[ 22.901]   dropped segment from the replacement source
[ 22.901]   dropped stream-start from the replacement source
[ 22.901]   dropped stream-start from the replacement source
[ 22.901]   dropped segment from the replacement source
[ 22.943]   dropped stream-start from the replacement source
[ 22.943]   dropped stream-start from the replacement source
[ 22.944]   dropped segment from the replacement source
[ 22.944]   dropped stream-start from the replacement source
[ 22.944]   dropped stream-start from the replacement source
[ 22.944]   dropped segment from the replacement source
[ 22.944]   dropped stream-start from the replacement source
[ 22.944]   dropped stream-start from the replacement source
[ 22.944]   dropped segment from the replacement source
[ 22.986]   dropped stream-start from the replacement source
[ 22.986]   dropped stream-start from the replacement source
[ 22.986]   dropped segment from the replacement source
[ 22.986]   dropped stream-start from the replacement source
[ 22.986]   dropped stream-start from the replacement source
[ 22.986]   dropped segment from the replacement source
[ 22.986]   dropped stream-start from the replacement source
[ 22.986]   dropped stream-start from the replacement source
[ 22.986]   dropped segment from the replacement source
[ 23.029]   dropped stream-start from the replacement source
[ 23.029]   dropped stream-start from the replacement source
[ 23.029]   dropped segment from the replacement source
[ 23.029]   dropped stream-start from the replacement source
[ 23.029]   dropped stream-start from the replacement source
[ 23.029]   dropped segment from the replacement source
[ 23.029]   dropped stream-start from the replacement source
[ 23.029]   dropped stream-start from the replacement source
[ 23.029]   dropped segment from the replacement source
[ 23.049] EVENT stop
[ 23.049] EOS + finalise
[ 23.049]   dropped stream-start from the replacement source
[ 23.050]   dropped stream-start from the replacement source
[ 23.050]   dropped segment from the replacement source
[ 23.050]   dropped stream-start from the replacement source
[ 23.050]   dropped stream-start from the replacement source
[ 23.050]   dropped segment from the replacement source
[ 23.050]   dropped stream-start from the replacement source
[ 23.050]   dropped stream-start from the replacement source
[ 23.050]   dropped segment from the replacement source
[ 23.203] bus EOS
[ 23.221] REPORT {"record": "/tmp/p135-mixf.mp4", "muxer": "isofmp4", "frag_ms": 500, "offset_mode": "rewrite", "counts": {"screen": 3, "camera": 1093, "mic": 507, "deskaudio": 512}, "max_gap_s": {"screen": 14.12, "camera": 0.175, "mic": 0.28, "deskaudio": 0.043}, "total_excised_ns": 570526664, "mux_buffers": 1278, "rebuilds": {"mic": 1, "screen": 0, "deskaudio": 0}, "recasts": 0, "mic_node": {"id": 162, "serial": 2945, "name": "proto133mic", "desc": "proto133mic", "class": "Audio/Sink"}, "desk_node": null, "delays_ms": {}, "screen_delay_ms": 0, "delay_mode": "probe", "levels": {"miclevel": {"t": 23.05, "rms": [-36.5, -36.5], "peak": [-33.5, -33.5]}, "desklevel": {"t": 23.05, "rms": [-29.0, -29.0], "peak": [-26.0, -26.0]}, "mixlevel": {"t": 23.052, "rms": [-29.6, -29.6], "peak": [-23.1, -23.1]}}, "level_counts": {"miclevel": 108, "desklevel": 110, "mixlevel": 110}, "level_max_db": {"miclevel": -29.3, "desklevel": -29.0, "mixlevel": -26.9}, "last_mux_pts_ns": 21279473336, "preview": "off", "preview_rate": 15, "preview_frames": 0, "dropped_repeat_pts": 0, "preview_geometry": null, "alert_mode": "mapped", "alert_lead_ms": 34, "alert_paints_ms": [], "layout": 2, "events": [{"kind": "layout", "n": 2, "t": 1.0476577219997125}, {"kind": "live", "feed": "screen", "t": 1.1922134710002865}, {"kind": "live", "feed": "camera", "t": 1.1923080300002766}, {"kind": "live", "feed": "mic", "t": 1.2027759090015024}, {"kind": "live", "feed": "deskaudio", "t": 1.205816469999263}, {"kind": "event", "what": "killmicnode", "t": 8.049228256000788}, {"kind": "dead", "feed": "mic", "why": "pipewire registry removed node 148", "t": 8.131613342000492}, {"kind": "pause", "t": 8.131671151000774, "rt": 6943551944}, {"kind": "swap", "feed": "mic", "t": 8.351784540998779, "unlink_ms": 0.1, "to_null_ms": 1.0, "null_ret": "success", "remove_ms": 0.0, "configure_ms": 80.4, "relink_ms": 10.5, "total_ms": 91.9, "link": "ok", "serial": 2945, "old_serial": 2690, "node_id": 162}, {"kind": "back", "feed": "mic", "t": 8.401878029999352, "dead_ms": 270.2, "attempts": 1}, {"kind": "resume", "t": 8.702246856999409, "gap_ns": 570526664, "total_offset_ns": 570526664}, {"kind": "event", "what": "sh=./micstart.sh", "t": 13.049228195999603}, {"kind": "event", "what": "stop", "t": 23.049235948001296}]}
